ph,Hardness,Solids,Chloramines,Sulfate,Conductivity,Organic_carbon,Trihalomethanes,Turbidity
0.505287688119832,0.3712945800574009,0.04803984546695323,-0.7918086890458887,2.0523079147508723,0.9251830468830025,0.565242368401965,-0.36539347949762374,-0.17745664020537089
-0.7094332074866867,0.9350836488352774,-1.0160803923128716,0.8509166403229016,1.6177768266444914,-1.501693295666197,-2.169448216673508,-1.5814035193536684,-0.48650157997150895
0.9290483862699547,0.9807103371987301,0.8081922888665247,-0.5857141838170109,-0.019215885440184117,-0.8181371987690657,0.08540401872987374,-0.3515734614565755,0.5472018030989961
-0.22772780009995205,0.6712477566774585,-0.0018529616939436154,0.030737708261721147,-0.019215885440184117,-0.6779545953435289,0.7748608094045737,0.5016230124602241,-0.09155431598693853
-0.39024209521082037,0.17667328042109154,-0.5481560947625378,-0.571875045560358,-0.19617735343408343,0.6654785056253466,0.6864384883233134,-1.2638264625894018,-0.5447458287109421
0.4494615075854866,-0.42841306745514907,-0.24828211686451973,1.0870022344929609,1.340681801600095,0.7553741883462725,-1.6401357405983352,-0.5247459590311104,-0.5543061746974899
-0.20709228740085825,-1.291644718484583,-0.7264622086859202,-0.6455812420190337,0.2556620430012488,2.1014070822813364,0.8634318737941228,-0.6357774360789108,-1.2256427985383183
-0.134018191250484,0.4284632168417802,-0.8665538076225667,0.0796294933209162,-0.4696714321910806,1.7609205540024928,0.5114187218220567,0.2818785999984903,0.16471444243168737
-0.030568906206873525,0.6911674340963224,1.0454685010208684,-0.21516812541143499,-1.9285308599377686,-0.20320073663565277,0.5874502624981233,0.2968758948307118,-2.5495831387199566
-0.030568906206873525,-1.0632170632547702,0.8461618501424377,-0.054765598471079174,0.4598833209522585,-0.6442134584345195,1.6656441337977679,1.3002689570136572,-0.6103682780452397
-0.030568906206873525,1.148349408342098,0.6061851495910856,0.11325824948791184,-0.8810824235403757,0.7766170079010632,0.5309721628880876,-0.48376295751070625,-0.993905940254953
-0.48088337273530724,-0.47689899251259604,-0.5006815829562069,-0.40322525627791395,0.9374419365971637,-0.20183954551156244,-0.8113313221746161,0.02541508728800678,0.7233157385065923
1.0746013726224952,-2.504122964604553,0.18571450843257273,1.012532481017389,-0.020494990982079103,-1.3502705163322863,0.6936869323820358,-0.8420597042864179,-1.3817195291706768
-0.030568906206873525,0.5840260775317674,0.393968858982446,-0.8312959002439837,-1.8675454243529535,0.01772450815179751,-0.7337158098409041,0.31667552447884645,-1.0763774337603735
0.8202895712115394,0.0009573933501123113,-0.31869216490645785,0.15103684314160265,0.25303212239065354,-0.48159497429510906,-0.03679132667939566,0.444691950560102,1.8773618909816057
-0.1918041401953261,0.048896156115515926,1.5979691016908701,-0.04037028378365234,-0.019215885440184117,0.5261158653195064,-1.0267507295139324,-0.4869837435141309,-0.5154620483535303
-0.36197937822104176,2.514880375518998,0.4133521803071764,-0.22952094219307997,0.9136760864004827,0.857621522801361,0.6949279303699011,0.8332803028253097,-0.463887944546047
1.0119490482057267,-1.112513291985553,0.20495007919249156,-1.7695951577388462,0.7319106884299575,0.773482733481671,-1.5915301029462448,0.08307140891011777,-1.4981617636093163
-0.09407058653978465,-0.7105541796682672,-0.20280404024897716,-0.26215789432058,-0.019215885440184117,-0.6602200107965355,1.7187125484828027,0.02541508728800678,0.7554544257171217
0.4519416690474792,0.7090666096387607,1.01863352296144,-0.20368887946309577,-0.019215885440184117,-0.28276375107380836,-0.45934190260352475,0.26642739916821095,1.4488787934141052
-0.030568906206873525,0.8059819308794026,0.22734180932517825,-1.2721163399223068,-0.019215885440184117,-0.5579983232477523,0.4803891317556993,0.006720272255360913,0.3350345908586935
-0.9332542249494856,-0.2892626277869847,-1.1068705561524135,0.7330864260488738,0.49141358612167685,1.8471517799689974,0.02576321076788659,0.02541508728800678,-0.8068484690801193
0.5721818401367319,-0.7098566565129848,-0.96289241749842,-0.10536339036186844,0.6348022837864765,0.5369297474629354,0.6690393774164003,0.11627002589373336,-0.7683430534061786
0.4519637591945447,-0.3356638101739864,0.9931594537286611,0.5781408528169955,-0.019215885440184117,-1.402351709968653,0.8676266738817136,-0.3984713416015709,1.5815320770486045
-0.030568906206873525,0.28025661098442683,0.5887913356711748,-1.927825507229917,-0.9814149540681036,1.0853931463711979,-1.5823121771743054,-1.1483300975389137,0.12001049176507894
-0.030568906206873525,-1.5553275530205828,-0.9891184584575244,0.49413672603947056,-0.8216495632091806,-1.5930780274444118,-0.46821721785075743,-1.0528931671451784,0.039847135555343575
-0.030568906206873525,-0.7687620406866237,1.9774670626046178,-1.5046782284310019,0.5706687071253833,-0.5712513836501639,1.8020281818615869,1.9791122140351003,-1.4884503095623451
0.6700761712559686,0.5606810405361972,0.6033982520063129,-0.4673087289681234,-2.2161248853142475,0.7706136979567064,-0.5503471712720052,-0.048433042904685246,-0.8327039055018822
-0.8053796135201592,-0.9618063631070216,0.1294867044307277,0.2629555463920738,0.634473037544288,-0.32343337377103254,1.2411797628426882,0.8840058298570951,0.39350537207599967
-1.4720517725936608,-0.15487240407543598,0.1755180170670836,-0.16184701063148144,-0.019215885440184117,-1.377682761635309,1.2163555539080757,-1.4393883052662495,-0.46215498956387546
-0.030568906206873525,0.7497155651703772,0.5257385782347238,-1.355028332446575,-0.019215885440184117,-0.48125074428130726,2.0670407098589876,0.2597488512786889,1.1556113057031316
-0.7867971023733727,0.12381863992806348,1.3036508972200482,0.19618006162088275,-0.019215885440184117,-0.3455836922567668,-0.14407627709014578,-0.17102999620670817,-0.11448737383292583
-1.5797743571327267,-0.4036400111687997,-0.03649497679115839,-1.4916450181671819,-0.019215885440184117,-0.2962087154578425,1.333614038141123,0.04736839837675764,0.7293305044051465
-0.030568906206873525,-0.17135508978665753,-0.1400542846656442,1.9132486860572189,-0.9501760794327807,0.5331479493695699,-1.5312077458075135,-0.3888518273053372,1.275795386931999
0.7941073806732352,-2.374780483221363,-1.6144992334518369,1.2557661344703137,-0.019215885440184117,1.8699480368441714,-0.38578098018599466,0.42042178483727766,0.1574443187516619
0.19242800073032465,-0.33184655788822187,-0.64162348594197,-1.1253526393856084,-0.46512373339544305,-0.10697615776630592,0.5314169124376649,-0.09406130700267264,0.5572087083997366
1.1897498316487345,-0.20058156114964976,-0.9545170526916666,0.018515792738620165,2.065224388877773,-1.1047227175791707,1.2957706145636776,0.02541508728800678,-1.1804260040193242
-1.1596003413199734,-1.3118604249676733,3.9938392942888012,0.48640739017857626,-0.019215885440184117,0.8151977150561915,0.25585765046626774,-0.53516017337074,0.2569068091129747
0.5892720502317855,0.5070434454175357,-0.5843710427836528,-1.4828943877609508,-1.1413567830988118,0.6209301672986084,-0.02514562312963909,1.0061964169842714,-0.49776303721515486
-1.0056305320386412,2.0854916866655078,0.9102317747100857,-0.06368940857724378,-0.019215885440184117,1.2639439645620312,0.533217282850363,-2.2994515944647542,0.11954227503016655
-0.12129653628536044,-0.7160848596304394,-1.320339389954792,0.20041427297850578,1.1880458814182595,1.3679375117376167,-1.1744074874799344,-1.862466927240621,-1.2024097230947894
-0.030568906206873525,1.851449698567538,-0.9273043328682501,-1.2711723891872342,-1.199547735957356,-0.5314495240256472,1.049412905782968,-0.4945158156306006,0.007067746795760512
0.8410879788783348,0.7584514443976692,-0.6581954095541126,1.4756502187456395,0.3976791376594997,0.911400321570365,2.392957131886696,0.5826056545501896,-1.555473519105178
1.0180022624239917,0.5704887485903365,-0.6975374792337622,0.26043342934308994,-0.4639964375096316,-0.8413093166640973,0.20386991200087695,0.8421653233204981,0.03633202270228724
-0.026922722589737966,0.07840251039779214,0.07049783185271498,0.5236114420384642,-0.019215885440184117,1.2796604130249882,0.12688971496699017,-0.49084284546261203,-0.05366119158653089
-0.030568906206873525,-0.4545200259605581,0.6722788817418944,0.296142457244341,-0.9810588098081564,-0.1270834013097755,-1.712004963080615,0.42799229232023533,-0.21259165779647832
1.8577678639134454,-1.7591024706569822,-0.5787156238019215,0.42254895903077083,0.7523846732649769,0.12682073985184,-1.007788202061886,-2.002693665475899,2.005166880066885
-0.5436994626485219,0.26361954199912374,0.46637725544350617,0.8140105686751535,1.377388890195222,0.35374612452559023,-0.0964900382215752,-2.112772069362062,0.8019157840945076
-0.9491103416277133,-1.285593530182448,-0.4863909497034619,-0.2826407262706948,1.5546841862489693,-1.2787616779050326,0.9344414385103589,0.07870665384985644,0.11839929240497744
-0.030568906206873525,-0.24467836648857672,0.3223574076001754,0.008229363879435785,-0.019215885440184117,1.5771070507740537,0.8151072791515558,-0.6411802424258767,0.45874301437750803
1.9283398881144613,-1.1161790632704574,1.1693785178973872,-0.629706054437472,1.9742578007243397,1.4000644862304479,-0.8272060140839753,-1.271668160828527,2.0262722026549422
1.6037000386906737,-1.6159980631306583,-0.1328019297536411,0.3650838597046751,-0.019215885440184117,0.5170681443971281,-0.017284950809278575,-0.005469203296212733,0.5605466725112263
-0.030568906206873525,-1.8162643241625893,-0.14775855219836576,-1.9733706775564785,1.6537714849563883,1.1429201942117235,1.5099895920051702,-1.021669875128736,-0.8605089680942043
-0.03879243097647932,2.0840235157695655,-0.6747450741389327,2.401530926134928,-1.9792077918960573,-0.18789989056552897,-2.7177323377059213,0.6243678286787973,1.2793296050962304
0.24556659103206635,-0.4032337012394555,-0.5284293567073293,-1.567386574489978,0.05124923356171222,0.309896818396714,-1.387114453039984,0.9101148704414003,-1.893684507123063
-0.5175322879323954,-0.47669317815584145,1.6430614143899125,1.7788251904608614,-1.6058298607418715,-1.4855669581929178,1.1906198288630974,1.736926862114312,-1.692729093318397
-0.1961596629502354,-0.632103671288984,-0.047967104562627275,-0.009467922367288948,0.43397156345512883,-0.008354455284228124,-0.5205671385220942,-0.6908750413000317,-1.48218553101936
0.044785164109661525,1.292282691575207,0.7869294897529002,-0.1890867005196245,1.440989234809249,-1.1847904833027845,-0.9646970242435136,-0.0016656350867793092,1.5493698553403104
-0.23884129493221667,-0.2855559511945498,0.5124195479159336,0.8388811388054158,0.1129529964942715,0.7545011952555805,1.0367492342989026,0.6944909648471949,0.7946805506403785
0.20175931219929694,-0.8510437182004904,1.7472347719153636,-1.8333805258142717,-0.019215885440184117,0.14082827282734037,0.4940189279190785,-0.17916781899144385,2.298881457943775
0.32527842678069424,-1.2276167121254944,1.249693627562454,-2.3795858672857233,-2.111366205451366,-1.8619147242414038,1.0875480207627433,-0.22867064642895865,-0.8735174575547229
-0.012325793614163616,0.44652766872373234,-1.2088719875345264,1.0944905360811414,-0.9338220253770759,-0.919398730525648,0.7958364598881985,0.08945934331521986,-0.019910645738672638
-0.23144123412302264,0.026160476319298163,1.4630863358625479,-0.7797023123147483,-2.0067144676997524,-0.46793586145182564,1.0574208472819635,1.5970071092457319,0.5201887271083341
0.015916552038969058,1.6262984613228568,-1.9938078552226604,0.685089708161667,-1.1231554821110672,-1.9705701409747591,1.259205827019894,0.14626494525876474,0.5683346406459525
-0.030568906206873525,-1.1570993084152814,0.4934725294628804,-1.8935338837007794,-0.019215885440184117,-0.9028825340426779,0.5260966622473988,1.2141249425581635,1.3283639824980742
-0.030568906206873525,-0.2956596455741121,0.46999949129642343,0.8613133128437566,-0.3609306199637765,1.312449972641731,1.7043127139220717,-0.746595946324029,1.5000532542422365
-0.030568906206873525,0.2553166239736825,-0.9821285202415471,1.2367646211498424,-0.02550918172357805,-0.7689311279950377,-1.7242003970057298,0.6422174584660734,0.37778053989459587
-0.7079772299483381,1.5375343699146993,2.009598420592891,-2.4525344070027777,-0.019215885440184117,-0.8640919367820761,-0.313532130527916,0.7750778635158312,0.29871165784768783
-2.3455156597435787,-0.5261866103640309,0.7645322729059838,-1.16953105954708,-1.1407691514446368,0.9014166252790986,-1.6130007565781126,0.7089978681094781,-0.8000721981464187
0.3007514715386482,0.05619725219427403,-0.1996517552158265,0.03833398367396255,-0.019215885440184117,2.1641252989499193,-0.15143682785846094,1.1811161027186934,-1.1059441544684228
-0.33813202702966966,-1.0161726993294562,-0.44646934468325933,-0.35916499886356373,-0.019215885440184117,-0.5534691572872646,1.1595550911333032,-1.3948581731010772,-0.2575311703506067
0.36178420817331736,0.7885465122162866,0.3625778338502651,0.9035888443479604,-1.2647688435157196,0.9557790809670748,1.2139292055308106,0.14127634838381334,-1.4105752870708081
0.19254801580802516,-0.47969090225548305,-0.16637226300032482,-0.28242646827800477,-0.019215885440184117,0.11706247384854687,-1.3949239747603697,0.1817837017408418,-0.9284144583281225
0.7806086448575492,2.385152343802746,2.130390126422241,0.008630185560827454,-2.5482962060852303,-0.1265582410066232,-1.3541152844737303,0.8379298442342088,-0.45450376309200397
-0.669907748891262,0.10802423048022992,-0.6260393346147543,-0.4529745032283947,0.8900993699702261,0.20435801932913686,0.5331593149516981,0.38863192074490294,0.42070733895057993
0.14108482109550194,0.710182128118673,-0.43416019926459026,-0.6915899962361706,-1.5578584443865395,-0.2638266746068788,0.5655559881716027,-0.7907004629296892,-0.6017964744780956
0.4775044924257876,0.6209357398191889,1.5034130089081041,0.41768400655414134,-0.7487431383837752,0.23788013513519543,-1.111429173294956,-1.8548563211942075,1.0884287026611221
0.15888674097763303,-1.1587997331458124,0.14454571184155357,-1.85940671266537,-1.5793756516537119,0.10628439700364563,-1.0263120338803853,1.3771469896331314,-2.2470618998242697
0.7874195110962032,0.4994482099804558,0.28851102285062274,-1.0647123423166234,-0.019215885440184117,0.21797116554128923,-0.5651897265345703,-1.1146917086326542,-0.3687652393063854
-0.7026605037975644,1.043944490639124,-0.1837867519808684,1.4037251912065383,-0.7726672963347,-1.1662795175378493,-0.5093821575720208,-0.6878403640401776,-2.252073775567565
-1.134512984012959,0.9213697139273427,2.697115417138346,-0.028880194611345493,-0.7217449037921088,-0.09627146835560275,2.326342308640809,-0.4630521755404315,0.15050491815350378
-0.13848518297371706,-0.17395203506876314,0.010385861935691054,-0.9292581846308929,0.8297715581289713,-0.9728328957764093,-1.432374536568496,0.14225392712111629,0.7325854227726701
0.06235682526685812,1.6457869338168172,0.06199270627518884,0.36356699464644093,-0.019215885440184117,0.43064168299752875,-1.9264190292202843,0.8569683000552311,0.8317854270358539
1.021475250962337,-1.3119763191284504,-0.21894698388331005,0.341059499651517,-0.5764570830205027,1.1478363171636206,0.15438747426862476,0.5042643805546049,-1.3979064181003733
-0.9717588868583567,-1.76121043276364,-0.6065290233495623,0.4637483324611807,1.5669098076742938,-0.11581373108296196,-0.3045366243998397,-0.005580343177087334,-0.13042346704165966
0.2857286631288963,0.4432592482793674,0.20773083940475412,0.02011122603450644,-0.019215885440184117,0.7034306611855556,1.1557360650718342,-0.8356580686663939,0.6161216569691929
-1.9237318608512637,-1.427522330109262,-0.1587321412420263,-2.4048925529347893,-0.8542798532079218,-0.009911197873754373,0.5504414239309268,0.1289578565371973,-0.4940855251185263
0.7290041283222701,0.2858121346873578,-0.710871942348122,-0.06687358065459799,0.05114810803750654,1.5776229340591728,0.17852277387626106,0.4178161318217127,-1.5046261903766822
0.05751495099435084,0.5050832046576832,1.2403880628863686,-0.51548330916284,-0.019215885440184117,0.7786797013532495,-0.4821004431340434,-0.5009900909040449,1.3130345023301677
0.15623939166957132,1.4807461266462916,0.04447805635990501,0.3747601662289725,0.9734990280196125,0.609422097496084,-0.5454052081787666,-0.33924637190950113,-0.34141400455697785
-0.07375264173546661,-0.3252652897313558,0.6932652297758928,0.06138413215149612,0.44091904225004575,-0.17112047026020227,1.70215600649456,-1.8987440005046516,-0.9580114522259422
1.7218219398800632,-1.2132847092672236,1.3776849860399594,-1.549385081923217,-0.019215885440184117,0.7100515355970578,-0.9784471743548913,0.02541508728800678,1.2665954203644267
1.3793281692921053,0.401109289466278,-0.5718534876119599,-3.135671368403108,-0.019215885440184117,-1.6509141922155561,-1.8836697789787908,0.25495345180533957,0.2729371419318492
0.24853625298740945,-1.4018701468889652,-2.0231771861314316,2.162116945920208,3.940740705312634,-0.8938445687921155,0.3275831433321183,0.5443590313375489,-1.5739417728241816
1.000708442111597,0.40334174258956734,0.055855305908850315,-2.79056231250295,-0.32056121064576815,-0.1759861097280839,-0.3871365418741901,-1.4674648809735424,0.7923866596244865
-0.432386708488829,-0.9158531143168408,0.3388460925281991,1.486007368867714,-1.2795564407024198,0.6371506692475047,-1.084874385999737,-0.03223256368915461,-0.5407342969937046
0.5131055841184277,0.2037474437225161,-1.22325393066517,-0.544031355265952,1.6870656524313081,-1.1081990850508492,0.6079798230895092,-1.1545389106554014,0.35977558900214385
-0.49858725430930356,-0.2999540567457316,2.1895648865663584,1.5718374275862645,0.8478779758055369,1.0976057507033439,-0.8291910618310697,0.5640295982127808,0.5159818868527208
-0.49185381724126465,-0.1650343172919503,-0.8112478510160561,-0.6016044930028589,-0.019215885440184117,1.2358682216214163,1.3927369748609593,0.2192206339572793,1.5999811399766692
-1.8973949778871004,-2.2221936646753133,-0.43952970177071693,0.929964701339428,-0.019215885440184117,1.4909311713678766,0.4278269358844755,1.6271710137438893,0.8232650315385053
0.40762013141558007,0.2745536101464941,-1.6459056100084815,0.04096923263141755,-0.019215885440184117,-0.40381480434146894,-1.9280110839047664,0.6467724545430658,-0.3265871229834332
-0.30046913358000443,-0.4809514406822271,-1.38330187987608,0.7377634547208012,-0.019215885440184117,-0.331215293376581,-0.5070552683851118,-0.323733196409312,1.5256140980611077
0.4104711371178551,0.7678020619232154,0.40964123240525374,1.750314292360931,-0.019215885440184117,-0.6809966973888769,-0.6730413628293679,-0.9037276802320322,1.0350516881634657
0.7745440597532047,-2.465682418755513,0.06595009821938293,-1.3233423491754952,-0.019215885440184117,-0.24164155375411409,-2.2876539552297728,1.572226684881024,0.3494819806035938
-1.2697629431130757,-0.1186578087767559,1.4039308698970219,-0.833693494362146,-1.402178469100921,-0.5867836707244851,0.4839354853127917,0.9076726920485256,0.6149025790649278
-0.030568906206873525,-1.0873503539016849,0.4219273468781352,-0.19979055925402095,-0.019215885440184117,0.48887744849708487,-0.05072336637278318,-0.8759315429195832,0.6926385118274051
0.19914805553623177,0.7313898765124989,-0.4888066054791277,1.4447156273170356,-1.6440570631323184,1.522696862513497,0.16799729603317431,0.07225544473900153,-1.0141864787252535
-0.21224434688987354,-0.512230283123599,0.21750039640167737,-1.1159213409292519,-0.01577543337002081,0.41536235857374326,-0.2170416251690533,-0.35416899584064954,0.22048899223544222
0.17707228686130877,0.41671368526621433,-1.036445676692129,1.0950750220669925,-0.665433574671615,-0.18793529309848214,-0.5714645017202514,0.46535451390544474,-0.07003792774948289
-0.030568906206873525,0.49597822677393394,0.4268356472376813,0.9217641149846141,0.13507912063966787,-1.2067769791734346,-0.9769318297671292,-0.10716349556303252,0.31459241907243113
-0.030568906206873525,-0.9139679926189239,-0.8084380652999282,-0.19669682906461441,-1.768244580582555,1.3397174387437454,-0.1315071803600342,0.7209874576032511,-0.6908339680853693
-0.3858780569684322,-0.8367179051801882,0.3725942963845886,-1.5654689674752988,1.1549402918258929,-1.6291134121394828,0.2475676345209605,0.5009800115216787,0.5514757478948301
1.2115239198146726,1.1370711333338013,-0.2669161128841412,-0.3735654573520562,-0.019215885440184117,-1.7608589002842279,-0.35785749257851107,-2.602705336398454,-1.9188938898661023
0.833673963241567,-0.592876288928786,-1.5341490734256007,-0.818830712042755,0.05801934370667377,-0.8183091683072088,0.02627987938658483,-0.9648863203997174,0.6247529269619476
0.8378979087263664,0.2937939269839567,-0.15134598742070748,1.6912165377622672,-0.019215885440184117,0.6316261695796282,2.2659508011474134,0.876907258107368,0.6258231820948255
-1.1053628634647819,-1.3525003058090994,1.7962314489099056,-0.8335543794435739,-0.019215885440184117,-1.0441119622849215,0.0391147833811764,-1.5865097099010679,0.644155788081667
1.1311616965925275,-0.5243715834946155,-1.3922246950325767,-0.3372501634123786,0.958745193971115,-1.2872106268100736,-0.10550130137870128,1.2420672895647615,-1.4501398696843182
-2.4971313435341838,0.3333175482051589,3.104053997731558,-0.9061951195076134,-0.8775983573625039,-0.9439887773867064,0.5202286331280284,1.296515775771363,-0.32301850762780854
0.6446224233526602,-0.0970967269149016,-1.6182476525572793,-0.6436393669724062,-0.019215885440184117,0.1609216587809802,2.4976112052812995,-0.2632505242766333,-0.6320764276500117
-3.4668157935648543,0.6116546258650833,0.13144590779836218,-0.21708135384925753,0.2827698584539081,-1.07301664875357,-0.8417957988665499,0.7959050749570603,-0.06497038296794821
0.2795650719526068,0.18194802692998477,0.5324354262073661,0.002758174395156473,-0.5751074090093212,-1.5021964582835865,1.130311808819467,0.07546319399682423,0.48802368871476215
0.13418299712384962,-0.05025715692367013,-0.4130831240959879,-0.6219411452874665,0.3066593407717255,-0.31202006028156437,0.3601465990625138,0.6853308840267391,1.2273507245757227
-0.21851055316230478,0.6629379905973132,0.07452327255421828,0.0500795461477179,-0.8029186539884798,-0.5611525428309311,1.385346351683175,-0.7819628415795127,-0.42785648571843765
-0.1591660728263373,-0.5728118155768346,-0.613396785998182,-0.6061312997676862,-0.6864078448115346,1.4220138901992807,-0.49948336601007354,-0.3333350881828763,0.9428322833328308
-0.030568906206873525,1.010216609164919,1.5803760774482773,1.0597693341358987,1.4125074927094663,-1.6251201864181535,0.8053447089011156,0.02541508728800678,-0.15147584493362917
0.2175981650426244,1.8846559527227018,-0.38283327724066457,-1.012688792107878,0.1675236991812952,-0.9051035290952822,0.21428429811097044,0.43338779616744305,-0.22899269741022782
-0.030568906206873525,-0.38309008040550296,-0.9735574204581271,1.339842586892526,0.03644214885784052,0.4884357398876423,1.6108337956707763,0.8814404433274785,0.5604699737487059
-1.9936664625725948,-0.6617561592389595,2.238021595192144,-0.967214513312207,-0.019215885440184117,-0.03294032263148182,-0.5275376993457324,1.29933037298168,-0.6042243118129293
-0.06448773457188696,-1.9333688407384686,0.006459380589488618,0.9139275729294777,0.20619220965207835,1.3389781407147696,0.5776680496798763,1.6175367450922167,0.34916849753381557
0.2268281036664555,-0.002099940352283715,-0.5049670346048342,-0.504821402239416,0.590547214448923,-1.5690712995216942,-0.3321267857822778,0.91440249663229,-0.8762914448784899
0.602492802427984,-1.378390815220136,0.3866605876126563,-0.006453584447139812,0.5119198062728889,1.2328483322528563,0.46114196415577147,-0.8799191149809948,-0.7469950265549218
1.23608609267382,0.7886698107610464,-1.4862428276693997,-0.6911061261583825,-0.04877531545952308,-0.03322680798953006,-1.0391606065813181,0.02541508728800678,-0.3497042464935416
-0.46413174936710233,1.6379401245001128,0.01929385679161121,-1.390721772695081,1.1516875660648156,-1.1571466091242426,-0.0371281022938684,1.9545160010749059,-0.01953260234880344
-0.030568906206873525,-2.042123805534737,-1.4821242097577763,-0.18041070421404362,-0.17162755160789508,1.2024075216705967,1.0269268732734156,-2.1516298881186118,-0.1687641567884418
-1.260994102004321,-2.1268806424039814,-1.5962593157478413,-0.2216714210652765,0.04670592184645966,0.5859071730269347,-0.4695870973509123,0.8393804371122674,1.4922879615147753
-0.6058140214598402,0.8553739917093762,-0.7602229219889513,-0.7737613065133494,0.9034527365266047,2.7418067306047864,-1.2182368088607551,0.3556566085955629,-1.2130469794167127
-0.6021478064027571,-0.03302537571334079,-0.2919326344260011,1.2484692815600391,0.2512359397329771,-0.029816236257609204,0.8919251656834997,1.1999497775543007,0.2855389714580741
0.6705431430205842,-0.6864610399108183,-0.059575027669254606,0.23427252436362284,-0.5131027602010726,0.8538834222376291,-0.8664378134171838,-1.2633547098754858,-0.27863727918770015
-0.9391363584663476,-1.1364860283190288,1.1519523306209234,-1.1672841368658626,-0.019215885440184117,0.9122558372865538,-1.90074680572066,-0.6518473111654806,-1.9961469481482599
-3.0403839758573685,-0.2364802326666868,1.474028326341656,-0.20008762914222983,-0.019215885440184117,0.4962959313610995,-0.3343433622833031,-1.053721349320542,1.0143930604147684
-0.030568906206873525,1.0175608873006798,0.06353777926876916,-0.8844669720466046,-0.35274480056764124,-0.480486267442811,0.3728263097195099,-2.021132936462184,-0.1571769594108059
0.33461535944663784,-0.720546089937108,-1.490278603512056,1.53212870243534,2.8298794476030733,-1.508511618063864,-0.9900529733224337,1.6664894956690464,-0.0685662985837789
-0.030568906206873525,0.9268600813485004,2.061427775557857,0.9245973149502827,-0.019215885440184117,1.3679500679025782,-0.16019342833058114,0.02541508728800678,1.1402236201893745
0.9789370214783283,-2.0917639246329194,1.156624339162384,-0.6614623892519681,3.4411814848231437,1.5596904544953358,0.5168382030371621,1.3492402486608737,0.22223460646665474
0.1442631691666726,0.17799428101856912,0.0004121065596793022,0.32045781187495087,0.16724870292896968,-0.601096237103329,-2.00786559370121,-0.1356888764102188,0.3381998053401398
0.8225829538992349,0.4575923566828986,-1.2164300295649744,-0.45709238087570586,0.747285831058388,1.2007257101693336,0.25056253681471113,-0.20037422249174694,-0.5040535146413422
-0.7339620407035771,-0.2953100303123703,0.07612800173203893,0.7977413622393736,-0.07051916547718924,0.20975578869084857,-2.975175692361243,-0.013271312697189137,0.08066859965368045
0.36103525460506813,0.37684419794498963,1.4443759423730558,-0.9479819079889307,-0.8827812016453789,0.5291650738592358,0.42360555232685276,-1.9502851988112502,0.920842594485951
-1.015177036439001,0.7445783303693,-1.5022948382930041,0.7539705396224632,-0.9260284155911884,-0.18791059823297862,-2.364769623905319,0.9164940053640872,-1.0358511560656305
0.29098958779550693,-0.7360010304631738,-0.40639347897711925,-0.1304797952389502,0.48714567180354984,-0.6282188641756885,-1.0905822213048477,0.1702009395775671,-0.34706988075683504
-0.7332596567791668,-0.01587083235809766,-0.6566964186515064,-0.8934855841851436,-0.8774347664128672,-1.1244723083252939,-0.6931010670815295,-1.4090319456784772,0.4377445162918573
0.530884066997271,-0.443707693860113,1.4504425622378438,-0.5807095113217795,-1.2847622198173105,-1.7631297391741887,0.028183344507084734,0.5524292127441986,-0.6075519337210273
-0.515076550762288,0.9510185057922874,0.294010169630785,-0.5343802815893138,-0.019215885440184117,-0.34559456404676925,1.104368362841151,0.3157807980487191,0.9941658510470656
0.7937325544607282,0.3264130261166769,1.0495438735943927,-0.6379340630440192,-0.027700464575014915,-0.7276391441968296,0.9894694065934643,-0.705042580196325,0.5889231907508367
0.4769634467677241,0.7760501078231276,2.123171265404088,-0.6068264571634955,-0.8678089502168419,1.6780782444882778,-0.7644855781858788,-0.9248162841980625,0.8052415763314085
1.212740957252718,-1.9884370030486997,-0.5085913944953913,0.3272286201481861,0.1756438978229872,-0.35158268871797405,0.7401473185210917,-0.7959780701450271,1.2577640457141668
-0.030568906206873525,-1.1092004004090248,1.8162709651309867,1.2732776676539448,1.5597043757231024,0.17386061120521126,0.6608930588383627,-2.837417980302821,0.6001040416785067
2.202371544711521,0.6357668515309747,-1.2800867035988743,-2.2958369912380583,1.7661216216837967,0.7944140215191231,-0.4429716706276117,0.3873792908029445,-0.7260164863932114
-0.9852958044304827,0.22094165391856072,-0.29025100650090707,0.5825425317827503,-1.8886025106266109,3.4636872011491744,0.4488927323038859,0.1919667587196494,-0.5919017708364687
-1.2588791630901088,-0.6069844462951968,0.6946243686924166,0.3012157861837996,2.2121442195341476,0.15371029000018763,0.04577756353189064,0.4225517159679459,-1.1896673569656377
-0.030568906206873525,0.09345877444907155,0.3901421019427906,-0.7252231464931899,-0.1279758853540163,-1.7338766862956252,-0.1476346649442972,-2.0505560005792876,0.20416308649992865
0.17219490590242334,-0.21674962479692006,1.1954724747266117,-0.4815666375147212,0.20913281902361178,0.774875971522892,-0.5264886619423623,-0.2902046935631528,-1.7069856646716874
0.45928135849836627,0.43516078189805607,-0.34606735308015835,-0.8897349220831466,1.1790176528775598,-0.6455482877727761,0.13224333345921924,-1.4478367790088933,1.4798990632995124
1.0217378343061667,-0.30397653862579777,-0.14812638078026547,-1.9964662116680474,0.8932615720398431,-0.5388735961132125,-1.296550702521386,0.03353706467679863,-0.7502427972970961
-0.8057086258145172,-0.2870604986151788,1.738916084344481,-1.5733373117136138,-2.225033694999689,1.2758599455177055,-0.8685116012082505,0.7042844905902839,-0.40263056986259155
-0.8617828339186886,-0.38273009131530666,-1.344516136234272,-0.36235205052295777,-0.6712407882219059,0.1690158397483362,-0.8600187783173223,0.7183194002553559,-0.32345408602837805
1.3955592366447165,2.1520361365536442,-1.3654117028576,-0.6907172341428953,0.5074215706898183,1.4196622100216327,-1.000788851137186,-0.0241825543064165,1.0223890071054238
1.077909782008896,0.31878221979925403,0.8749581734088467,-0.679264798221052,0.14525685455495677,-1.2134808831715145,-1.5573254128541563,-0.15188431344558118,-0.36470613252242806
-2.4010326518384897,3.8797859658068923,1.950270401233219,1.1314881463740287,-0.019215885440184117,1.0731351753914449,-1.2477313760873339,0.31253719551672937,-0.009983022999644113
-1.6192746510798257,-0.03579424502279319,1.521785896288653,0.5020411121845326,0.041669498829712576,1.3783647746153773,-1.3410337638394907,-0.09137536095378357,-0.6304065093356838
0.8137570930166925,-1.0163456220189817,0.014374385526105433,-0.859040968929656,-0.7204845579556267,-0.9426181518843518,1.7551615667487959,0.7812175172571565,0.9581687654274225
-0.2927837550917708,-0.18353071287380376,-0.6504175791705434,-1.1641664555970368,-0.019215885440184117,1.6840490917172577,1.2652878134180379,-1.4785135502020423,-1.1389537697957024
-0.030568906206873525,-0.7958797996464478,-0.49401448118143704,0.7529152728851416,0.4284449991557333,-0.6604854864235606,-0.9962564982532628,0.4772672418731706,-0.329563587531187
0.5347292071165086,-0.3557272953851498,-0.655489732868418,0.1282002213080651,-0.019215885440184117,0.963778524714772,-0.964794637763239,1.3857878886634754,-0.30141799722280416
-0.2561858655954739,-0.44102537173099393,0.27731058439741135,-0.06664295728794983,0.20878803108753435,0.6378684380484403,1.764574376733426,-0.7750220409661784,0.320562916270493
0.1235717885535733,-0.5096623384555578,0.351285258978246,-0.800090009975184,0.427818906430985,0.9053307327931536,0.9147588649514047,-0.9606857732396353,-0.4324805873207071
-0.0831260278328024,0.6962332962470582,-0.19095128746952375,-0.03894454746448342,-0.7486314011032956,0.042689728120263885,0.9570629974198064,-0.6160447625945485,0.7869367471268587
0.4161394849326549,-1.2667369784462745,1.6772576325583262,0.35922209153445606,1.9707751669687328,1.3465457783937302,0.589282132608173,0.722996248763866,0.08807409885090996
-0.4524249402891988,-0.12542676716763765,-0.2943453971970274,-0.16952856608421693,-0.019215885440184117,1.258081396483651,0.530565123283592,-0.22991045488241396,2.690645051565979
-0.030568906206873525,-2.684652577036727,-0.8462390842469597,-1.0746040033364146,-1.4510783263227578,1.0418653935381637,0.22484075825396813,1.2985593704808145,-0.10024514586019935
-0.4786456740400208,-0.5825918592250793,2.209865684034503,-0.27921561006803136,-0.019215885440184117,0.7276831116563773,-0.2372464152342271,-0.05052854436774443,0.2407132267868077
-0.2711112832571385,1.2868435305169934,0.48457776928520313,-0.5077838619454554,-0.6771525167147672,-1.2590101992425513,-1.8612386289675447,-1.2713293910806527,-1.30356736839319
0.8465476167464718,2.013324272833343,-0.0679617797714038,-0.024653105792651772,0.4569794649473041,1.3700564276656753,1.0351927593741408,0.39129843998586833,0.23071204246093635
-0.11449975950145194,-0.530382023369318,0.42519926656808005,0.06776343598685226,-0.4080078300093616,-1.5985168321288983,-0.7323675244222965,1.784160691184255,0.8239731303715067
1.6929707153633786,-0.7173847331908776,1.929498855075491,-1.2298105797242012,3.069367871883055,0.7969477537680225,-0.41521357936997794,-1.1197218288560788,0.28728314518830267
-0.030568906206873525,1.9712316114920723,-1.1513848619758296,-1.1605948369802048,0.06267672527017472,-0.04766480415389265,-0.5927898402642746,0.2557576809635985,-1.4838731060093613
-0.5613297798849937,-0.6950526874997456,0.4074022637033211,-0.5523883294023473,-0.019215885440184117,0.6685412759341578,-0.01141699172923758,0.28748456084271073,0.28251614549397885
-0.17933789738483943,1.2487534514184844,0.26057241017048327,0.9942057341663244,0.4417000925069579,0.6068097108952802,0.6982330156955957,1.6958629946717523,0.385744839778197
-1.3885784265592511,-0.06486545904835835,-0.29131448408987676,0.04903501827196032,0.15077338643787774,1.0860387336841617,-1.075286356367765,-0.3188176135026072,-1.0854062848437271
-0.22629293726191607,1.6517400208082218,0.30275325280318544,-2.9509873527719845,0.6751494388729021,-1.094438546324812,0.32905920381833603,-0.3909257944035426,-0.7643389162836426
-0.9740081184597629,-0.9037507925828576,-0.8380698435965791,0.3871285609086157,-0.019215885440184117,-0.9900551024317016,-1.0870888702575978,0.5777750065418092,1.7895840037370037
-1.1429923975191605,-1.709446144845135,-0.5276596852239788,1.83905380391152,-0.14936784455765434,0.555531122686514,-0.91517597688291,-0.5846203859569573,1.0907600535161908
-0.2533286836289985,0.0847202556355377,-0.508392916947649,-0.19164070950758008,-0.019215885440184117,0.3313616956146151,0.09543764931292084,0.963393435320302,-0.19368781417609723
1.4240416441429828,-0.9448935565743346,-1.2067177079051867,-0.31115446021554555,1.0705442101984366,-0.09251075112451156,-0.27897318865917675,0.4312066612412753,-0.368354150776273
1.201968262560368,-0.24840506867625128,-0.47418482649326116,-0.6620081307216734,-0.45872293444023887,-0.105281807224558,0.8624923863404473,-0.3744108088424026,-1.344211803003623
-0.31616216490510685,-0.5295549960600869,0.5143378495050933,1.371428839057103,-0.019215885440184117,0.8457815286178901,-0.4509017128821746,0.7660756231535156,0.6147971033346766
1.4770295672240963,-0.3701583411095416,0.09831783485747868,0.17843386977666026,1.1382688217457846,0.10599386050918966,0.34291598381523214,-1.3535402159395458,0.02891145087231234
-3.0770850094921864,-1.5025443457369299,-0.06525833249304358,1.2670290518429597,-0.5993912859296889,-0.26620871491255443,-0.8352931724037216,1.0836510388950669,-1.4823563315222195
2.2498239611036133,0.13393095398786492,-0.44593348213677314,-0.794826972366968,0.14434619441245833,-1.1323119585732833,0.014161902417710082,-0.2537748081852606,1.2145168580830341
-0.030568906206873525,2.5347174589484576,-1.1997310274093205,0.9192099413115093,-0.5411961941005049,0.4907083460596672,-1.0293633577704868,0.1779883138275467,-0.9196540510229738
-0.3476663812374384,0.3741977259219771,0.8261337286002705,-0.21967671239309622,-0.16760449718879425,-1.4806899319861802,-0.5802441881270896,-0.026226635681560723,0.2959733930678134
-0.7276776080499493,-0.36658599182419865,-0.679058854872345,0.6559823272648406,2.421149185671246,-1.4010668757635718,1.833135767620301,1.1109021200475013,1.1452350307374366
-0.030568906206873525,-2.0419008358964654,1.4303676340283824,-0.49685777370457174,-0.8069312967503525,0.5240847316971167,1.3127338643767528,0.3950864911559227,0.5534568408827188
0.5033600400372605,0.8760254137706789,-0.6261522587765094,-0.014417238114908798,-0.5686455269098187,-0.18172745410031607,0.33461952438197906,-2.1201920318141556,-2.014174386164879
-0.672717601224517,-0.13483218718765666,-0.5261332969196576,1.1324437512544376,-0.019215885440184117,-0.18124078132628782,-0.4650940458158556,1.194430449492346,1.4121332471610377
-1.1486024889994255,0.04585567090057921,-0.22694229781239417,0.4545979884545487,0.4190594885102181,-0.10011196358169788,0.1043028398755487,0.9120896653953227,-1.2751418894844044
-1.1123538064036946,0.14889400964947136,0.6979613078389655,0.0579041111539306,-0.06023419904765968,-0.7762948411323372,-0.7536446801154589,-0.013917154089345064,-0.03434166006719057
0.37869052883119725,1.299825892270159,-0.42836478568279257,2.4830367068451182,0.49101482708336225,1.0756206034087152,-1.7097687192987856,-0.6687374990084314,-0.8214324903255655
-0.2865720502635998,-0.43305623185556213,-0.5776358173473264,-0.028183532106240368,0.6107546033466278,0.08332219592165387,0.7115806853480984,0.20566703383327745,-0.005181045629997746
-0.4430628443427548,0.8915398166506623,-0.7183466775679463,-0.6022145745756937,-0.019215885440184117,0.4711395154986695,1.1355380768132102,1.329724889997299,0.2704466990542508
1.5237689672906727,0.08619708462658608,-0.8670299327478934,0.41814501303754087,0.8910493240598946,-1.105600148423267,0.2859765960332276,-0.17558545098465447,0.19924261105548907
0.0556344785527809,1.2813624275179076,-0.9370739580874135,1.3495136636703169,-1.3624877665615425,0.6283473455274285,0.7777952740006592,0.520461415994613,-0.08178625189896097
-0.8522595417073757,-0.1690360223162717,0.4538795345755394,-1.4338042105509352,-0.48977608160378294,-0.7112286361276613,1.240659500561367,-1.108537102281758,-1.0185346029115765
0.0868171334026087,-0.6654817993456658,-0.6955199615117333,-0.10151940847580823,-0.019215885440184117,1.5776961736188402,-0.030816961094708,-0.3567000694778009,0.4119575470418509
0.6819815542529319,-0.3244843940040871,0.7443785884589967,0.30586907045635187,1.3246807432875367,-0.3121011175270912,-0.4375364458093027,1.3180794622268253,-0.7694222839786191
-0.16585871011153808,-0.9125501347240617,0.27460433876405854,-0.1595626184618196,-0.024514476631403576,-0.45856482309745805,0.5261815877128923,1.3258175137743355,-0.39370878374325546
-1.2609623556854896,-0.5884262982324039,0.7433388105756443,-0.5140016503580783,0.06964531462615715,-1.2298337375429649,1.271375195968197,-0.25889025433391327,-2.197189178047855
-0.030568906206873525,0.5538472686846473,0.017177021965057968,-0.5733480177440222,-1.0910618915801114,-1.179355605878712,1.273327121482642,-1.2739239404524856,0.3393422181612509
-0.150140179042629,-0.5348215602717871,0.6484384890087057,-0.7697750813901998,-2.937442142207468,-0.4487443746245467,0.12070056939669194,1.0958311687019286,0.6770082850048152
2.827760752771545,-0.5492956047957046,1.356981702848456,1.2175007267776405,-0.16889021127383988,-0.02530402902927224,1.1266998187769524,-0.4545089881545746,1.5038229046364153
0.5339757112864899,0.6629266485720091,0.13217637389355139,0.19741435005887847,0.4458590589501468,-0.1674407331458599,0.1557218554339323,0.4080261570663813,-0.49711925857643074
-0.030568906206873525,0.10410764627365639,-0.7481421638281311,0.6104233093065873,-0.840275716399983,-0.3498206006127766,-0.7436445469835242,-0.5029099901588018,0.6519885241777914
-0.46858991539270856,0.5055547912718293,-0.10533721906732224,-1.0887399199825958,-0.16890174602855842,-0.723822087217614,-0.1561410183160338,-3.055218698427847,-0.06412960181289179
-1.3109466732795163,-2.7329080399098946,-0.3165343037784145,1.363269547027185,-0.01953624498343708,0.3703977343033201,0.9626794558660859,0.7240571204331777,-0.28693156035971096
0.6388952270398978,0.03875892416478145,0.1388892311289765,1.6001467368026827,-0.2990727312031086,-0.3976013299969989,-0.28367938928277475,0.17007479526792707,-1.0065521981865082
0.7948138572675242,-0.030071900415810697,0.7351881719558506,-1.0870349703011666,-1.4502067042304563,1.9867367651853332,1.1542133233828535,0.29309958383533957,0.9605927239973481
0.36344937084649187,0.5261894293307513,-0.48979825941641836,0.6347788167390482,-0.019215885440184117,-0.5415724948378258,-2.7977073802014063,0.2956440316989881,-0.686799327106457
-1.9369513524170212,-0.04737089890181754,0.033989649059124306,0.0002796062707070112,1.2166193451699687,-0.8908960804619372,0.1779358608381146,-0.2626591285843373,-0.5871757087402626
-0.35154333227495116,1.3718498536778612,3.9313541463864454,-1.0949956082294725,-0.019215885440184117,-0.1494980783875983,-0.7951647826502625,0.2832600513529899,1.6908213023688847
0.1570282776267252,-0.3280171465952711,0.011611625148212802,0.8262809173494845,-0.019215885440184117,-0.02944569415306041,0.20482137465176048,1.4950298396022794,-0.5062287714008707
0.7466465623285854,0.42682531461133166,-0.37243155189766575,0.09713472635829738,-0.019215885440184117,0.34612895319015874,-0.007520617089985881,1.251635553611462,-0.830747504122089
0.6534277718369229,0.16206403157909516,-1.1447837584913512,0.05250286964267525,-0.9211150474405344,-0.09102661263023917,-2.1554260430072754,1.5575680388416182,-0.9646886837268668
-0.237274138733261,0.9992822551776339,-0.7798113608991869,-1.2490064580140685,-0.49378981384002757,0.19823195272757138,-0.14871548582789176,0.6401571811144495,0.2777534232533332
0.20493001472430497,-0.2514886821419623,-1.0923815526298724,-1.0149684172161917,0.2613881171877976,0.5855306246440338,1.078331957589265,-1.7620725696527266,0.47290184605275803
0.5448882588802025,0.9035144656319029,-0.27415688408345046,-0.5677527274249708,0.6229323105072192,0.5492912855281206,-0.6910028458523457,-0.7051065032874625,-0.5047452024136334
-1.4523487099166956,-0.7992252556243911,0.1270381160666902,-1.6777864119541015,0.18979005114188166,-1.0042658594268272,-0.3022204357436159,1.1642919609815825,-0.24515102469179875
0.7376808427540005,-0.0400941428987228,0.6310293851246925,-1.0656483245760737,-2.816662189782015,1.257482032467524,-0.5604822126050241,0.24225750917107652,-0.3854103175143726
-0.030568906206873525,-0.466388620148967,0.19713964160825045,-1.0390601978922955,-1.4203471641768695,1.0259540289261757,-0.08923935895483533,-0.8778256805287642,-0.10218171941577618
-0.11388097442434221,-1.2497234727014643,-0.4469848566030395,-1.3759705730166376,-1.5970943136562261,0.14497018225000421,1.2463798520354203,-0.6748192140669838,-1.7451234588135915
-0.030568906206873525,-0.09563031516478633,0.9982022797255165,-0.1518492889013216,0.2325061129000498,0.030641271446662153,0.9630320618440497,-1.0309326836942796,-1.3595786542111001
3.0902360212353943,0.2209381983979881,-0.7747763674349919,0.43782994437788386,-0.019215885440184117,0.23637401847559933,2.2329528180247937,-0.2762467768234921,-0.6430652106331045
0.08018736428381248,-0.8543850254004569,-1.0418296588589302,-0.13682285202750036,-0.019215885440184117,1.7093494472381934,-0.5567973748012793,-0.026445423916658956,-0.1663297593283885
-0.40888429907268575,-0.47690627491644705,0.7167722411013501,0.027344664304023606,1.0388210344023991,-0.7120620962930825,0.8100394730435799,0.02541508728800678,-1.1332900540713655
-0.08614138552917303,0.20304685278672388,-1.1736064565666906,-1.0135778375956295,-0.8138878627869713,1.5226737597506008,-1.4821180691987923,-0.646290122965464,-0.4126116331821385
-0.08961608058123263,0.8798537453906664,-1.714173548180184,1.8766616202939657,2.629807523620602,-0.5107451999070802,0.4770912700858281,-0.4236481213705851,0.15615251876692743
-0.030568906206873525,-0.1521846661825405,0.06554200379135615,0.6691389632339262,-0.019215885440184117,-0.9633374783565292,0.9024994761792422,0.6714357368455928,1.6489738983806845
-1.5532210586845796,-0.19017522510259044,-0.06939835975805886,-0.5803056736202404,-0.1925387038260422,-0.8708895439866899,-0.7763865514096525,-0.14572258845110664,0.08295396555021457
-0.030568906206873525,-0.014375255468447394,0.0035853899590406924,-0.24146734399765546,0.7157654347452947,-0.32355178791793515,-0.016211312358269964,0.7244954692722325,-0.02412013143123372
-0.5997228891422645,1.5309182978860687,1.0825531367303594,-0.5612642944253101,-0.019215885440184117,1.2243538294304372,-1.1377071431598142,-0.25575155365808533,-0.5121943670306927
-0.4506505072192456,0.40395339105352895,1.1516225337215944,0.09197678701432192,-0.34192277812789074,-1.71096684455701,-0.8809853242723603,0.02541508728800678,0.30318690359889994
-0.31445268672476606,-0.6815583512215763,1.2967567507492008,-0.05889944808970819,-0.2098096837028324,0.6426015246103338,0.49945811927212963,-0.3688248043712282,0.8043756672520604
1.2182975458660834,-0.09655946704333651,-0.5747530131008785,-1.2109817407260164,-0.42548824544179564,-0.8951735954649391,1.444050157660525,-0.46574569248365194,0.2678284931113096
-0.9464383743845506,-0.45772547483896336,-0.4908180029939635,0.07636936229212647,0.46957555354901154,-1.0179310509611998,0.533251591899525,0.02541508728800678,0.7936459587999998
1.0009466208827769,1.064247039744095,0.802694804382776,0.441653484100255,0.9797200193519604,0.053991178943518535,0.6048562144661973,0.44231426391044715,-0.257495212116731
-0.030568906206873525,-1.584529922266722,-0.8427359350949487,-0.8113443849053195,0.5475565964193219,-1.6931813174254082,-1.6173483300763771,0.09010760046581966,2.497841147771015
-1.557725669249015,2.2125887612505197,-0.45963664038906066,-1.6022046065386775,1.1998996630013568,2.2356935442782895,-1.0517287665449435,1.1105410681364227,-0.9163417241175152
-0.030568906206873525,-1.1009326685184053,3.1098346723457913,-0.48281010554936327,2.090362787631957,-1.2355532274584815,0.04090503155457314,-0.09620927625200439,-0.8794811341374408
0.6247809097668198,1.3630838848592222,-1.4018855839970905,1.704896301334273,-2.8759696596054494,0.011942825595992149,0.21779375600197504,-1.6667702337182686,-1.72679744935119
3.285264714389207,3.1128787487800773,-0.5486015870597795,-0.7738809575754486,-0.019215885440184117,-0.3408577209789133,-0.06352232023687471,-0.11371155102036878,0.3622599007673874
1.0587702055734678,0.20963484102883084,-0.9380641317596328,-1.5969291167875348,-0.840756280896525,0.5769521887631308,-0.5791747706332327,-0.2131457126510867,0.5481231823315169
-1.8580950419118292,-1.195393561382284,0.28132853322241236,-0.7183871884405125,-1.2896938252231438,0.058402944489557934,-1.0939198251950073,-1.3851987350157953,0.6010418430819603
-1.5072133499017821,-0.6883036694160941,-0.7610742638905266,-0.798756485396287,2.1603385270509543,-1.1666062382067464,0.301548078857197,0.17489670342411962,0.0015248073507443058
1.4301221687950139,2.368662737094863,0.24584962248950062,-0.13219747310197175,1.7825605819982233,0.6185568509005233,-0.26863269739963425,0.33516630101960093,0.6791625993036018
2.5435909325484,-1.6864827725929825,0.2399882882207813,0.5289239105831159,1.5353121600997455,-0.8190429293217106,0.19296262791164062,-0.5698884696536729,-0.49082901436373766
1.960313509089739,-0.8150281566932623,-0.69109872544307,0.017226958887010292,-0.8830568927029434,-0.482138717331226,-0.21503580060673413,0.3438100326076569,-0.6911673881697039
0.9213967184127283,1.334818251958447,-1.2633266489455677,0.8146750897177493,-0.45455988141439735,-0.0215079054813797,-1.8797679642494374,-1.0697834169095837,-1.0331673715478626
-2.3129109638083003,-1.601384629468003,0.5524619446931913,-0.6386077141879485,-0.019215885440184117,1.6838099477380357,-0.18860526518049178,1.6549151543608625,-0.10345160653327541
-0.11986289337969369,1.9001898660673608,1.5490938882138987,-1.3978140850947276,-3.519878805185864,-1.3504936388877289,-0.09435736093788434,-0.018849152552007097,-0.1357860279914941
-0.665283863250082,0.2904621628922531,0.17340894726738287,0.5913394243272003,-0.019215885440184117,-0.5883085997133201,0.37005135801042943,0.18657732869876195,0.3934714683037827
-1.0181009403690513,1.9831460568880195,1.5288816219032837,-0.3263122217372929,-0.019215885440184117,-1.8445551209952913,-0.21461251133196432,1.0834807944935108,-0.13282058614871417
-0.465196012932676,-2.1460894109566713,-0.20235734733108612,0.404884804991857,2.5837723684234177,0.09097653204795624,-0.7254610299601061,-0.7918590466990835,0.6051378508211914
-0.10854514560716029,-0.0061727312371270575,1.982444306675636,0.8614731312164016,-0.4523256112829577,0.736311944391233,0.12898037108807414,-1.545739075595883,0.6729558553580983
-0.3423643669938379,-1.2349747455007867,-1.0408217323831024,1.6533310622002284,0.2202546295934644,-0.1105099186787368,-1.1803907244884995,0.7687865240202568,-0.259511493583885
0.4185641710079603,-1.308890642269092,-1.1747969300456942,0.5861974734274918,-0.019215885440184117,-1.6093243715212586,-0.4142639064507548,0.4764626448609862,-0.9932200264165715
-0.11643586573090668,-0.3547676457154744,-0.5620584368498708,-0.44530716755563526,0.48512221810694106,0.07950694833567108,-0.7463128616023694,0.7096549143952567,0.9230619113284303
1.7066297499809782,-0.020952816268166127,-1.2029778142975058,-0.5309141821798387,0.9014601361387197,-1.2865822947206775,-0.3654487541843245,-1.8243986068480684,0.8884135236494919
-2.243523023650537,-1.1849961175695354,-0.17163959530836373,-1.5318393063668272,-0.9307686850110126,0.0558020684169351,-0.4767436164864358,0.02541508728800678,0.5491734739899886
-0.4252758246028337,-0.6079053564190243,0.29457088294813494,-0.8502217970316515,-0.5236138065056054,0.6136970499033497,0.5985477178133588,-0.5341006763525008,-2.153762611944628
-0.030568906206873525,-0.5137406201388836,0.43558996576256026,0.10691501191436996,-0.019215885440184117,-1.4435334355641005,-1.2240754831663814,-1.5253754077194612,-2.96591004688051
-0.30726323129690913,0.5738232899529786,-0.4371483996147884,-0.11543800614944762,-0.019215885440184117,-0.6605940534866951,-0.8045263471776982,0.7457145218456666,-0.7286707132078774
0.069063088153684,0.40159907921384086,-0.764044708873235,-0.7015280617080664,0.1260503973688839,-1.0602534184260977,-1.926661540962702,0.34026951908612385,1.4292320513765824
0.4102029957278127,0.4640618170270677,-1.0463882103985653,-0.27770164109691,1.3021497387311407,-0.8378819895279156,-0.02955710584989105,0.2396959142222586,1.3721258252779727
-0.6083824475158286,1.2109150814217862,-2.3621935146759805,-0.6106198272952297,1.113069953652537,0.10281125152047521,-0.9645006548690587,2.1283119550044622,0.1492985364958702
-1.9452111170531339,-2.32783459215233,1.4251548283151159,0.5281867502360407,2.1477439944064556,0.10946404577215675,0.03735038700156055,-0.09896533420099687,0.3908386897820767
0.7041093382843732,1.2249656837784706,0.5415515237244002,-0.5313482351907584,-1.6196550481862266,0.853519608653799,1.3094341312753517,-0.4971443598846557,-1.6908477624417337
0.03820553639303555,-0.3045562039047288,-0.27236922181774154,0.6123305300806369,-0.7822333701745762,-0.8894115447499921,0.41639122292823894,0.4889289080252073,-1.7939026256445043
3.51607947123617,0.6388672849521141,-1.206827963818916,0.8435710288720966,1.1627362167388982,-0.9917759678998698,-1.3684252322290016,0.4855596930688643,-0.5646539249620383
-0.06302938864874463,0.8431608773788575,-0.9571381560421348,-0.7787671469520239,-0.019215885440184117,0.6414271378227021,0.5002167259938278,0.4369162867387299,-0.13264644861215913
0.20923428044444695,0.5446336949132071,-1.1638414463531073,1.3492384473553296,1.151994192193796,-0.8786783918778469,0.2766367380145999,0.8907449879211193,-0.18355115056329346
-0.8076450162285871,1.3100432370233595,-0.1554388676511307,-0.47957612851383996,0.2066463992493346,-0.3002444856415134,1.4232632556160598,-0.14678318418682232,0.5343790101339331
-1.6710521928928588,-2.313241659639672,0.1248717791525036,0.7384457934583586,1.056264187077513,-2.067874559576477,-0.3697607522007929,0.024639799447581136,-0.7043543939050334
0.7874540529755851,-0.19800299963943263,-0.21381321294350655,0.7935722967190901,0.6161334344098772,-0.6207188409104935,1.05227111055377,-1.8015520225400112,1.237291746844256
-0.36865730487367215,0.5660802765504239,-1.0912518675715877,0.11490885250983757,1.5470192380943444,0.46259202639197633,2.3716140035294364,-2.636211177908851,-0.7017699064017553
-0.030568906206873525,-0.6377973308979895,0.4642339523176702,-0.5547765412033728,0.3437925606726055,-0.6008426347351457,-0.1929121995034672,-0.9861566504842333,-1.31042761905122
-0.4725930612825164,1.0715918143328484,0.5559039840661364,1.0369499011636545,-0.019215885440184117,-0.07226332528057583,0.6949127216414964,0.44935416132872635,0.9073827691247016
-0.2224052410738842,-0.1390630015789344,-0.41846914235887095,-1.998473364323066,-1.0370936979900924,-0.4716936347590686,-1.3906833166797812,1.6498819438252146,1.4467363886734532
-0.030568906206873525,-0.05254849039753815,1.2665697301185386,1.5250488261489068,-0.019215885440184117,-1.7437821248912433,-1.170185278247134,0.36352113043275597,-0.9511782845249457
0.7967681971747738,-0.3719016353888088,-0.030991132453648366,0.03150353892242128,-0.7892052317397451,-0.1849628210872179,-0.1460584420210024,0.35680780122413486,-1.7547891499130825
-0.030568906206873525,0.8958612750028215,0.7200353900783883,-0.7652266745686531,0.8951849778837747,-0.11915417706390506,0.920559487745741,2.3903064586144436,-0.15110058509250587
-1.7125170296110264,-1.3365394637177506,-0.9587851357025087,0.23988435242790462,0.13290922877532513,1.1886089789233822,-0.03906191872341509,0.18058857077218157,1.0912635643614157
-1.192857630866126,1.1222217607771525,-0.9485081501074081,0.15388479255806753,0.6252009632614146,0.13144522503886968,-1.2812669398631429,-0.6922453539056713,1.1305384771271185
-0.7156116690676705,0.8934330105877023,-1.1123585973854915,-0.6192276418452667,0.8885640162844818,0.9291711603579725,0.41844182925230256,0.45821537922293365,-1.0660161499818044
-0.2568257323364973,0.33097664317981496,-0.5299058706468409,0.3700977665389514,-0.8076211846242999,-1.218977567999059,0.5899912808749815,-2.3610229287614923,-0.6803436963284634
-0.030568906206873525,0.7349056232369636,-0.24451559083448773,-0.03563627211507288,1.0528209989313198,1.3378258535203869,0.3127188645838676,0.11001694147834709,0.7475662456600755
-0.6417385921422292,-1.370961483446706,-0.1514394584497838,0.8577653944557311,1.3907653703947438,-0.7944973063283453,-0.1696128709269372,1.9261733824072476,0.9366939198576503
-1.0831006088651145,-1.860732570019625,-0.04600301800223825,0.6698628357677032,-1.467501191633711,0.16576741967065226,0.17825881182191064,1.4008812000505901,1.400939426779167
0.553480669073394,0.7301995119686256,-0.8498979671897112,0.5760392993172935,-0.9279124050284383,-1.097881945113399,1.259402523557175,0.053491555930575696,0.15839337760208988
0.7332702124744523,1.220404614070558,0.6899793159115475,-0.5708161057987258,-0.23312027202756225,1.0338998004480098,-0.2703821070583911,0.9196064590364131,0.6352885285229656
1.0062460547166816,0.538942642097409,1.9272488720174945,-0.31787965116693917,-0.655679759632606,-0.55967500404262,0.4927971318806577,-0.567844960334878,-1.7728261941704817
1.0305756795161034,2.2524835030556902,-0.6960593667708186,-0.7528053557405732,-0.019215885440184117,3.0229348261428557,1.7935216452266936,-0.7094048448287713,-0.5188341499948452
-0.4548628939513728,0.03567268012913137,-0.27205432802706525,0.7167584912562622,-0.019215885440184117,0.1005906083822379,-0.41585444549591577,0.02541508728800678,-2.272647508289537
0.223900034198476,0.25867420528832274,-1.406865734286947,-0.3817833786616556,-0.6159960051996871,0.9419459993971434,-0.8315082197105707,0.946200559713633,-0.25809208912638365
-0.13005260592485055,-0.23290868697137326,0.6256762859659245,0.554641447774665,0.5992079121737607,0.4625217686245263,-0.5751496178210314,0.5666179807752763,0.6902773483611125
2.046110834169933,-0.20803367649490415,-0.49272719306784807,-0.13861380833163925,-0.019215885440184117,-0.1393179401623498,-1.4548192916388984,1.6924702561066811,0.4618590909468562
0.8157693823319773,0.11159149983466958,0.8556170815310934,0.0835044582206811,-0.019215885440184117,0.3528407281509667,0.2693949309627693,0.2642258732637344,1.0176192017633774
-0.9610637325146754,1.0237824299036267,-0.5633617940538844,1.0369182454391648,-1.1094763639055827,1.5594618420057988,-0.005489766945018277,-0.7426226903061226,-0.43651859433535417
-1.1681291698762846,-0.509000659771471,0.5889021028561628,-0.3724448331108692,-0.6155890666880895,-0.23469321197720064,-1.385962173191506,0.8434829411683417,-0.13126255163552977
-0.030568906206873525,-0.030028046492084147,-2.0261112703655897,1.7363910174054407,3.5525043852937723,0.09270412311637563,0.4773506448199853,0.02541508728800678,-0.4625313682187063
-0.7593560017526033,1.364022303376169,0.03199929376375309,-0.5680380214153721,-0.019215885440184117,0.7241099938609152,-0.33366801329671414,-0.09150776078007807,0.9266141561246167
-0.030568906206873525,-0.7769852055766934,-0.1684985314267946,-0.13762097163818104,0.9224538650132583,-0.9100086946425036,0.6463858188842215,-0.18404285386891855,0.0066009257022707005
-3.20048177053293,-2.0427159853388472,-1.165042990351293,1.7877411223584414,-0.8926487439641199,0.9390347299320572,-1.6782763773278284,0.6424909494874463,-0.44164038674701095
-0.5960976612953013,0.48375953985655856,-0.008334089488287415,0.4738399366650638,-0.019215885440184117,-0.8131618061443355,0.20033150099251484,-0.14504177836038845,1.5917933167229774
-0.12318675197156974,0.4019306952558259,-0.7382420576551613,-0.14475057737303862,-1.1098139402794105,-0.3843478319880703,0.42445802559449985,0.027417789046513298,-0.3657133286602883
-0.030568906206873525,-0.5271198780552312,-1.9196116566212185,1.0140757820250847,3.3586558920493452,-0.4394271919536766,0.7787174328576004,0.6382437955162311,0.5431351697184977
-0.17852712239511845,0.6992204897995637,0.6462963840345787,-0.5117476501727443,0.19784830189038402,1.2701873309422167,1.581969497606875,0.15225505736574735,-1.1862323696524133
-0.5113251588435005,-0.13619704053569856,1.3047851799143766,-0.04147543241338709,-0.019215885440184117,0.7640028367684841,-1.4292701111727595,-0.531342279839278,-0.9073757523660314
-0.6158954735985104,-0.10703976495402237,0.1276682611025614,0.6141353719754953,0.17896135273364805,-1.616284298526628,-0.24198838788853136,0.7700559464054008,-0.44922821798514245
-0.5444725169652247,-0.6322172476561351,-1.176643962495832,-0.03525960456480483,-0.019215885440184117,0.029732955683587324,0.425388806518674,1.3041823036548374,-0.8910589328838012
-0.5559965758395233,-0.32294501514445795,-1.9102738724724722,0.4303097085186845,0.12215729664816183,1.7592400723986874,0.09973173450036373,0.02541508728800678,0.7961315033018246
-0.754923586924988,0.1907572961918079,-0.22101639690756295,0.47261778695388007,-0.6232961269147546,-0.19618501055958087,1.3226647989679015,0.4433827371032797,1.332360139568451
1.146313344503572,0.4391623552586877,-0.674781460748236,0.579763183441545,-0.13828278196795754,-1.2834620887157793,-0.6506083420029667,-0.4036920692702774,2.328980842670049
-0.030568906206873525,-0.02096913714462775,-0.8362661918557271,1.3756922454585092,-0.019215885440184117,-1.7083661733200728,-1.5438246887012783,-1.052686017336345,-0.021495887455412924
2.3305488221787947,-1.6166389804828147,1.0769247294425113,0.38284887063333284,1.9096131312097613,0.7821755404253405,-0.6883957070978155,0.600129114368871,0.9069337890130738
0.12313208289878666,-0.22808845277665657,-0.05673445864518745,-0.33741387534124595,0.6307752087353916,-0.46498641837638954,0.036066200745035706,0.9446502956301527,0.5255629662227659
-0.07609752675805291,0.28995786039827187,-0.30607696923519556,0.10609413445925693,-1.388137957159361,0.38627782788589815,1.1056764436672766,-0.9679163105546331,-1.2086223028990188
0.09733682090717925,-0.5197598830332281,-0.06544523102445357,-0.7828094038799502,-0.019215885440184117,0.09462734035743361,-0.7264614578946167,0.8377337640807595,-0.009643953253748732
-0.5674218373912588,0.07900795008126978,0.5838104824408078,0.43257543079346505,-1.017026820714776,0.6280875453804934,0.8663081571162656,1.1799880249349133,1.0015150258690455
0.6453412753490658,0.2532188870934979,-0.16893220575951323,-1.6165846123547267,2.0027806705896647,1.083170948423672,2.2106458828975124,0.27753376439038197,-0.07407375103996447
-0.047440620712104475,-1.0541226479891361,0.5146101773251583,-0.3088124115903813,-0.019215885440184117,1.8122891457293784,-0.6052152459833364,-0.9204327138290781,-0.8905181480264677
0.4168453149585945,0.7446282592633746,0.5479036918276546,0.731651475727836,-0.9332486080779512,1.6880501139446935,-0.1246870588020024,0.6871487549140431,0.7032222351771843
0.675946189480397,-0.14419519396970268,-0.5459454557290458,0.4893127536448895,-0.00806339273699818,0.06157169739979536,-0.28439753104993337,-0.7565801001696362,1.1286050262227165
-0.7046120360712851,0.46141178759883283,0.9480714788027796,0.3739594825044233,-0.12704395952618405,0.039301086345704374,-1.108308369283047,0.02541508728800678,1.4791149894419873
3.278689940425995,0.9687529573033975,-1.5518198624643218,1.7407272432196457,0.3555148300074985,0.8928064401403981,0.3683721376884101,-0.16684746816951448,-1.2161269769394265
-0.2505189031710474,1.093594206259737,0.23385536565759255,-0.3110073839053103,-0.019215885440184117,0.43982661206028806,-0.10948533982040982,0.7615498739721769,-0.7179450579486827
-0.4294089702148069,1.3399312281219011,-0.9030037728168775,1.2268462279446097,-0.5293859723530865,0.5663706900052556,0.9539555316280498,1.130965733398019,-0.45064103492236424
0.08705406226283897,-0.6328407441542415,1.5888935676438813,0.5939633934778964,-0.3772520265427571,0.5022587628144196,0.5738466059890037,0.31549193483933735,-0.2704990850107289
-0.030568906206873525,-0.8196179941050552,1.7566331472930585,0.5700539445021061,-2.563457676337306,0.32903068915815326,1.3194961190628156,-0.16747716594080678,-0.5127466869726288
0.3802608850559697,-0.559251030942852,-0.4086990529691877,-0.35540631159816477,0.7884007071725118,-0.41684855190806075,-0.9044334561730302,1.0020647506426608,0.6701466329898061
-0.030568906206873525,0.2564893723910113,-0.12522196790339135,0.11498402601176895,0.9590797398620222,1.6853524253420957,-1.181140005293373,1.318791620370998,-1.2953805447157825
0.5130990114198133,1.357943205561589,0.4346444209145376,-1.7611026160027126,-0.8835224572419078,0.18319334373043694,0.7938170564108922,1.9462282705518765,1.0781099677507877
-1.038105003882253,0.9990965174198486,1.0796894699325728,0.4034416745248552,-0.019215885440184117,-1.4956849769494556,-0.09039463505909992,1.336674180131998,-2.406927191590491
0.03412026181159864,2.4258459620790083,-1.4166282603726907,0.8127925718524618,-1.053041604240455,-0.5493844982373577,1.2288330202881899,1.7889813589541774,-2.5475621954544057
0.48185349591899235,0.49555302731482753,0.9123764916508933,-0.07342523009909055,0.7424540302358548,-0.8445342807653624,0.16869560114518345,1.120299072003037,-0.775481419307881
-0.030568906206873525,-0.20524377558282061,-0.18379185715162816,-0.19789806208641608,-0.019215885440184117,-1.3973059983600749,-1.268428345621136,-1.2370062130961377,1.2384518129105524
-0.9926544175771069,0.7700726369405381,-1.2290070802927855,1.058887547997154,-0.5216335420069743,-1.2549986783450928,1.5290998123120711,1.1532892100438725,-0.683201591122293
-0.032744860859180665,-0.6452347135268817,-1.0543117717939303,0.45045792511252014,-0.019215885440184117,1.778192739332003,-0.32047006542666184,-0.3216585839423597,-1.599882542614632
-0.030568906206873525,-1.2707083721620547,-0.15194803078660105,0.6698023315673317,-0.019215885440184117,-1.7019358344732227,0.7128557148277445,-0.41427357340564613,0.1488413520761201
1.2439581077862827,0.18204457608303837,1.3433554026506047,-1.0535167765064615,-0.08122142872702141,-0.0213681296933835,1.3614279973333339,0.8362528369423181,0.8555262369375457
-0.4987585630686583,-3.0412321512275144,-0.24489748935906305,-2.322625774594248,-0.7821995524339532,0.9267846775696336,0.2492034810264417,1.29113225659256,0.7082453168861045
-0.07480093090136901,-0.41776335030978884,1.1588297370436573,0.18537773362773885,1.1919163611403039,-1.2618995098345822,0.023819107845630044,0.24622099973743847,0.38644916080972647
-0.2518748511289611,-1.4791739402653026,-0.11028374587892117,-1.5527960062561117,-0.019215885440184117,-0.3407092645514351,1.231253401831292,-1.6254069549109806,-2.9302456560106656
-0.1958680428062642,-0.941622527568683,-0.46874381219663713,-1.342010890638439,-0.7181223788428177,-0.7082224021252785,0.2625540880848329,1.9272927354248228,0.08825374428243404
0.9462830886612197,0.09098237292615625,0.5333500072568281,0.49284619178904016,0.4959863348696606,0.7859278943064519,-1.4465898600162106,-0.0011394027262249112,-1.3304146623076127
-1.0749603869035511,2.058206523675452,-0.2257072530801305,-1.4766578564502773,0.9156424885878719,0.09823310070931798,-0.4586114959541308,-0.932387789843754,1.5044389508719225
0.6754926082906646,0.42134011258593523,-0.5759821741195522,1.0488967112487668,0.7106540231372974,1.6218261103840366,0.9074355113574301,0.16303239815756237,1.4207037263943927
-0.030568906206873525,-0.36326683040649194,-0.8585937462920981,0.6338983915188677,0.02715178347039193,0.5488081577614665,0.5463453792176617,0.47782252843180445,0.7809951040655493
-0.030568906206873525,0.43589441533500556,-1.1027959455053487,-0.10343344497661426,1.4799957362917158,-0.07276536071992827,0.12382226497018875,0.7065501042780628,-1.8675031665253032
1.2996992001329708,0.5677501917395369,-0.6812466027188957,-0.5122541312330082,-0.5751903060654622,-0.4634422810540957,-1.3269768673911773,-0.7025648434571413,0.8203866341992179
-2.009784304627444,-2.177220726420147,-1.2184961023450933,-1.0947118182729263,-1.9963142484664003,0.2140857052132553,1.3056071153834405,1.2835010921170897,0.6234586986760657
0.2812691183894958,0.6086469437184139,-1.4183744498778474,-1.3564393284804153,0.21228465807103714,0.9073395002552574,-0.9178683732321155,-0.8366779586622307,-0.2884358731251879
1.2914800810837381,0.07586110328997,-0.18980838116387885,0.28341469152726273,0.5221231916915896,0.7930714875498007,1.6229693131768004,-0.125828984741945,-0.9917837044311677
0.5898564804437526,2.4698882610412416,0.2690028030490996,0.27819718648725134,-1.6667595354727278,-1.4961189911388295,-0.7513818382342874,0.24412791790884217,-1.1988048108569893
0.05265594722466765,0.5359631963947586,0.20899667101461886,-1.9963511557329652,0.2758726830708418,0.9759719330273796,0.3559891618472787,0.02541508728800678,1.5506918489453065
-1.7641344729910227,0.07755013836516414,1.7094831473134564,1.6481169913237175,0.1181285187791949,-0.46150581911258903,-1.8657160882091746,0.6018436594752354,-1.5484115847961724
1.0920666289641947,-1.0847383443395442,2.15920850860222,-1.0847161494260529,-0.7793690247444768,0.8817619861854505,0.5136390623226836,0.6173965000949473,-0.12360201956317234
-1.401794941484202,-1.2120198097354509,-0.2986107162151959,-0.5826780635355137,-0.06099709200194793,-1.069571859644008,0.583701814499311,0.5786558314485335,0.14830012523319347
-0.2210323160805208,1.0645946944972657,-0.3826446367617591,1.0261778833333044,0.2422986123286137,-0.5288777247003357,-0.11647716989482977,0.8319351661078409,1.523913403074578
0.13334245856885263,-0.6527576314649303,0.0863965297666484,0.4818845445924089,-1.1167742353935732,-0.6743020939280798,0.9523717323660369,-0.5930181816522168,1.395186399856217
-0.030568906206873525,-0.47316788779082036,0.9319438291006004,0.5374074527093122,0.7264073777238197,-0.6148848321085435,1.0321315450368629,0.02541508728800678,-0.5784414842331659
0.5696333165175205,2.4986756518619444,0.6056117733002598,1.3157461862685103,2.5122884916035093,-0.854263198571804,0.2371345615778862,-0.5904653229834977,-0.40284634033720873
-0.8709778484313172,-0.461741540738914,-1.0115251014914093,-0.6314266774013714,1.1203126118393971,-0.2767711311502805,0.4554380677632366,-1.9519898651038667,0.12897433043241938
-0.41106675035834167,-0.5891818235001927,-0.6114377114903586,1.8639053363665359,-0.787231166658132,0.47861551990790935,-2.2745007141552063,-0.0644532400515998,0.42595892012257064
-1.6649970246760954,0.3796091358446119,0.8470758935291182,-0.6196559268720159,-0.8208274788785592,0.3496793599035326,-1.048438333439024,2.846402621371488,0.9972863329625461
0.2006203793568665,0.6489995125279983,-1.09633440490376,1.827416234196142,-0.019215885440184117,-0.8517731171583758,0.6131752471924135,1.7489665922089779,-0.4890043383351608
1.002244282068138,0.6522072711966885,1.957259628842969,-0.08109065121675063,1.103431459754202,-1.0793448945433368,1.4600286576348955,-0.7793906477203021,-1.3239470339838397
-0.7231568659288279,0.2909329272623813,-0.7684931280552936,0.29129860542170366,-0.7194536028102503,0.04777231376736471,-0.01546683769241868,-0.8133364077511048,0.5818168392986132
0.9847965324302596,0.6396874837242748,-2.1093929487080927,-0.9045727980678534,0.10658109581835236,2.319277481076785,0.19843168029070532,1.0401212463649585,-1.6974750749119965
-0.030568906206873525,1.6564326793323438,0.3026075793602846,0.10709925283300517,0.3130135610388921,-0.022391873870357158,-0.0875562164080835,-0.3802268481219244,2.7247723082280797
-0.8964839861470749,-0.357732408812538,0.030935920509688304,-0.5091568442531738,0.3865782400930188,0.26590831928398456,-0.4011587420177261,-0.020554893366657185,-1.3678576669253844
-1.305237264762793,-0.5174271999615535,-0.36781722130635747,-1.2009580790387675,1.8528217116836656,0.7092211380792719,-0.06463335228487177,0.6115487756531321,0.4438872574918504
0.7666019548290598,-0.41724940591637866,-0.3354584924075784,-0.2835756500125562,0.3688414071626402,-1.1746257528669226,1.230508513332733,0.03318317823882483,0.32214870185150685
-0.030568906206873525,0.38746908361051263,-1.6033219397103693,0.3457158230032887,2.7581210626458206,-0.07773066056280009,0.630925703521716,0.02541508728800678,0.6163326668076508
-1.0012314481281541,2.3094687499732416,2.488132728494059,-1.8506470741226613,0.9135389350012674,0.28395732946664026,0.658393941333504,-0.31120342690996006,-0.25157147648246553
0.8324489532693601,1.099975904864021,-0.6096648031107932,-0.48335257301167184,-0.9021024572089704,-0.4025381491540214,-0.14646850651699542,0.7887669798558806,-0.10396865925476546
0.20882866179681947,-0.2122187375187734,0.8260182620132184,0.8158040190224763,-0.3367987269843453,0.3722838227962027,0.8872187597459781,-0.5948780897055752,1.0804021422390842
-0.030568906206873525,0.7621825554895544,0.6955200097459407,-0.3402132495032347,0.4376254040207239,-0.8913299716731921,-1.3005080540707505,1.0004391700971318,-0.6846499127277059
-0.030568906206873525,-1.8933852686615693,-1.4715001721940715,1.1945167788934274,-0.019215885440184117,0.003683929147402535,-1.7002991875631133,0.5451452837508619,-0.35148288795843674
-0.030568906206873525,-1.24592694109655,0.7234973697191397,0.7820057522535715,1.6233539188182895,-0.08120906935080408,1.3671301429838074,-0.8563565819106754,1.225859381870938
-0.15729777575216308,0.2541068675051588,-0.15213994395807356,1.6627789797249934,1.4882090418069034,-0.47298161700040625,-0.5989153381334047,-1.0582630689681964,-1.0814471859991088
0.4587097179782622,-0.09411073070622855,-0.3275456693786257,0.6196106959825725,1.2205693627510477,2.095312398798984,-1.6180321686214356,-1.2945023548075323,-0.27363034396045294
0.21794785121599491,0.6835112380040307,-1.5701426537368346,-0.5191048611652677,-0.6350828781527837,1.1221891741539587,0.27719293477118123,-0.9705636542167186,1.1616827016733253
-1.7734132441530757,-2.341876908745442,0.9277491655749117,-0.4671864663513495,-0.019215885440184117,0.07202097339438046,-1.7481732615729018,2.1572640543272574,1.1790334303389682
0.23290960550288622,0.20846374228422393,2.0848531668721098,-0.94692269429621,-2.13030403443489,-0.3230066278292137,-1.5919870511970935,-0.832357962334496,0.657183299154518
0.5389512824848517,0.7079614386155946,-1.042152860189749,0.6005641171383346,0.7264006502354264,-0.9525577923650681,0.4326524234440389,1.1394062322835892,-1.326910028742226
-0.6292570256390008,-1.1339148709790305,-0.24050604578469073,1.854537663473031,-0.6522099141210086,0.9538378091149948,0.7572586776069185,-1.5304323127476125,-0.21773339338135914
-1.1638954670710948,-0.7871427036378991,0.6064522693461852,0.5938549911383825,1.1671768007758705,-0.3222951525634824,-0.05787556404680564,0.9863017978308335,-0.7899301217782152
0.28201785347890357,0.2656906461224788,0.36194726518660764,-0.1467891109063007,-0.1606527735160585,-1.4188393083330773,0.7027877911415533,0.43137703673562516,-0.5051707033567924
1.2671348863512077,0.5869472401767981,3.9505454045641804,-2.429725410631498,-5.652058621377856,1.408648590860008,-1.5045732359015562,0.29533724876428635,0.4877060117597849
2.1152905760653096,2.759517906050646,-1.6877744678961253,1.7037670053546075,-0.333533571990838,0.12311699225502414,-0.42511118575031887,0.7958172976595026,0.8478165459520067
0.9055077352707317,-0.3474278860035242,0.9245007701622769,0.6639789695634146,-0.019215885440184117,0.7659675410981582,1.0391706490495656,0.5107412138591176,0.48515297488913844
1.7988242533787513,-0.172330670956098,-1.4627519345059956,1.6484466919586567,0.6518213981844589,0.18685124676516027,-0.29275852861330737,-0.2113487176806372,0.12596966663685785
0.07279391175738083,-0.5833106893368964,1.441202882936436,-1.3333608791622693,-1.0470985244158106,0.6188083070423424,0.7599699471232548,-0.21576842361941045,0.386907544396665
1.142906187759503,0.7171161257786687,1.3103764787887888,-0.8939125101263048,-0.2686012692941058,0.1931604019769654,1.0590671335051611,0.8601410198311056,-1.389661368210902
0.9883588898983613,0.6108603886180239,0.9568320386285571,-0.5112169786707889,-0.07704433055250394,0.1019311775485011,-0.721203469520012,-0.6485810278412593,-2.0426918834094274
0.36580885141629227,-0.5186597567079027,0.9613773595397763,-0.10241029244880612,-0.11999450349035928,-0.895734502246681,-0.264561250457851,0.0037513660832510045,-0.35307307224439816
-0.030568906206873525,1.1016324045195582,-0.686770143908939,-0.4696269329237161,-0.5660102646531919,-0.7696852972727947,-1.1771491872182966,-0.41192101991050256,0.939500754590227
-0.009402183408966687,0.3322129887545477,0.07254328496233566,0.5931090764906495,0.26288591807174755,0.9309155396655386,-0.6384852361916705,1.1076522351579503,0.19715166337894843
-0.0008840756610423514,1.1050990433102403,0.48978163092641314,-2.002613971990101,0.01080354876401187,-0.5863943998314597,-1.4075260502064892,-1.5331878051297672,-0.35522286829635297
0.7592971644289492,0.5515159470769926,-1.312851216723162,-0.5134465055825057,-0.18150606149034765,-0.3055287520060393,0.24099653426975626,0.41745060610783546,-0.9678029691577954
0.5342787327769718,0.41427682797932763,-0.8651593991933105,-0.3148777148822887,-0.019215885440184117,-0.3034196897877449,-0.4227622015362811,0.5047073101564944,1.052614592353978
-0.030568906206873525,-1.9911163874474638,-0.029864933921443,0.05721639386672743,-0.019215885440184117,-0.45671037182258545,0.1736143207930993,-2.511294406601219,0.9668646047695821
0.7140964337413802,0.44749683294183673,0.12500628185305088,-0.21099107298622627,-0.20347574391472648,-0.7404953187823832,-0.10977227092304827,-0.6565894445388686,1.0872444811440214
0.6281433761960498,-0.3082220999839836,-0.7856190259453831,0.3633474057285868,0.6060378594272702,1.6520455962676028,-1.2498764164180094,0.052937632780694965,-1.0718259264005636
-0.35433605354644265,-0.9771209271981453,1.0015647205285538,1.0856788316916908,-1.690498595471189,1.305698147840149,-1.0056135015421028,1.1080142105166806,0.3108618661969181
-0.5755332245786924,0.9512298070706128,0.0350682000168366,1.4630149155537353,-0.019215885440184117,-0.9481936317633788,-0.37408914408336313,-0.1899912117635258,-0.11316469568006335
-0.030568906206873525,-2.554124177590806,-1.3637293279417342,-0.4873457268561039,0.5666099923713803,-0.1554154361109193,1.639427551165899,-2.7284698434356796,-0.23879609089524087
1.9606931223765023,0.7206953688593701,-1.1358530549894474,0.8208013371358203,0.10251081145243653,-0.36124441895805415,0.15772514078007366,-0.32753549550082856,-0.9320760903746267
-0.030568906206873525,0.2048277162400804,-1.2838912298341072,-0.17976308346215583,-0.019215885440184117,-0.5352653065678089,0.527497620379869,0.42725041971166133,-1.1636503885193734
-0.41719844924770066,0.5459893824231966,-0.8037892982815596,-0.03841621346160916,-0.8058818437181211,-1.5193621448238035,-0.6346950149061242,0.02541508728800678,-0.7249662810338051
0.275120210873209,1.948159822802175,0.9965872895557546,1.4151919686600414,-0.019215885440184117,-0.2872302911762087,0.5041826281774004,0.02891793041597639,1.03487875996106
0.8715990158152628,0.6625133996543188,0.780288512368583,-0.9879557377779469,-0.6481823224883103,0.5392144847694031,-1.1008071220479712,-1.0380065662934534,-0.33047096724868474
-2.5907258716269332,-1.563781806677575,-1.6531592194284523,3.051853063425794,0.08054509439898469,0.07159195784596586,-1.157143374562267,0.02541508728800678,0.4418564489114984
-0.3131507680771319,-1.4036280227480904,-1.1987907282892518,-0.19311979032637705,1.0208262253709628,0.04342401729233721,-1.990931480589522,0.4730138049572552,0.14501265644971237
-0.030568906206873525,-0.013418332187976096,0.09796198452080396,0.3667351570565749,-0.22885664663319533,-0.38133568103210363,2.0688768993002946,-0.9007819974200212,-0.33411332773474617
0.2699720697900412,-1.0576326724449299,0.03234037486762374,1.5605812189086294,-0.019215885440184117,-0.32968712960070173,0.21875648279732635,1.057320381834053,0.28423291581798743
0.6533982457607038,0.8685677736319827,-1.7135822741048674,0.6382881603800232,2.3512862873505567,-0.8273759284071425,-0.56640250650365,0.44665348623448387,0.016248734725493257
1.4707050265103139,0.8326475030134585,-0.03168218703068055,-1.8763846334467975,-0.019215885440184117,0.6437447397435322,-0.46946031104900554,-0.038857434542575585,1.6559308181446217
-0.030568906206873525,1.843392799732491,-1.4823726336670808,1.622986831888144,-1.1222596145114667,-1.2717177643844315,0.7814824012315649,0.4130733411441434,-0.7717350692901335
-0.4870978925069668,-0.0923624506825662,0.12216131640679936,-0.27626685311535376,-0.019215885440184117,0.0528678056448978,0.6065335221467478,-0.10052414686621187,1.0133762245807874
-0.030568906206873525,-1.1243112954000871,0.23167630274106552,-0.20938339203946574,0.9786056925099662,0.5561875120741899,-0.11556704107344289,1.2407578404984805,-1.430537012193643
0.499865829050048,-0.49564151934995876,-0.4991036850136428,0.23306071752349183,0.5108391075059169,-0.7155029763007505,0.005032022279884982,0.9319838842667656,-1.3741249039735117
-0.5494858298479999,-0.1936814619864181,-0.8273007922936725,1.6374546028674222,1.8019489142714669,0.2551937055146869,0.6931105735312382,0.5237420735015934,0.8187113217376283
1.1593114237791915,0.10448350281240737,-0.27591706124861237,0.1870289293995626,-0.3873312714980366,-1.272468986244356,0.6186306899535198,0.5323027667661617,-0.6445802683308488
2.1299368947395148,-1.47531114318574,-0.39675695174396397,0.1823768371067278,1.5691554424298997,-0.21435849513753025,0.2520958969319213,1.4573102552364203,0.17792396626010598
0.5664428893179285,0.4552541167813798,1.4751917979390812,1.1238885932369391,-0.019215885440184117,2.0633489319921012,0.7309795201503329,0.37257213119809496,-1.4038405193064414
0.04354016720174968,-1.3264631898827737,-1.1800082575490543,0.8307665943298355,-0.1204901657476363,-1.846479944023033,-0.9119887077014789,0.9849206211723981,-0.23191988502346197
-0.030568906206873525,0.08771479732826021,-1.8623686723188377,-1.3243473706288342,0.20200869605974803,-0.49014406361180235,-1.0702846503381516,-0.9762335020975891,-0.9707448320551532
-0.6363954667868323,0.44309725202939443,-0.2177046511961091,1.3054178688871054,-1.729891057042228,-1.1778038111381561,0.8844942626679767,0.8529459376880184,-1.1429245973051883
0.4628913463511254,0.29689141546601694,1.411449964911895,0.5091075907916417,-0.9560823000942479,-0.9976116654063095,1.5406986048872364,0.9154850566436522,0.7905027606257697
0.11414729233702291,0.42137153619278067,1.1045221113779822,1.2286730574718085,-0.019215885440184117,1.6139042505150587,-0.26017869184559794,0.4726948220663608,-0.8380358349014774
-0.030568906206873525,-2.85172651681386,0.6316308967182708,0.813641133066904,-0.019215885440184117,0.7174079701480837,-0.8864279018785849,0.10800362412038181,0.8292954562321374
-0.030568906206873525,-1.3326307491315392,0.7554920413854017,0.8187649031871886,-0.019215885440184117,-1.008357241576343,0.262723904626552,-1.125833498654161,-0.18315847266513713
-0.7234098645745288,0.7546846846225089,-0.5973674106655371,-1.197483762327509,-0.019215885440184117,-0.552440206532322,2.501613426500645,0.979083527666229,0.5748403001782539
-1.2774778000240943,-0.03650272043260792,0.13282895721355462,-0.09806338579193719,-2.430103481445772,0.5638645521932377,-0.7929599755951153,-1.0538125147384876,-0.05870606597673406
-1.1784379285475053,1.107754773839963,-1.15204874563295,0.4377485704051336,-0.5736519980608188,-0.6920343856142532,-0.6969371399728098,-0.023259934887967366,-0.8492953109194256
-0.030568906206873525,0.2140599720387616,-0.053716674847399226,-0.6527706376068856,-0.3932469475080563,-0.9809729850580641,-0.5035816334325818,0.15692534235297806,0.8200480947000182
0.9042424740378477,0.43744806403844116,0.6592876195593143,-0.3015495989358643,-1.1615502419619326,1.5775079498874363,-0.5849341950081038,0.056830254154970894,-2.0520441454956293
0.5212030581131137,-0.0838400998382788,-0.9269013558677056,1.1825514615553887,0.27191031073031807,1.0180578739798944,-0.1531990281095301,2.0903512403682836,-0.3930159820924066
0.592031937533267,-0.29822964877959973,-0.7669239509838972,0.4483745892820858,-0.019215885440184117,-0.2632341826032845,1.901423473610874,1.386301845679788,-0.8416249818675422
-0.10637620487357959,1.9635125348035853,0.3316182713231612,-1.01018404274318,-0.04243935237296365,2.2224313320205815,0.36720838703341085,-0.9263105366350608,0.05070043648793864
-1.7170857989722283,-1.2288097548617063,-0.8548727095350235,1.466571530195058,-0.019215885440184117,0.6898677553037208,-1.9342084018154726,-0.7124026407799742,0.5363730296476503
1.408464787521285,1.0431971986067734,0.9796923440950822,0.34479201976384427,0.10456335165446592,1.3803466371958888,0.5645647484342264,-0.5084675879046521,1.8752231864818494
-1.9258377248550336,-0.8564943168879992,-0.6638623828613781,-1.0979113460805867,-2.0012023200216547,0.2611651110316218,-0.8870111980983381,1.3160007744515057,0.18273032541985781
1.9893097212346922,-1.6372697406465395,2.7660059209748264,3.6248489126726064,-0.019215885440184117,1.8119630178229558,0.816333299945546,-1.8614681412485488,0.9902663343127928
1.3693293938617044,-0.4725288448890889,-0.44632178399748734,-0.3563431009913905,-0.6523457992053301,-0.36458221373149935,-0.823578604242522,-2.1634955868396606,0.1298303410371145
-0.12821099846947043,-0.3814168870006369,-0.9717928984480805,-0.1563108121380853,0.0009040288955101637,0.997985082205243,0.7019180341699433,0.9845683012081863,1.2627051904714144
0.4902688339506469,0.43361428363842625,-0.23003724712927812,0.10526726583072676,-0.019215885440184117,0.2555320384505007,-2.1990738755465125,-0.656073620165244,-0.804764975208724
1.895011650614449,2.499445624262629,-1.0172899806003697,-0.1299570610022312,-0.397130185642499,0.7256058023194562,0.02384940397488306,1.179977636108938,-0.34848715621436516
2.3532352172693782,0.11090522534078553,-0.915782482341585,0.15551352879481423,2.0888385109019945,-1.076347450166265,0.8496511785346038,0.41579327042224334,-0.1931444083954676
0.4552284551913311,0.07116647215246827,-0.3366046882527782,0.16231064450088295,-0.46783977437137025,-0.7353787754175144,-1.3012123357346213,-0.057800557288356244,-1.0726029119976657
-1.0695988270261794,-0.13159929626692,-1.113322810359432,-1.1794781006113795,2.7395500309371177,-0.277162959445683,-1.7477659036690885,-0.7123274970521418,0.7659944284604852
1.846016713722215,-1.0867708400488605,0.9546341092547508,-1.1895862897028502,-2.0903252395981937,-0.18238831717339188,-0.5398621212904108,0.6371012672549939,-0.3135918275211173
-0.030568906206873525,-0.23044433272669515,-0.12599278126596544,1.8590167175034493,-0.5745368819514537,-0.10356962712998172,0.16048578132024172,-0.22981457886773893,1.5070107900575809
0.8511485355534018,0.07584618022755683,0.8028537165400584,0.20004287913598412,-0.8135937783098848,0.0161828017039013,0.13364818506693518,1.1058290989400352,-2.0068532295087045
0.8365073435901076,0.05565401591765832,0.2805179540962708,0.7674880628703367,-1.5154307752851144,0.3535740448550265,0.3766420631373863,-0.10888904988069734,-0.2786307125185392
-0.1378006834582346,-1.8277321654781447,0.6331631186136353,-0.015535976974656843,-0.7279380584105565,-1.059202361006832,1.253398788466517,0.9516763285790254,-0.1873030414203234
0.4641375849818436,-0.7012885060555281,-0.723833576509437,-1.3119468095724982,-0.09326023051861433,1.1457655311192787,-0.9481491129994747,1.3498534181277748,-0.9196199069848296
-0.030568906206873525,-0.16044655182273235,0.006879950206788625,-0.9316162226790217,0.5994895388345447,1.0069519834371476,0.7338559917151125,1.1362184001435778,0.17406918166381102
0.7958975080710821,1.0545645292882573,1.257151373294616,-0.06028535406500645,-1.4655222106868189,-0.7782775707723684,0.8429949796845357,0.2290556265647709,0.3986812559318156
0.9397625939935201,1.2353392859503551,-0.9966640140620134,-1.0244989641489046,-0.019215885440184117,1.4827414370941592,0.7490238695581962,0.5121006073375277,0.9673386384300958
-0.6277640380418308,-1.2468057083186708,0.46237056901766965,0.6546826062627836,-0.9820059077858763,1.3020466859505484,0.025413506504394133,0.12388474224495417,1.020736285458687
0.8964044795112045,0.09116914877968385,-0.5841043627963082,0.6259591740081751,0.26591905006801264,-0.31448738469394855,0.8990831203661823,0.6135433639139034,-1.458597903018806
-0.03285042080461001,0.13732992657093676,0.29941868467982197,-0.8118560344441179,1.8631119855729323,-0.6956703207343484,-0.43262958562258036,1.458193531059189,0.5747295897819801
2.183984131254209,-1.0339883610960496,-0.34467970914345314,-0.13125507658094,0.28755477492097,1.949424694277468,1.3909307330021152,0.5147749963229807,-0.6070491201114668
-1.8036974018700305,1.8292682835924228,-1.5004007468287706,1.1845346969044948,-0.019215885440184117,0.05179991396350121,0.6173495284863927,0.02541508728800678,0.3811683124813852
-0.15451209303924643,-1.178035158822692,-1.138742392429151,0.3243478824092743,1.4462814799376695,0.5650366858136141,0.8090712195847924,-0.21965763668721605,0.7959282937628395
0.028240295906048533,0.23423123610573526,-0.1499929073509734,-0.01702154660726823,-0.019215885440184117,-0.9142439424114553,0.6721694964561893,-0.5788658587746296,-0.2552984250717499
0.1817400996459776,0.09478251494009539,-0.3213824592831488,-0.8440287425114138,0.08900582646376583,-0.18166218674558562,-0.5431710347329121,-0.593347635657543,0.4154073417275965
-0.6328056262778528,-0.24846467946132728,-1.5392408341062096,0.3929861745752943,0.6851378432759934,0.26496225299461795,-0.31931528618251,-0.8363443090363154,-0.6784730617001812
1.601909468148891,-1.1685949291373636,-0.16135834040181954,-0.7874272734484424,-1.3352371096655846,0.6045613725770548,0.03507813526895355,0.443283933920615,0.29130177585566447
0.8970937932415082,-0.5875801731478686,-0.44355063378324666,0.17171759702335895,-0.019215885440184117,0.8705171734788159,-1.189782565155972,-0.6616360126323767,-1.7251110901823397
-0.030568906206873525,-0.6339546920401926,1.7048610837278164,0.3340347152264352,-0.3242634050944147,-1.0280673388412191,0.8028638924899242,0.02541508728800678,-0.5759710972267762
-1.1522905118002016,0.31797448335866657,-0.16799991254854543,0.12282688291809789,0.6242073181918824,1.2011564684532854,-1.2301695321414476,0.24497983288282976,0.4449121755351111
1.226739855905227,-1.8692917658642567,-1.944503698994937,-1.1924233454063042,-0.019215885440184117,1.290287007640987,1.8275706107394263,-2.9018499468687575,-0.1869559539598225
-0.35908146046609707,-0.18304863696525414,-0.7450661641666307,-0.11743265453720322,0.6223773847241255,-0.9249192379972418,0.18916550699001564,0.02541508728800678,-0.679828460305289
-0.030568906206873525,0.04471007829482495,-0.5405943279187654,0.3395063556179844,-0.12391673929384975,1.8188784321700364,-0.7287033187297601,0.186515292449928,0.5256891253247179
-0.030568906206873525,-0.4419122916471453,-0.509755285198977,-0.18802972040973787,-0.019215885440184117,0.8352730538927519,-0.8235505540954918,1.2474366669133214,-0.5198532669680181
-0.005882441249111139,0.5239969601339677,-0.2111416963363943,0.30388715501842456,-1.206553537789996,2.191928725162752,-1.6865575510284427,-0.4908048819890655,0.41008284050491606
-1.017928340486531,-0.25152098171696924,0.7833155240301749,0.2679983843112555,-0.19573587013998262,-1.8219564011240803,-1.7818961165760767,-0.7121545193574884,-1.8124666707714439
1.7679800333782394,-0.2498227133922391,0.5154613770273286,-1.9026787015817161,1.715037499986721,-1.2716770964940136,0.8025842181284495,1.5990508226445994,-1.2100620079906892
-2.7069160962982535,0.06030445702403204,2.655809395908944,0.4411043193200354,-0.25188620579510934,-0.008638359022052315,0.381497550265004,-0.7339125725189785,0.3515701771473856
-0.5798685534885519,-0.8149983338648852,0.07563272808902491,-1.3401399298120287,-1.003753783463697,0.4015840089395847,1.9772454334758063,1.7183409069964584,0.043021166248109456
0.2612797688888665,0.5809800654848776,0.6008295091714385,0.41687844056581874,1.3577163140380373,-0.2991825388319081,0.15302433664417855,-0.5830352734642047,1.4125485141436376
-0.030568906206873525,-0.24747134331322856,0.7882167039063143,0.5778883019346194,1.3315148123161462,-0.07019779411874554,-1.121700884800668,-0.18547027397694033,-0.9554086146916985
-0.030568906206873525,-0.0134002832586995,-0.37632098911677964,0.08072609543075078,-0.33000123070127996,1.544121081561734,0.4223550629673242,0.9445471189457721,1.0114019287008165
-0.07604468850235661,-0.5609158169339588,2.0673914391207657,1.1347238927998358,0.09095494093405788,-0.4230766166551044,-0.008908291098202866,0.5832875476891772,-0.43724901195058086
-0.8464322785276559,2.468318214758366,-0.47686359786638505,-2.2879084191205754,1.8327157161078726,0.35608049693434274,0.9950339484745226,0.37331827239122306,-0.3009405689518118
0.5930434039425254,-0.3401347893251156,-1.8016081265448394,0.0009358516062021666,0.3043387598788676,-1.7798282304104212,1.4052690765034588,1.2433612353674635,-0.11138299604129409
0.41469119813027044,0.7611072457220033,0.9551684805528473,-0.529767589188395,-0.3668755078584791,1.2582817794181012,1.1227622215876374,1.1734917371444549,1.2878518468105766
1.5123808002819945,1.2276477430545767,-1.9018731924794878,0.7405272518400727,-0.019215885440184117,-0.7416224984035458,-0.4274191035440533,-3.0434724188842766,-0.38169661751603784
1.0207714447287533,-0.6746247629597736,-1.757678883912797,-0.04730379914427312,2.0870217061582643,-0.3005030918101303,0.5612785457674295,-0.8863600739704365,-0.9974343009185535
-0.030568906206873525,2.1421088785695703,0.5109241584374009,0.3650608951306862,1.700830260509172,-0.7838506660290565,-1.1904946779866263,-0.833067402238487,0.02279126100925457
0.45195982998523987,0.21069836979600856,-0.05538267594177233,0.3170146346998191,-0.01542453820479693,-0.044324543440727004,0.8122376243455456,-1.1238220892083537,-0.4633754811940511
0.6371582695194394,0.4446159180112258,-0.8966875690501868,1.6765354659345661,1.533818850162631,0.7804832860825152,0.07289494729627108,-1.937562935713127,0.4286632623776368
0.18034203873190657,-0.4355880505057909,-1.8494467203196245,-0.2201569672711818,1.106925661490507,-0.836930128485563,1.8844978112493007,0.4638132517339628,-0.7113870790434285
1.4161295821154543,1.3748155175572614,0.7173445510596447,-0.18560033890507435,-1.9652000233560807,1.7361617325105199,-1.866472032319362,-1.1337734197922695,-0.5527538387965801
-1.8030832738174212,-1.7417248929899183,0.7962823839217574,1.1539140228255307,-0.9768428888533921,0.08483323669033689,0.9182726513415258,-0.19768289223437724,0.5265137185125117
-0.20130682210468137,0.4879187108802277,-1.0344821019209085,0.1796716651851442,-0.019215885440184117,-1.2342061736846393,-1.0349012820591532,1.4825474925487663,1.3612525623279095
-0.2384295686809016,1.398750954873768,-0.4467137616696872,1.6838226842608313,-0.31837887543739996,0.15993877510348592,-0.21284204350392735,-0.25233163733730385,0.03803594948699781
-2.827295912500465,1.9593719566022527,1.98037963584292,0.34635196560936166,-0.8382084127671627,-0.30486369216383374,-0.8991473560214901,0.19465912326746063,-0.37836061960397943
-1.3008402240166586,0.29875835793996486,-0.4537027932894176,2.579023181922631,-0.019215885440184117,-0.8676672179215912,-2.842855994213846,0.37489086492913165,-0.1699835485262077
-0.030568906206873525,0.5409347375911493,-1.4731116222072034,0.11358356760388938,-0.019215885440184117,0.8759360438403302,-1.422789745852788,-1.8077191603398166,1.962291467675587
-0.21085948015245518,0.15721098104978898,0.4566526865026463,1.4079365145380338,-0.16975988740719905,1.1301911776974558,1.0460078205711443,1.5134369937390477,1.576120485250667
-0.030568906206873525,-1.757538309032618,1.3583197462045895,1.5786696859766423,-1.6130004827065345,0.8836492397554451,-0.18454571944167364,0.266208305461509,0.9035739466256029
-0.030568906206873525,-0.04600641439854127,-0.5144342731717044,-0.04974242716784829,-0.12812815056237603,-0.5451852963113767,-0.9483368491355622,1.5654917536601016,-0.16710916990688107
-0.030568906206873525,-0.9687501310850715,1.2422490116700933,-0.5045153532300723,-1.3306587346329128,1.2267989478138688,0.4765179700565364,-0.407554087564284,-0.6079641514602129
-1.2084278739826495,-1.0895143012853328,0.38950370350946945,-0.5193016723296254,-0.9182926249762142,0.8634122954596641,0.22460924348815678,-0.3197043741949306,0.2460172316763483
-0.030568906206873525,1.1438583135464917,1.2112403126098183,-0.2995643448210909,0.3924103793129443,-0.04035766924014741,-0.3776584501304909,-0.644645793953408,0.4132387289719612
0.2644788060652986,1.3430121261591186,1.6913869339770733,-1.6135627328889515,0.15047598284051517,0.3125667556588404,0.5563777239035508,0.11322975146320724,-0.7557150062820491
-1.5767875196950765,-1.324604432326943,0.10155513806112225,-0.17176745277854447,-0.019215885440184117,1.1716583001280547,0.4589829337273354,1.2641850562982835,-1.9251592274760703
-1.4821459712175522,-1.6729256168186493,-0.9446110573976122,0.7446289646913622,0.9619019423713515,0.13764648186147732,-1.320147852805756,1.0445546293485093,0.16630700270262816
-1.2355514934835146,-1.654435957214361,0.41879449575423755,-0.3224532538385204,2.276975800496254,0.19577042096409933,-2.0575005524816388,0.4252414977562872,1.4438177639085137
0.03079393661944014,0.4053123844827345,-0.5921720428613613,0.21413226147900893,-0.3662451059780446,-0.2868124030739082,1.4199531030028598,1.6579720155045021,-0.0842192674497737
0.09078901329153029,0.5285187056272981,0.6267821266869844,-0.1257482577545685,-0.1670561223482351,0.3657028998970337,1.1213844015523058,0.02541508728800678,-0.666942093521841
1.1270083172485348,1.8604885423665267,-1.0460506458363352,2.0077338938184193,0.6250674532408087,0.9695004908804211,-0.8905675880752273,0.2065174992834301,-0.7757693040612925
-0.1070455662219081,-0.32796049156816925,-0.8226812127590349,1.732718447679467,0.2014031743828372,1.641845408536595,2.485914383955695,-0.11201267020520679,-1.4053290785143921
-1.502115663317168,0.8637142750089569,-0.5626155542830208,-0.023983347413214017,-0.29624893701967975,-0.908522695638335,0.4306651499201403,0.8737511843921761,-0.07149107287312174
0.6683159531550926,-2.1701586667461474,1.540640456402039,-1.4861652023838239,-0.019215885440184117,0.4392253726708482,-2.178902962704556,2.053558761145699,-1.1968202097569995
2.1697177009995867,0.8750258340781403,-0.8213391027246482,-0.24611650265519058,-0.9110310112159795,-0.9179099044937385,-0.21812926839204314,-0.13623209283174384,1.5715103727931155
-0.15627936567628303,-0.8744863393715983,2.13512584551302,-2.3415838435415703,-1.8862836703406862,-1.5755183300052218,0.5256402867106194,0.39252718498864114,-1.1452109359815392
1.478638841397244,-0.8727790511018426,3.241582185180591,-0.7575803632822604,2.254563272950086,-0.3449009078000843,-0.704773068707771,-0.24743021278413485,-0.8628589794558985
0.21612674487177244,0.6562978352772803,0.29846504285273,-0.7487973571867012,-0.019215885440184117,-0.023636326587834284,-0.6097174874129689,-1.055067377007403,-1.9411160469678048
-0.030568906206873525,0.4498630648917467,-1.0341552026515715,-1.6350122299442282,-0.1879202288204017,-1.168762212275774,0.5377587957494666,-1.0299985215462615,-0.6845003501235851
-0.030568906206873525,0.27942227976998424,2.0385945281349795,-1.5359378820997422,-0.27086501247805894,1.008676938563285,-0.7882105981173751,-0.7042508073877133,-0.07310640540910712
-1.4548818694396706,-0.9135467531091979,-0.2376744101990668,0.5725775195193189,2.5500900882993984,-0.9375794101892307,0.37141363663183485,0.15476330090710314,1.4129370612532937
1.5245372778721913,-2.04394529697686,-0.6720296273834314,-1.6957299769279321,-1.7140624747003181,0.8887900089234415,-0.3628343755565447,1.0557891615428001,0.29739689126777574
0.8331776595093311,-1.254950133364491,-0.41501542834493665,2.7094046701371752,-0.12887623349155905,-0.588080800092032,-0.15680210526387472,-1.9697899807885038,0.26592315705711705
1.0693457314545392,-1.2863000038084422,-0.6835445990239906,-0.3786206248076015,2.3584985373249228,0.20916934612899107,0.11650464946596248,-1.054265604928862,-0.9066636166183246
-0.18346989438048927,-0.9171633588421834,-0.34663086894776607,0.45740365385317977,-0.019215885440184117,-1.65000186251788,-0.2504364918838366,-0.7628249449074579,0.18189489486476684
-0.030568906206873525,-0.4415024553813787,-0.049635918681576845,-0.28086280875028324,-0.019215885440184117,-0.4384430534320263,0.3616121847687162,-0.38742438678576585,1.361501542823979
-0.7354980892236614,0.7108252321765469,-0.2902659798775281,-0.6796614563539214,-1.9179170143611528,0.8595417117493098,0.6397168556524603,-1.2576351233592529,1.3755442397708186
1.1923463178062692,-0.6040842605334328,-1.1094494079718937,0.22451102479710322,-0.345359118179962,-0.4019421253794155,-0.5434534659656979,-0.01881684674240418,-0.07596933875892803
1.1717299969446096,0.2723442915914612,-1.0009657425588778,-0.2592981526172766,-1.9400632567048177,-0.35379799724710986,1.4066756481166702,0.11391655793035199,0.07397306788305398
-1.3872186331352512,-0.10275270209411709,-0.5190142324491454,0.4544410933598065,-0.32191480514870263,0.20434917800294317,0.9709115626914666,0.023926320731860896,0.7304639408708506
-0.7748710774323585,-0.5076681503199238,0.5337001580072622,-0.19580435315774333,-0.019215885440184117,0.05008540556213973,0.10912460709944509,0.5869783653816841,-2.2384346123891516
-1.4889146962650774,-1.3181930189959863,-1.4076164250215055,0.45700013067797984,0.443141315775737,0.8520745508326572,-0.8541179777903278,-0.3200199744368207,-0.08909676453502405
-1.7587992825720689,1.1544399817249642,-0.8913957678199402,-0.4851289184215612,-1.033847657908111,-0.5623217914341331,0.9347323960945535,-0.4533883455240402,1.267784372697235
-0.7206156113680692,-0.5522436456782526,-1.0039369097673634,0.518126578742051,-0.019215885440184117,0.11594381856695277,-0.1522944392970054,-0.3984191912137117,1.0667022157780677
-1.1652820983328316,-0.6462472652678182,0.8130380726724253,-0.3970933990392425,-0.019215885440184117,0.4394327762989738,1.5466054425581677,0.0710388026678934,0.37606951648857134
-0.6562123981864001,1.3623140572357961,-0.6990152174794019,1.8587499169856945,0.15547439152599543,-0.2545005774910722,2.133637432870429,-0.19584042936749216,-0.32063486162607563
0.631212212742764,-1.3724323673660384,-1.4869525987580752,2.586219879775617,-0.019215885440184117,0.24180039319234956,-0.564346025296459,0.02541508728800678,1.6359924301150548
0.3673882335025337,-2.5440500538022754,1.7572839171328305,-0.4730033260844991,1.2174002234532462,-1.7616311067917245,0.836697593312552,-1.0913747516312013,-0.24882835324784844
-0.7934545335499905,0.5815566204530116,-1.0049079992277563,0.4180258460743904,0.025296014163935374,-1.7857084111516552,0.12465240116803422,-0.6862868787507368,2.1466772394778455
-0.030568906206873525,0.5022237178609233,-0.8889940170882575,1.2484232750331907,1.5186098276112054,-1.121050438957556,-1.7203987887559862,0.5330075754872093,-0.4475139545876752
-0.5541387914305484,-1.1409421723841688,-0.362736289360838,-0.17536519014102675,-0.539527633865721,0.8858301300531698,0.2393801219013599,0.12302704113593305,-0.9071520484426345
0.24673121452711286,-0.4799578253266776,-0.41845828172364075,0.913674323641496,1.974932850727375,1.6913432939377662,0.15036798773065374,-0.5323384287633555,-2.2848749646527584
-0.6565237276624902,0.9059840129930803,0.320999742547653,-0.25569779101028584,-0.9782262730293771,0.02212856145236143,0.07990020756561293,0.30908495536741243,-0.3626290852022568
-0.030568906206873525,-1.225815900335923,-0.6555861927948156,-0.3044333861580351,0.5129479507520447,2.488193312933058,-0.23211863783778786,-1.508604126710181,-0.2574533542834953
2.790237432895079,0.9411353364176852,0.4106258426377602,1.2263554330183493,1.9396469490239188,1.6801234461476504,1.1089661651701181,0.3680457480385594,0.5085653226233113
-2.1783075976669424,-0.5763754341516055,0.005640711653092795,0.15848646902738556,-0.953045375629977,0.23956872456095518,-0.5524462739695705,-0.19004541745971915,1.2226820786295443
0.07621740141235489,0.9772499473791891,-0.7412964622756911,0.17651998665644517,0.02781997104390082,-1.643432223577397,-0.10329150197110838,-0.9761770858312786,0.16526209090623273
-0.6793642118424105,0.384256290310617,-1.3436135371738982,1.4324786897646344,-0.019215885440184117,-0.2150885521238652,-1.9043016632598688,2.215924662942951,0.046468149634603446
-0.18338710070495462,0.40496877649310187,1.223308660307731,0.19164174822567165,0.20438047511454221,-1.0859699635946356,0.7475935601169147,-1.50801580727464,0.549295708480527
1.8237034016772062,-0.4219859192807286,-0.221808908601239,-0.24835947772120032,-0.019215885440184117,-1.041895555805698,1.696220578528646,1.2372066253659326,1.8046337328705286
-0.6125437164294689,1.6031277176609506,-0.74174288099436,0.5615651757005384,-1.6749689446188436,0.7378116037843928,-1.3884580750507687,0.22369755854230194,-0.3453739252952316
-1.0210378781117826,0.8303504193109228,-0.9817808466486615,0.3642019435541346,0.9695848674762713,-0.6504504182986197,1.805771411499586,2.4326269619937495,0.08989058363594647
0.5607895981404507,0.6512362322427548,0.19271972865133016,0.23557351867654044,-1.5077064004392693,1.4857527761978924,-1.1963785328307999,-0.06229695678029025,-1.0721729992869256
-0.030568906206873525,0.6892883520993743,0.8614956848096744,1.4182703147660884,-0.8557282717841981,-0.01835120062713434,0.9207549155751008,0.2467011581927252,2.3107456365258603
-0.13268056112135396,-1.7798980897291647,-0.7986426145800858,1.6073856151687735,-0.4039482094532805,-1.742211272711386,-0.026911550525938906,-0.734873664292533,0.7825451574339498
-0.030568906206873525,-0.5074386283190303,0.019651807109838822,0.7380851059431597,-0.019215885440184117,-0.5127771528005601,-1.2720605191973973,0.23685654728163238,1.2685989375522075
0.8013727544064521,0.3641679007225516,-0.20312315944940887,-0.5539885022407279,-2.7049635074821117,1.2375489932541415,0.041883096245518475,0.558540803793453,0.7110958752016255
0.8097755909619158,-0.13842615804503064,-1.1416248735993917,0.7885793837497396,0.3372313474512206,-0.2789534448476826,0.9475110184372407,1.2208960862073122,-1.1501030277951627
0.8415674877252916,-2.6237614293203184,0.33412558871513615,1.4842588906401175,-0.019215885440184117,0.6494195068615451,-0.00045145332161884537,0.7402483622557411,-1.6380336654845011
-0.4633318340138928,1.0268336563383451,0.1311888216864239,2.127371868690783,-0.4884774711517503,0.30963964639153785,-0.19636397529414815,0.02541508728800678,-1.7344990801068607
2.216845927613335,-1.0187891407522716,-0.007737895563046756,0.48980641484462994,0.6185589893842283,1.647017080004648,-0.04745578106844767,-0.6314058750037993,1.3962260349305182
-0.7302962047894378,0.9301836224271011,-0.1836362624346846,0.6567292355240948,-2.9880044249172424,-1.877330325484756,-1.402321046795885,-0.8563925793911618,0.0781500533338146
0.09352281515109315,-0.5003329271989945,-0.948629621923835,-0.7024988922785419,-0.4362863739600226,-0.07355041409887746,-0.5771959904174669,-0.17208492638473322,-0.29116223073624725
0.6992334203065823,-0.7004323681861164,0.615350885323691,-0.2956643344730686,0.5594259564277418,-1.2072942276524217,0.6020362745394847,0.02541508728800678,0.8639114600381258
0.6634349220221186,1.3060684594368508,0.7600999323980678,-1.2630244707667884,-0.019215885440184117,1.8100821714924769,1.0635186205016989,-0.6212811088766129,-0.5760139229432322
-1.9683001061496181,0.3632492314480107,-0.008946563307312676,-0.7944452133161625,-0.17376907169169006,-2.0191658114969546,-0.9216193656781083,-1.2336312165452574,0.793619546122226
-0.15793896276042993,1.1774327009500578,0.2932152184956347,-0.9507209203602912,0.030453968322198006,-1.1163293765543882,-1.443430665900921,0.7049651759320812,1.2143311415885705
-0.030568906206873525,-1.0387066612310822,-0.06497803629540536,0.2870175467278686,-1.229982442867374,0.36940949180644983,-2.0617626116501233,-0.37524035692068874,0.6936728840633528
-0.2872797487115903,0.2764921488529868,-0.3475540870757672,-0.23899594841536334,0.8177984726205364,1.5814380883937569,-1.9010640624985198,0.048785659616069225,-0.1343986810124569
-0.030568906206873525,0.2618652721089884,-0.6683399989742468,0.012287035938957786,1.7582476503730908,0.38778157945091485,1.6278145447978523,0.24667151062848017,1.1335421362194866
-0.7213337804183612,-1.7054979314972056,-0.1394835116968611,-0.1331137748460383,-0.019215885440184117,0.009631705452054084,-1.7823504134787147,0.07133946000427603,-1.5723737674920697
0.2123987529869812,-0.7045970785629722,-0.19437160309206877,1.2537061141829364,1.389693527409828,-1.4561150987725253,2.7442852423286417,0.9476319667434178,-0.2503535360151216
0.13161363871513082,-0.6590489128707835,-0.8770640316269677,0.45199680072602966,0.10695370952529948,-1.3026974484673586,1.1635898475727733,-0.5054799931146262,0.28536308436897095
0.28378701314338134,1.5427663084243741,0.08489984493178099,-2.2987354868466707,-1.011262872490504,-0.8701201489524448,0.5669273478167192,0.8574600927700684,-0.17413203367410332
-2.200127603432954,-0.1694055248975321,0.5716990339358613,-0.9298971462337541,-0.019215885440184117,2.8709231764187217,1.168856894846231,0.7591865601064218,-0.49933871591473156
1.1252383216555617,0.2106953999209261,0.3071727690816402,-0.3266073620109661,-1.2446099973877498,-1.125578235883101,0.7370264511438419,0.16645641033854436,-1.0568929680573635
0.5216000648137432,1.1478409270407912,-1.737457000844299,-0.17001281825044756,-0.019215885440184117,1.4506016401112871,0.686751069837596,0.08356918557136016,-0.112996041369911
-0.04264177804156806,-0.8086785206366026,-0.19623631665727997,-1.1883573482539111,1.227109998033548,1.0484901730865281,0.37417616478160287,-0.09747878911186204,1.1866656177146613
0.6885579993435738,0.1364472075114003,0.5234522825106842,-0.24434200235081138,-0.019215885440184117,0.05281311682876903,-0.14383796643388966,-2.1211275037665747,0.5078851088020876
0.3445173936808057,-0.1725513716110795,-0.6254690114481578,-0.8614197739258919,-0.019215885440184117,-0.31035297328393885,-0.1112441573796003,1.8501736580820254,0.4839216165673016
-0.2359208050804078,-0.15982108783877105,-1.7919563103474958,0.3898949648969971,-0.019215885440184117,-0.04014700292981272,1.9838447185381767,2.0392013138930594,-0.2667146696048535
-0.030568906206873525,-0.8324751498359125,0.14221653309207943,0.7076458500113109,0.09048422263214345,-1.2055172565101022,0.1445285851942269,-0.4943894775147766,-0.5852775330501395
-0.030568906206873525,0.0779567782887548,2.059690381992704,-1.0396496881739237,-2.063521113018762,-2.100038926898968,-0.008499890597625985,-0.8578894272520368,0.10970965981668271
-0.5628675480821971,-0.27431628649262474,0.6624934064083227,-0.391784942049757,-0.07785185312594653,-1.5374027717604335,-0.0034483850478078224,-0.5199733343976771,-1.348364836093206
-1.6166949459955764,-0.8144561578169215,-1.6965615480433833,1.1699688875339385,-0.43997373261255457,-1.7098867391044112,-1.8821102033656267,-0.15826798092265815,0.2117574365721176
-1.5418735618958637,0.2664057337197472,-0.48383775567251336,0.6283749184647839,0.46145659217151525,-0.17157328224278456,-0.993140407417171,-1.1880347474409545,1.5599583853639967
0.9190128380209646,-0.02462447449647896,1.5260665425695752,-0.2581899071728546,-0.5255946053086183,-1.7956120813781087,-0.6078886175722048,-1.2459567806481795,-0.9226715812310056
0.4226357972927773,-2.296729367002083,-0.5605041961101094,-0.19009554784252478,0.5653040447253738,-0.7375817379771216,-0.3869840714427801,0.196037305778288,-0.7412265869337105
-0.030568906206873525,-0.1307530093027025,-0.01432374261568181,0.08960829204534658,-0.05851805257999538,-0.37876744795110157,1.2101232936935424,-1.2780185147158978,0.4755517207172561
-0.11965575483326711,0.9941194013411417,-1.2617659347871149,0.42293127044967566,0.7873982115382028,1.0536849232820378,-0.47582196178376646,-1.622212937351954,0.21537808196243324
-1.0009577535195453,2.3017646802029836,0.5785578175738011,-0.21490128367034422,-1.0245362590783602,0.19717076140233394,0.8422360386803187,0.42191989558168413,-0.7932553073380344
1.117607217033832,-1.5713109828152743,-0.18630203159659847,2.2112725164256766,-0.019215885440184117,2.2787083461913884,-0.3699700902516784,1.814969195977584,-1.2362236494930787
-2.0430746291185358,0.3468190804053564,-0.4216635269507014,0.5050999314018648,-0.019215885440184117,-1.7243728410040664,-0.293101911588934,-1.9211883942157197,-1.5574653873950046
0.5981696299828034,-0.7672713265029731,0.19840823831909507,1.5143852533007092,-2.0367465616925586,-1.2392686108251267,0.5595924041237095,2.633559134403647,0.9282638276073233
-0.9253475629229826,-0.43150556094340126,-0.9618399875765362,0.711485246967395,-0.019215885440184117,-0.32629319107910176,-0.2763887023991765,-0.8365803810063155,-0.5902731242749291
-0.030568906206873525,-0.10431743697336361,-0.5136858292449974,0.3663567018803316,1.3329288781764674,0.5069112201634036,0.594765538266083,0.10825350536315909,0.312693115839589
2.1241322719391658,-0.17534439031048515,-1.4807635815617137,-1.3862448869295358,-0.7528273217655634,-1.1928686703045808,1.2902891050100065,0.15090352653902459,-0.011962508474139244
-0.6360661755180503,0.5103893579788917,-0.16792987883377114,-0.5457571269198149,-0.019215885440184117,0.09218865298248649,2.8040786293343247,0.9583708375388852,0.1501643957274001
-2.0336813094211803,-1.5240155384930896,0.26995581111871036,0.08669542447907588,-1.4098070166996775,0.6719344625729716,-1.1108191472122182,0.24727984683791723,2.53596391306754
0.4594649769817557,0.008027738632719187,-0.32692807451970135,-0.1278959116986008,1.6293573293478432,-1.1057339220344398,-1.06187806938103,0.6619248969034014,-1.5957365925392806
-1.0093941512054945,-0.5916689228549427,-0.4524455040279986,0.8250020128833886,-0.8290421269707461,1.5370737599697508,-1.1932147509493038,-0.5283454743374224,1.6166870366605626
-0.030568906206873525,-1.4822422820995342,-0.7643662860432915,1.207362982348505,-0.7385729987296561,1.6791257963777146,0.6965933364968634,-0.8541028697122486,2.6460137287726195
-0.215801635291606,1.0895719606804515,0.6018558275909415,0.4807188357880593,0.46027947623252174,0.4633471342996275,-0.12402267845301877,-0.08561766981982037,1.2084139297763954
0.4732322526723999,-0.10553177147524045,-0.7060147108704424,0.47834634163505185,-0.26038422276567175,-1.5589390659651163,-0.2714167298270064,1.44929824031638,-0.8514696363655032
0.7383564406615527,2.507380030381901,0.8171769750131072,0.548216943399864,0.021591490953392713,-0.5329734802335792,0.9508374924707301,-0.12370549576403365,0.24187959802054718
-0.6651297236197408,-0.5247568420500607,0.26353977971477055,0.02438001323273475,-0.3402669529718202,1.2107529027202995,-0.24108079746686942,-0.38665026832544375,-2.1548618589165636
1.6431151766473568,1.7778422381082277,0.7540275108968352,-0.6271469165778617,-0.019215885440184117,2.3856304787473155,1.2576791314140157,-0.04535733984945999,-0.43921873887858487
0.43627672601418027,0.3652229236897456,-0.5297119554038793,0.355871077668985,-1.3074029741931774,-1.9634924663564182,-0.7631801857716062,-0.5876205029288528,-0.9610842941030975
0.4249341273539049,1.1680475382624447,0.019331235461379055,0.6304532298613708,-0.019215885440184117,-0.37707664302230337,0.18957595406268246,-0.9652811044882249,-1.2079291602480193
0.010948096116619763,0.765745684424683,-0.5306936005134764,1.2915702424282953,-0.3078410634393819,0.18074933792970754,0.6988824427137913,0.7571928835313579,1.040581450727738
-0.44866064113528437,-0.4973058224874263,0.4734246823562531,1.6225108986341736,-0.6848568735641561,0.5578881498937058,1.0472504751735345,-0.5425281323758198,-1.0687637769321974
-0.030568906206873525,-0.8621243193900662,0.639867512295191,-0.04386564017368813,-0.9370678339511084,-0.545183847894248,0.5793003730998285,0.6056841227842301,-1.1865333681973893
-0.8378835717245849,0.42659349477534203,1.279602892874994,-0.6382318975045027,-0.5905159359928037,0.6738809827386287,-0.7461927195328879,-0.2678075615432896,1.1545235509779834
-0.3863279903220046,0.06263431392926723,-0.029857452679816324,-0.7625534188803125,1.533769084202392,-1.626810111292075,-1.5458147513803981,0.02541508728800678,1.8610926005023314
2.3615200874039974,-0.3479771893814058,1.1717742746359006,1.136773498003226,-0.019215885440184117,1.7109397886021636,0.0031025940586623646,1.217629576926945,-0.028811057286162352
1.0039461962119993,0.6170276934731515,-0.40539272775414825,0.7344519163883011,-0.6194964246088344,-0.45685796294869413,0.8695872790069646,-1.6708923509954359,-0.3673840501141649
0.5576581058292347,0.43557005602868143,-0.6841062545333372,-0.13081335362024643,-0.38319242539795356,0.2564066738393982,1.182424926512665,3.662292107584901,-1.4355612220233351
-0.11513474609192517,1.3965197465557342,-1.612574145977865,0.5813365658266829,2.949711918170135,0.7415998594619525,1.2451935642899967,-1.320766540553704,0.4695839695199892
1.6487619098381472,-0.6415630253586482,-1.9891459451732652,-0.4377365996394813,1.023542928062092,-0.2669768605092628,-0.15731964047394703,-0.5525559426177586,0.3378170251507046
2.0871569570567168,-0.5730513275106871,-0.14220333724377443,-0.848461953755319,-0.019215885440184117,0.7409393496262142,0.6719166257238044,-1.112912581916801,-1.5051936169805453
-0.4783911450808003,-0.8057784592844022,-0.6632126515631277,-1.0523136030192526,-0.05279798873317976,-1.4351329732383498,0.43416389676279826,-0.7694454583362788,0.3981121362227295
-0.24786193263411663,-0.04076517329584646,-0.21936824600814134,0.3929750118425058,0.5641632922101898,-0.1991928480985387,0.92548951656021,0.11508160699151372,-1.962045262915405
0.17566824566064257,-0.2349466352460404,0.9310862628849832,0.2196875162467932,-0.6667313501081691,0.464410989352417,-0.9765512088481141,-1.2019032702639292,-0.304287475068395
-0.030568906206873525,0.05203174998789336,1.0496926659660917,0.18934354424498012,-0.019215885440184117,1.1122194638634124,-0.7771152400828166,1.2198702894066558,-0.805235405055761
1.8795843620345172,0.6550712148662964,-1.7243854968997205,-0.6801263070492287,-0.019215885440184117,0.05457361443603282,-0.5786524986466969,-1.288126040468409,0.26328743714404235
-0.14589065207018867,1.0702617055812127,0.07966273289808071,-0.900595216528939,-0.019215885440184117,0.8487454245644552,0.5710772891145485,1.6018894905033974,1.2079513334294107
0.837052628545695,0.4957619998391056,2.1748269410582513,0.36713184571346175,-0.8974880838544379,-0.7720982243749445,-0.39468882312624715,0.27360986033464174,1.0279532272412164
-0.06067110974993861,0.8097370428026246,-0.2482927177641699,-1.1407187875963505,-0.631592408533169,-1.9506198586347092,1.2407687122779065,0.02541508728800678,0.45995933920086524
1.314458153755953,0.9928660501933643,0.37907265161669684,-0.21849309824896754,-0.019215885440184117,-0.59028318478541,0.37791728991828827,0.02541508728800678,-1.379773534966861
-1.479026096088656,-0.6969240955973341,-0.8108671119304245,-0.7959182349983753,-1.8274907285698325,2.3777943364461622,-1.9711718499900408,-1.7331366884530575,-1.052864345133275
-1.1210735549665511,1.067397033014524,-0.7898007579648878,1.2910888244573124,2.1037913810884823,0.2588572090902251,-1.0420393182763885,-0.03901501463979438,-0.1273496415706103
0.015302914012038345,1.437020606925628,0.18325793056557124,-1.4532505852402553,-1.3918430990816084,-1.0685633087685604,0.5461403800986668,-1.3000755225613307,-1.1641656446617628
-0.2976093944983587,0.9195721952671247,-0.9314228382849759,1.216077798606657,-2.10631704832367,-1.8886351763913733,-0.45313645864582486,0.02541508728800678,-0.2128470595847005
1.2925014782915403,-0.37422768441148496,0.3515758695707511,-0.5327225410411248,0.039945791726000345,0.7125726740401095,-1.8181692496297988,-0.1405865159259185,0.3731913258169637
-0.030568906206873525,1.765306237664183,-1.3619932614011914,-1.9436796695325393,-0.019215885440184117,-0.7798203549459424,-0.8968915583221917,-0.4312969360416878,-1.0295391243550331
2.368645762314838,-0.4482622094106638,-0.011921842996014679,-0.07824195773555669,0.18274349769614384,0.3539000516228228,0.6705550794246018,-2.020763334130564,-0.011659042923393249
0.608431926524042,-1.1123197790807502,0.8665583019019423,-2.914694857271886,-0.26812964711163123,-0.7006678988163543,1.3414071671977672,-0.7525059568356868,0.12215438777656284
-0.5522569517817281,-1.2821643194786292,0.13270215372807798,-0.17726020128938175,-1.1887221483529335,-0.08273521088094299,-0.11874568208001253,-0.017284267239353997,-0.7486315710400557
-0.38579928822902737,-0.34268398093914787,0.4994586965592867,-0.23404124621213007,-1.2353388757896686,-0.22012734010918072,-0.4090143401729971,1.107372060194643,-0.31251451220657533
2.1174903226646085,0.4610908245960393,-0.9428645834669552,-0.37017978309492106,-1.0135644192027686,0.4998931897360551,0.9523911973375451,0.41515581132515766,-0.7310495091215523
-0.399666169564627,-0.7249705950737743,-0.8292011514976206,0.38789265052083177,0.43153926941831283,2.775562847429123,-1.2320285280450842,-0.5834921250149476,0.8895070823147435
1.2073016722630683,0.8103943718653235,-0.30019791802096407,-0.8882889472838609,1.7101887403885436,0.4840403388611863,-1.1586133487192811,0.4821783929287983,-0.6568015971657467
0.31598427609035057,0.4452852820933822,1.423922152239335,0.6569650381328489,0.884440313717294,0.24224886852440797,1.298797999834851,-0.38003590965159223,-0.33284854996554897
-0.030568906206873525,1.8213322074594094,-0.7753716064238851,0.8543663110487714,0.7784238793615353,0.5382732132854614,0.0904744729155256,-1.6385968812324316,-0.9559705499709181
-0.25220527159024214,0.9165001303539307,-1.558471799343097,0.3602761100934319,-1.2103029504934117,-1.768742136340996,-0.7294621466728534,-0.9048226960590794,0.12894825584926353
0.0165608608279485,-0.5806993951658953,-1.0500219782629432,0.0341573999695393,-0.019215885440184117,0.2362143112523009,0.03156309285900026,-0.3432440527998879,1.9111597912370375
-0.030568906206873525,-1.2180765649670515,0.13655390566070677,0.09596056746631648,0.03274641518308098,-0.6136536747372907,1.5092586053612083,0.9756211770660771,2.039390492978703
-1.7329124047532194,-0.8208515499344073,0.9606495463602706,-0.02592729190983953,2.18973683482567,-0.5221869231829664,0.8458185338500396,0.2614575414663158,-1.006342752448181
-0.24179177443557529,0.8168365519759291,2.2451438531096706,0.39297759144099526,-1.7282345066641165,0.444459332673709,-0.33608144636322757,-0.3232958649398372,-1.3488552491182617
-0.28663466470956955,0.6142495808679332,0.3750118721281191,-0.20691641239212796,-0.08976630617028207,2.3790562381957434,1.463126008346193,1.0182080738472217,-0.7341706360523143
2.933316676337749,-1.5683899083738,-0.6522676976617342,-0.3142741260849585,-0.019215885440184117,1.5516572492863523,-0.6618912170838057,0.2261801298424133,-2.1743636265888178
-0.010322724513225447,-0.24911834899309618,-0.1508170643650838,0.20443928023588276,0.732923526286307,2.829765557033774,0.6074454613520548,1.181775384803281,0.5483835268784044
0.28472713398756394,1.2317420957879655,-0.017319804641135313,-0.33009647419141913,2.0299179222404415,-1.590562484588897,1.961490198162342,0.13614304910621394,0.3440930942259615
0.8918128458679755,0.5753551208746925,0.5873278841452604,-0.3517413874731151,-1.4052264356862254,0.19189488505898775,-0.4342097084968966,-1.2535383778655147,0.22632425831925881
2.1251841707965315,0.4732416665025869,-0.02045096108895737,0.23486729906660614,-0.019215885440184117,-0.404988697819723,2.1990347101151873,-0.22193795747128112,-0.9009034895678258
0.4534690895915582,0.48277970349985755,-0.02483023803511269,0.8391569921293536,0.7621360963710688,0.3595559036060562,2.171637342197588,-1.4548666748623333,-0.3782352531877989
-0.030568906206873525,-0.31121101341901947,-1.6362560815208673,1.462144905470603,1.9947525540294124,-1.7243293488371896,-0.42820036370546166,0.38136965693202457,0.18262215241686539
-0.07115645782705564,0.2886604710968995,0.0910683782846861,-0.7433810829348133,-0.8203500222141202,0.1711304401054353,-0.2289742548960545,0.7481573700633178,1.2274874161683862
0.38646001658529344,-1.0954596266837737,0.8120765873419948,0.06319731643818928,-0.019215885440184117,0.13450301707410967,-0.33078219226773786,0.059245742228481904,-1.147292453100086
0.06547165016691552,0.29952894444753136,0.44607071532922105,0.4242657270511892,-0.34462900828845466,0.7085103363949007,0.3950761653149601,-1.0772652324947931,0.9858890725424181
1.1858599552096372,0.6102005489583316,0.5961305263156256,0.12871268800450283,-0.019215885440184117,-0.5424218120195312,0.5105563095242334,0.8019486992517265,0.5662871938258158
-0.5957903160326207,0.46336021324762666,1.5472645924958774,-0.5500768544648479,-0.5420597096109085,1.5389777440195347,-1.7026665681025832,-0.6214620071371093,0.17050241336544397
0.07019280879961966,0.8763086721516624,-1.9170362374157628,-0.6471252827693451,0.7690381464045126,-1.6424975636809493,-2.6504454181864774,0.9681736526425028,0.041838579978224065
0.052034406975708346,0.045131593471898865,0.5865360421179935,-0.23880881073536644,0.7160184166811814,0.2538208976366677,-0.5342233144453385,-1.0679005354488285,-1.3014311847099174
-1.1558497843796747,-0.6419113545313703,-0.743976065541885,0.21319651046277108,-0.5910913767530082,-1.472735400163471,-0.6352671069012668,0.02541508728800678,0.5002404607233213
-1.2395453431463135,0.44155725016125874,0.8380795101112156,-2.052930192274895,0.21725475889538484,-0.795086676335546,1.1505959176067306,-1.9004473453830997,-0.31144827422185883
2.172459778225565,-1.008112389447039,-0.34175221161529035,1.846154172006466,-1.7699263758338548,0.2290281618030519,-0.7329713315355105,1.030961739021372,-1.017565630198844
-1.1349505081953604,2.3288508333526003,-2.1753611621317557,-0.8370377144228865,-0.019215885440184117,-0.989905646081671,0.3140274065561815,0.03147946864218862,2.187360281078059
0.18401881504978285,-0.08848692887691975,0.5535254282263735,2.064041655737881,-0.6721876438902121,1.601167229853529,0.6817467279989257,-0.3221188790139955,-0.39715857194392445
-0.3759838745558175,-0.4734026595190482,0.06348324504348554,2.1005589199478782,-1.7087565209203255,-0.9496308663941342,-0.6906613211640912,0.02541508728800678,-0.521155614648342
-0.39776321619468286,1.7005072801536214,1.2430944385943783,0.8524155380334485,-0.019215885440184117,-1.209351152164739,-1.3406616673102945,0.911635370333746,-0.7476507240957823
0.23566474372206314,-0.13409052148342665,1.7243815865742036,-1.2603572434178525,-0.019215885440184117,2.009077866612851,1.3542913823720313,-2.6234546378322454,0.49930335774441315
0.6197234855026815,0.45249292694747223,0.5781619102369568,0.24667575792281835,-0.019215885440184117,2.595929774599918,-0.10009997050194602,0.20453571142012236,-1.0418766154796777
2.4484753371984738,-0.8527059458709744,-1.6922757037030314,-1.4073732176227773,-0.019215885440184117,-1.238839053572311,0.6140772297445737,-1.234271703898992,0.4287069431899729
0.248349110335968,0.20066261646659295,0.41114722954524996,0.6625631414086172,2.202383524619947,-0.277964876083114,-0.300259815390304,0.5223159605092028,-1.79749182093529
-0.6304500887948787,-1.0209550612061815,3.0014240110913124,0.023416620158553916,-0.944071211895997,-1.0280559370936362,-2.765035029100771,-0.6734590405588183,1.0845873119557743
0.15073232970072323,0.28196859534974694,0.2158708090127321,0.6652044191610607,-0.011881022217287821,1.2567753713754723,-0.5826656284693924,-1.5914366637154518,-0.03982767744902872
1.8269155621167814,-2.3706190180661344,1.928813198151266,1.3873596857788248,1.282415154333615,1.043095368825783,0.21086581962873907,-0.44143135221054697,-1.2166362213234858
-0.4134582353821869,-0.9730457018532537,0.2692758656641277,0.3168712045388439,1.088708964033321,-0.7393742483705247,-0.45771456270379274,1.9396317988767586,0.20609319543866533
0.3662140416269767,0.18983734919553855,2.586268476011079,-0.8131429363727327,0.11869829611697567,0.38506363650724224,-0.27946085968857987,0.47096472706867887,-0.2615801869673268
1.0540371801061603,-0.3028705285141541,-0.9362393113885873,-0.5174297803149869,-2.191902088281973,-0.4350634058593581,-0.5719487968399525,-0.8240513451084446,-1.156677758803142
-0.8430200795199215,-0.05834649442790338,-0.47566797551778445,-0.9194144016313985,2.1140099868679174,2.41012830496225,1.0184709306803177,1.70377408181103,0.3380928108624014
-0.40554856940784334,-0.4926461629514627,0.8157520593513682,0.1159369364874411,-0.2061767486226895,-0.6578672401637141,1.096244660259172,0.6189996705863836,-1.6472062784150818
0.841637008209386,0.5470964020092866,0.014882756546745712,0.5897563681216856,0.6380597723912869,-0.7988465289812697,1.2633136508949405,2.1641902026312394,0.8395199541210364
0.2015633533527012,0.08118947957422888,-0.5374313607219213,-0.3214121088516649,1.4976525098469529,-0.8716712499534368,0.8117769725380217,0.6156083895121938,0.046722695651892805
-0.030568906206873525,-0.9070334306197798,-0.07968462562959702,-0.3292118760171065,-1.3213181496589668,-0.21287415912805333,0.3088293710454506,0.5971855181302799,-1.8819932842170817
1.1115996345655912,-0.8256535468663209,0.22272803023229268,0.6543972278290527,-0.019215885440184117,0.6310169666416117,0.07529564102994853,-0.1405173941771666,-1.3478552317029455
1.0470692410040459,1.8716604039935745,-1.1751768359624768,-0.44807202100626103,-0.019215885440184117,-1.0401279520346454,0.321133256739374,0.6030224740639828,0.21476624054649068
0.9599103168567217,0.23299037737633546,0.1257905479290123,0.7220089214834737,0.6921867699366453,0.0875471339434201,0.8530258205085581,-0.23699748082577127,-0.12589937288276573
1.1739971906606539,-1.2040164983093564,-1.9591870414280885,1.08317219435224,0.6349545969231402,-1.5895056307848305,-1.4662973283528216,-0.28645482629362795,1.541185172875267
-1.8917185822234535,0.6680376353335692,-0.485041978422329,0.2570212291241569,-0.05341240374230961,-0.04579918034151595,0.22239643044257051,0.24610138392289008,0.7852742566483453
-0.19567613169105125,3.3742460210126937,0.7558596207497816,-0.19072104421576985,-1.1231654514106306,-1.50503876531406,-1.5979090538464509,-0.3325891959229677,-1.881754351108777
1.3989109117733414,-0.052256533467162185,-1.414768047586275,-0.5819178871311111,0.329691905393733,1.6663580062488434,-0.18092000798076624,0.5230314591661225,-0.8869345893885584
1.719534502128934,0.13242781674163723,-0.34029185442883153,0.2493724033342703,-0.019215885440184117,-0.7044755175849012,-0.8841212307691344,-0.11354757370247376,0.5531568529871639
0.21387645322358467,0.3506494473321593,0.9168019457726658,0.4377545606186814,-0.019215885440184117,-0.4376610254142824,-0.33353537918147236,0.8622033881471702,0.3709466602681903
0.7515699414780173,-0.9158110272426282,-0.45021905036810106,-1.9246849551986052,-0.050112108178597896,-0.7992266248249258,-0.5269825892241863,-0.6239634904894356,0.8014674162731152
0.6608006579723003,-0.7590544353857474,0.7365008149909648,-0.45295815973454806,-0.40753424954144335,0.8524875173969487,0.5825782535900215,1.5804555258568376,-0.2644723054677814
0.3979752749671482,0.8291883657169398,-0.18591694184938015,0.16827168275660537,0.4800435850966881,1.0148611426732514,-0.02048393580463804,0.4450374911174193,1.9327366620680244
-0.7451501573485299,-0.48248694450076235,1.296634013067337,0.6067582995866736,0.8539147153502529,-0.4317996139562863,1.8808310031065618,-1.0145987562476562,-0.6217784197761147
3.031537056089932,-0.40631205221739425,-2.0296180110528512,0.18788398246632176,1.7992550579877582,0.5849561790643405,-1.0415700410809607,0.20615784474530277,-1.2480065714365869
-2.5466239574555276,0.6048226284348388,2.331781206125857,0.634368444706445,-0.019215885440184117,-0.9347993979646781,-0.07374612745720284,-0.8487346712228775,-0.863363910282956
-0.030568906206873525,-1.6663434983289682,2.6549962278810515,-0.6790369854953952,-2.5827549179321574,-0.7245349639744708,1.921406931047923,0.2535454405315492,0.8086997205697873
-0.5218308263541676,-1.0475899489139378,-0.11861442435234935,-0.01869598074736104,-0.019215885440184117,-0.49374704165819083,0.23509580404932728,1.1244122274663053,0.19633843290663142
-1.1942741956471028,2.56098767916201,1.5364145071848785,3.7071669160778673,-4.238648822288744,-0.4385898651172064,-1.1432033458936246,-0.7015919626709062,0.5810806671561688
-0.740774686759218,-0.30026815314722743,0.7780936611935898,-0.7467998295230264,0.11752599915148326,0.02804096382145843,1.0290944290675503,0.1525340912455611,0.7249337583376375
1.1642480890292302,-0.2782899628033985,-1.6027317657947628,-0.4730833966551871,-0.019215885440184117,-0.5312733834573675,0.7432328727622163,0.7432988069804427,-0.6325494918424374
1.0418357040699393,-2.1869081100988974,1.1636444480137922,1.7065069925424101,-1.924327044211227,-1.0590923159685917,-0.40212000080662674,-0.7734247905993589,0.8211012742393251
0.08901858764616519,-1.0258051405858126,-0.8743167598611918,0.14796184339594892,-0.2670218705380253,0.1681516380724236,-1.3591697169801247,1.5042594440912096,0.6262875578768913
-1.4386852140886017,0.7455318934541749,-0.009741789218108586,-0.5414823910706945,-0.6119806435280265,-0.5128303978929153,1.1415612811126674,-0.7760901620674409,-0.7075371939011161
-0.030568906206873525,-0.10276012847052823,-0.11345257256937541,0.13459517178907657,0.7081799927753543,-0.1296342447760777,0.7628841685465796,-1.7766583056915282,-0.19915411491071483
1.7281071516108106,0.42107861314975675,-0.4227942841918678,0.5150533223784244,-0.019215885440184117,-0.5015008232643944,0.9725418889191034,-0.011071396092770244,-1.0261339679621322
-0.030568906206873525,-0.12604239158324812,0.40786191374639036,0.697418287831356,-0.019215885440184117,0.4691569649547605,0.7234866664491899,-0.49418216836049145,-0.551256124828385
1.3833222030428116,0.2886857815759952,-0.11639516525178632,-0.09604778804848363,-0.07826367854064276,-0.07261185054702933,0.5631923583779577,0.7365776091805674,0.7604589065475831
0.12273421203093587,-0.06965924535837242,-1.5711702727240426,-0.2766441764250734,1.6778196828896192,-1.4280141215821136,0.5255840888414856,-0.07221214442322603,0.39545594899746983
-0.9848258196575752,2.680737953843871,0.7338489420598577,0.01769503816296,-0.4224372741350562,-0.023868518683093587,-0.7462250375254932,0.09413987634729083,1.4622329249717732
-0.030568906206873525,1.4215905650736467,-1.3967484717650456,-0.5393544719028701,0.7147851030232741,1.9850997525010081,0.28043095137170254,-0.2115917041900774,2.1513121989676804
1.1974102924169654,1.5183388265255782,-0.0808711791819815,0.3760676094405848,0.25608221968630707,4.021171093988388,0.8025559980698093,-0.3627307480834786,-1.0968347929147881
0.4609045156015852,0.5064930098589261,0.384967391079545,0.32446431093595857,0.8257170582254266,1.4285838892773097,0.2977270247302199,2.597816260010424,0.24564376221521886
-0.030568906206873525,-0.1868418890631852,0.7049858157908795,1.5628005171331052,0.6474602997765052,-2.0282623635772286,-0.25107029017994703,0.056433529533895896,2.121567678275217
-1.1279235996334946,0.26800049255699016,-0.38193003400108927,-1.0159388026074176,-0.7471176423677829,-0.5663740862252398,-1.143444959737947,0.08416187560355587,-1.361241130250957
-0.5418617352059663,0.2713881238762074,-0.22636814175595374,-0.023777165975672143,-1.3680584219390328,0.5435447021710318,1.139110434023889,-0.11409052098897583,0.6498243765376734
-0.030568906206873525,-0.17294208471148773,2.0453930682230186,-1.1881052736535354,-1.2569465773316852,-0.7755958972969982,-0.17958432974364902,1.6312731657391304,1.302361164213551
1.9330946614008502,0.19296261170383144,-1.3603035714352738,-0.1464205075582361,0.09883750841920123,-1.1704597386723021,2.9262984043851734,0.35899209699359247,0.9189062932722223
-0.6510703383381143,-0.4660654860926508,-0.7710211532827348,-0.8082484240536341,-1.1021217272851036,-0.4486132229961557,-0.8134098897795671,-0.2670727056713276,1.9021545207017443
-0.25723786624937456,-0.851184466316778,-0.5379028903828516,-0.45368034616644054,-0.08542808995394212,-0.2840182036314837,-1.0451973373549484,-0.8897836399624373,0.2636102003042824
-0.9073875411012134,-0.399890872346839,1.5693667851085482,-0.6566803233809396,-0.17146024977991584,-0.9111937844277953,-0.5230283913247482,0.27618842475698596,-0.21201238521048724
0.6357319377678006,1.4586915888422451,0.9908959039280721,0.3740564278043442,-0.7116426515846629,-1.4578996770125527,2.5391529251388953,-0.2903893819485989,-0.7135493580617219
-0.7744103979112134,1.6132499633215778,-0.8117926224114472,-0.4538596274483359,0.05593161048175073,1.1075347182875483,0.5033924182117074,0.024510209006459525,0.42091698188600424
-0.5462178502096893,-1.48123246497322,0.11743013559288662,-1.3013382959500568,-0.019215885440184117,0.5770795685888835,-1.4164692630343754,-0.27409968110544264,-0.4543251735671709
1.774246799157021,-0.19484120093486015,-0.3579966607359973,-0.027115658158887498,-0.019215885440184117,0.40967539846514384,-1.5673469257832071,-0.12259849914351811,-1.1381117246388708
0.6038589014882009,-0.48999058076842106,-0.2858992078315764,1.721089671394076,-0.22834807489745623,-0.5172540670986662,-0.9125223783400354,0.07015221801059845,0.12250311456618143
0.4397175055535972,1.1469609262461749,-0.025141357688972354,-0.5023284332639745,0.17950834916984373,0.5479308256923583,0.038570453294421554,-1.8734761456849671,-0.3244654106003234
0.37788115255885213,0.2619189731669239,-0.4671715876790727,0.025251940901415564,-0.7444110057741691,-0.7087111154607895,0.9751672951015431,-2.1050662609839206,-0.03265747084547788
-0.5915588474800115,-0.13189986212198632,-0.2920648814577801,1.0485386174789648,-0.019215885440184117,-0.3278528033813574,1.1992854694263737,-0.3096549342936606,-0.9762434979407195
-1.4819743970977564,0.5553817056561453,0.7296645767912969,1.7507405787998414,0.09295893618548456,-0.6534110737219548,0.3733121199755007,-0.2895931305747859,-0.6084826784386027
0.9383000122468639,0.894581812055719,-0.709041667079302,-0.441749045173842,-0.5365367981353564,2.5743992804676985,-1.1101655355441464,0.3672091705923716,-0.597382848875517
1.5145715018136776,-0.9988758152580903,2.010700164243049,-0.12613362485939897,-0.21796182266071235,-1.0164412245499248,-0.47347758038728616,-0.23386443537346324,0.6553343395137428
-1.8844562665195286,-1.7801498886227076,-1.146929466052779,-0.9437101971294449,0.8470722781152579,-0.019106531292680848,1.6127760439393233,-1.142698262449429,-1.0271904700770091
-1.065112839978846,0.9872397216760682,1.5362969671655125,-1.7322711186499358,-0.019215885440184117,1.2133760363246802,0.1997154078594017,-1.2274312857226544,-1.5068370774169118
-0.43656041306850335,0.18439273751346055,0.5206610636820832,-0.8383369413092894,-0.31239827597683084,1.7211003489510874,-0.49478235876195004,-0.6625600878986448,-0.7606092381015042
0.3492072483283067,1.9933309240868888,-0.4015568511926086,-0.5121096528566209,-0.019215885440184117,-0.49780178713055573,0.6988158379852146,-0.9076253000152842,-0.7644836055889367
-0.10903683133361258,-0.05092709703007947,1.5608564926901225,-0.4655561958000087,-0.9379998743172276,-0.4088372512608512,-0.6944248312742008,0.23358277079311054,0.18847279851749976
1.0006419957711252,0.30650580603193595,-1.305595951617344,-0.39673968420029326,-0.21099649527888317,-0.989659596922875,-0.08351775664340409,-1.511747134823629,1.1921236955010412
1.2576733911308593,0.03455875903501417,0.6846388484043503,1.1584193676563161,-0.019215885440184117,-1.3639616298586235,2.1921393550934614,0.4335547273038767,0.17600622950110578
0.7659499600433664,-0.25262837869313004,-0.22666645112289832,-1.3218780396322365,-0.019215885440184117,-1.1932811664293779,0.2397219951131733,-0.5287428729343382,-0.43547153082440476
-1.313910453904688,0.05551735070565949,-0.5814677705558571,-0.255357206873125,-0.18816590384949394,-1.539413699161171,-0.5345530459277641,0.013425942605137154,1.1092039021321158
-0.6643144956422632,-0.37363099771874736,-0.44648855918147595,0.09954775134597683,-0.019215885440184117,-1.1487458508268988,-2.0077364529766055,-0.4536215506569492,-0.7571632643307641
-1.15010751606975,-1.0167013656051525,-0.2559628190197944,1.2360627398011974,-0.5391267334683308,0.7887790920153517,0.3712432675858289,-1.1067339971683945,-0.5077045843512991
-0.8699318712568176,0.1646154690792497,-0.749013518971041,-0.15993025494440585,-0.13351476967250978,-1.8143309352979637,1.680786207180005,-0.6817786505280446,0.5788243519449736
-1.6132903918209909,-0.5326085825525155,0.04605282989888372,-0.2139489265431232,2.032840834532798,-0.7000143394436589,1.187546214430819,1.2895149380386806,-0.14573144868601712
-0.030568906206873525,1.7324851787470539,0.7965853044940645,0.8806027579316382,0.8551040515834102,0.6398734953205506,0.4703804309999485,0.2908930205440869,0.9270240967225961
0.4954343932635234,-0.5124164770839521,-0.5537908367197026,-0.46156164369188696,0.3947582867789887,2.003558465387615,-0.6614937472890522,0.9769387806492446,0.24579451961974305
-0.9626862083054575,-1.0306225612149904,1.1411787387273606,0.7480835801620551,0.46680568644826126,1.5186483084543492,0.41248891978964125,0.39849013748695267,0.7665291672369569
-0.030568906206873525,-0.3606985436575881,0.754819526471283,-0.3541971955666126,-0.08419096450325086,-0.5735226962618105,-0.9794905131715587,-0.2627579798444097,-0.731245756008137
-0.20206168066838642,1.2183950932053274,-1.5612711335669092,1.386252152617716,-0.019215885440184117,0.9033012093806374,-0.8137400461584555,1.6157711855582026,1.0318281996527783
-0.030568906206873525,-0.2424133991184883,0.6654464376456083,-0.9443041379336073,-1.617133057817766,1.1451101636044592,-0.44240385916889297,0.02541508728800678,0.5438093891930198
0.07166792027371571,0.4891700726119786,0.4289577361596616,0.6417794396779798,0.5271832484703245,0.09103271553507691,-1.6209375244514106,0.5975500860999959,-1.3004838406642272
-0.02421411912203619,1.013816785769107,-1.063293334832553,0.451190890791225,1.5649784385339873,1.609580932515737,0.44966101842554457,-1.8931382480466772,0.3882581399115358
-0.429200996214813,0.6860387116071217,-1.0362020300468033,2.3718115407960947,-0.019215885440184117,-0.08178842936281526,-1.9000159297872703,0.8182003262731434,0.11710602896331318
1.6449541622129842,-2.2076230609617946,1.3465030162600025,-1.4395428063191673,2.578437083902959,1.264095305222651,1.7286737744308727,-1.0356066461728557,1.62565174950635
-0.030568906206873525,1.6068478105394857,0.38420224471390174,1.129122706083304,-1.0198585460220442,0.6787619198610554,-0.03958936752065361,0.18614650142508457,-0.041923999908609406
-0.3737004616336414,-1.7931502946533147,-0.3098126265704544,0.144841560592621,-0.019215885440184117,0.7751088479356657,0.6265959545975851,0.02541508728800678,-1.015322363348349
-1.351316348755311,0.816582503136413,0.12212060249296253,-0.08689726339020543,0.4507839020640269,0.6018742907833597,-0.3756444309453417,0.754269454926676,0.9448348071603868
0.4872314675228919,1.3103120891005162,0.6806093438464292,-0.4005015176476762,0.6183123597014658,0.6943046222220584,1.3409014889589006,-1.01543375868179,0.3564417903142481
0.5805336004051134,0.2513969263808604,-1.0452982737214893,0.3757702042561269,-0.07404368062445776,0.2690002710227597,0.4238241706878719,-0.6813660415720433,0.7183480744637415
0.7229354709745235,0.7732263080955872,0.9042902042979214,1.0655937745394548,-3.5284944678087293,1.5908118843806185,-1.0725160563450709,-0.42117947592058685,0.9370539747261135
-1.0242778653370441,-0.20900556948409438,-1.1846407550760338,1.0035617338756881,-0.10571826650428752,-1.1934691945012492,1.1360251541881614,0.0015382792974929166,0.5101600871108602
0.823326354528357,0.7956458442651432,0.22790180896258191,-0.9901427777271639,0.5848760437840421,1.0727665122167092,-0.9306036838124863,-0.5604455434701419,0.4043280815649952
-1.8586156223024088,0.023153632404302533,-1.3746781077282975,2.310677134270746,-0.019215885440184117,-1.6331275406057304,1.7250082036565486,0.9866939775429496,0.49624544637619267
-0.3200204249923515,0.610061292613499,-0.448048061499439,0.3808531621748264,0.3454560585859374,0.4718637206455463,-0.8508387350975919,-1.5774546229134998,-0.49300115149752755
-0.8610902661099653,-0.36710307406821063,0.8556626208454287,-0.6661573332578199,0.40251068786592736,-0.2754841247095592,1.35787785852432,1.0145760497309513,0.20267956861964292
1.410200573460668,1.0118934827200174,0.3051495068856205,-0.04630377371362764,1.0744016551323448,-0.4017317529587149,-0.005894221731767426,-1.5950907805508416,-0.23200089950737962
-1.4958764292532993,-1.824322806538003,-0.3177567773466384,0.09276000318290954,2.3723025063785284,-0.8633504709095051,-0.26497635079336024,0.6186410436477162,-1.1837899948777577
1.8300409734102285,2.0760572152677854,-1.5318246553168593,0.771365417577186,0.7038190242088675,-0.9232780773470419,0.23494217202008982,-0.8560485453826471,0.8494990938997722
-0.7870002564246695,-0.8844900988240152,0.4639510561192104,-0.5130098460648979,0.45853194777241624,0.5429698569181535,0.454418273851993,-0.8132202010506087,0.17121521700850986
0.6786558617833249,-2.1824967387110767,0.23328534398064665,1.0362026529994544,-0.4437409238842048,-0.36559576010217604,0.3054824924540157,-0.22137463431530466,0.3923240919063308
-0.030568906206873525,0.3803268964121236,-0.6231887710913833,-0.7774555482859857,-0.628886945941358,-0.7784213488102066,1.0706639083560814,2.6052097271062586,0.6167467192660223
0.08708421898907212,0.22951821336728054,-0.387534375649422,-0.9747226699506455,-0.6128061863848,0.1185763540528952,-0.3877934718126023,-2.201966630413067,0.9379460012297623
-1.080486381907888,-0.620548637869655,0.5176756911393986,0.5982629255010509,0.9074177193491259,0.9023158083649324,-2.0215667322057604,-0.42853825102741777,-0.8711344413451498
-0.030568906206873525,0.5216160470536978,0.07440184075061812,-0.09954129060584387,0.00749294896903508,0.43844946402048596,-0.8039362670136607,0.21855730980342256,-0.737240423627187
0.496536576338918,-2.9438811848578226,-1.1274290900713304,-1.190837476555455,-2.3894766833281302,2.190879437949685,-1.4142866374026724,-0.0050768829370522114,-1.9563589055840866
0.19558231805951484,-0.6185932829395889,-0.5965065452985633,0.59191425764099,-0.019215885440184117,-0.9038971717124891,-1.089166547900494,-1.8237469593743807,-0.2006778882622771
1.3448461564166148,0.03510334821026129,-0.5120246194561678,0.3580896678971059,0.101863998170321,-0.1624797847098385,0.32680769409147187,-0.15625453353388516,-0.8388035187085029
-0.8005935526837923,0.16374387750958483,0.4003039362919404,0.3601142478565288,-0.555398269990292,0.0840730596918578,1.132903656951303,-0.3921042711009819,0.7860924057828432
0.3361270308959591,0.2967494521666861,-0.6806741273221567,-0.9954852275977667,-0.019215885440184117,0.3672622935319107,-0.8259024190987804,0.02541508728800678,0.5600489810388488
-0.030568906206873525,1.0180393721154875,0.09377452508669945,-0.4719919726744445,-0.4840094722905521,-1.6526992028090797,0.5536811246061242,-0.7328364027877369,1.0531037853093204
0.5704049107883731,0.8467643695136311,-0.21418144415644016,1.1835301835523373,-0.8660443123627939,-0.07445807765917539,2.4014834063573267,0.41561780055242603,1.01309623333728
-0.2747969947244442,-0.11752384606293322,0.637204122082398,-0.8173833358481666,-1.4453206320941303,-1.5820024271150845,-0.6174671100612192,-1.2724721893344355,0.4650973128332566
-0.7921019804053486,2.3824473154779304,-1.7035381409303259,1.8469229283283164,-2.37719606894142,-1.3181910965725119,-0.6615946527807494,-1.6917057214661293,-1.778960761141743
2.080925499323088,1.3938958299315152,-0.7763074367548933,0.9765543377813689,-0.019215885440184117,2.0812296389691247,0.21191736434616226,-0.24053167525070904,-0.1304349747420381
-0.030568906206873525,0.9473009679838078,1.166203796102652,-2.1699184952594366,-0.33394719026887265,0.0662393049287125,-0.7835862844557849,-0.5771620552929356,-0.5033954468071523
1.2562927164090567,-0.2002017317582764,-0.7579488433205573,-0.0251048602053281,0.21411306047907525,-0.8157119124299816,2.1254595104312477,0.02541508728800678,-1.5658279424282477
-0.5162885055703745,0.3290344668165734,-1.5249213536553385,-0.705782236518431,-1.3050358557991848,0.7889627749708334,-1.130440111732354,0.528011230033889,0.6763381809896417
-0.2375426080886937,-0.1251781943000043,0.046582727512179865,0.20900364986823944,-0.019215885440184117,-1.2550002514256278,-0.7419257917169373,0.02541508728800678,0.49392206393675214
-0.3347687422192186,1.4839163736768213,0.22959651744213455,-0.20978360503441648,-1.6570344236525465,-1.1986037676026733,-1.5237311696666487,-1.1889165798845178,0.31104060393291333
-0.9426607949871796,1.3542551597986925,-1.5858300501239573,0.6303670697962882,-0.019215885440184117,0.6071043132291724,0.36001169442374226,0.17294954941982185,-0.13223883428801655
-0.030568906206873525,-0.37701570610430385,1.1920471684223823,0.7910798534783215,-0.019215885440184117,0.30859943118340427,-0.6386151762060915,0.8721708602660482,1.3633922515934547
0.9977279539166111,-0.5722872498585422,0.16685826469450368,0.33504664663410266,0.525744850741343,-0.18033546972206255,-0.5811260982252027,2.7029304289007086,-0.6004697347775297
-0.7935915627778566,-0.6495188763785282,-1.1238811897733905,0.7832958344138202,0.3894824717314667,-0.5801265343664382,-0.5285030519294912,-0.0614414425009566,0.06407801913551471
-0.06243676498503771,-1.603092630911179,1.3095313211826696,-0.21540717126079675,-0.019215885440184117,-0.23365189975826464,1.0945621240589614,-0.7631972400845857,-2.6584431612496813
0.8481588196904237,0.5318186361727142,1.551612263385328,0.7803848187171506,0.3593032661018838,1.744597917836169,0.9689936849432117,-0.21348791487360128,0.5402535269520374
-0.2206761423373433,0.3935232683258706,-0.9209989419902794,0.2758450020601431,0.023456248360422257,0.8792351649114142,1.5371724175958557,0.9456818468242731,-0.018283955307625357
0.3157295469049975,-0.13135430428724476,0.2671587728014496,0.0781662981914935,0.0657294528425755,-0.7227152048345135,1.1881748670851808,0.28014833001162326,-0.34682602012557984
2.590867352374657,2.677629902708443,-0.7662153925728145,-1.5384337758564495,0.011347494455138827,-0.09030460920206868,-0.4764198509677062,0.3760068463626653,0.0389373251113535
-0.506024346392547,0.5378595625494008,-0.829878681202925,-0.33269319660228336,-0.4905688136337021,-0.7058125338388749,-0.6229882422108228,1.108428822972296,-0.23709422677458444
-0.7796253069231114,0.8377583636422031,0.1554599321087104,-1.5720114269738061,-0.019215885440184117,-1.860056502895546,-0.8816551361341437,0.02910264855192086,1.59462058711098
0.10914569517496077,0.167824704772408,-0.8477988815316639,-0.23715220941809992,-0.5444936621614639,1.3207377490959222,-0.017882722596240637,1.062642785755332,-0.24456855408091377
-0.030568906206873525,-0.13234637261763568,1.4012610719328673,1.1550292487421405,0.8198649778837735,0.5791033442803432,0.4953191317805159,-0.9724118994758681,-1.2502634063995053
-0.030568906206873525,1.735404515922663,-1.1246637843806477,-1.7086617641406332,-0.23065560310729852,-0.06828954762167844,-0.3350909447131837,-1.6534869958112643,-0.7355063605291936
-1.2303201623758806,-0.10270195375706181,0.013400655327020521,-0.5831531547091533,-1.820189873817678,-0.9444844372238922,0.42223239335858986,0.15523659957836466,0.18668938748046937
0.4925906249681356,0.8325482310755846,1.7684347690939004,-0.2823119996105365,-0.019215885440184117,-1.039831320791618,0.7356575566456204,0.5457178295424784,-1.366834774186549
-0.6600335899484779,1.1731041841379122,-0.596513787840159,-0.7078714394949042,0.3943083974419732,0.12327276278232173,-1.278308458599668,0.02541508728800678,-1.4816868287089136
1.835267859511955,0.5330512421227999,0.23793305496775746,1.5553925701933295,-1.1025549380403112,0.9774166162044489,0.5442554262823671,1.0572679500088216,-1.7999572411408842
1.5759394085330996,-1.053066613799438,-1.4457255609223674,0.7246619457050014,-0.019215885440184117,0.2917244020940901,-0.497592130878077,0.8919299724889271,-0.5681724113578321
-0.6020334514916041,-0.8126671690611499,-0.5962178753179066,1.4804177862284431,-0.019215885440184117,0.360223671650135,0.6289431076180343,0.8361655379033771,-1.07000563274324
0.34142237454526225,-0.48332728355172205,-1.130204058377146,-1.337817165055458,-0.15437106965202982,2.3473559732038516,-0.21586691795909843,-1.7064392850529835,0.6197179635396913
0.37331371383441025,-1.217447925224595,0.49734546868038526,0.7637982016709769,-2.1730114730534846,0.8408812016643479,-0.19380289018404961,-0.03542935916492404,0.26695240636981366
0.14704004747660337,1.2017340796821465,1.616228811721982,-1.2009079582820488,1.19850588150959,-0.5227034617358617,0.8434587411508826,1.4854929222977002,0.2496092305790186
0.7312378755104848,-0.8709959781223504,-0.06015578710121299,-0.573838119232624,-0.019215885440184117,-0.10802815076030495,-0.5977274051037912,-0.39747353373236716,-1.939670217929308
0.010120436600607883,-1.7349489954028536,-0.33252783773211714,0.28493650997018105,2.464205156530017,1.2399939332680943,1.2996166709126613,0.15730758347484733,-0.44261211920164895
2.622037767254713,-1.0448776479556119,-0.3472574722267039,-0.019451606861813117,-0.019215885440184117,2.048848129912408,0.2137482365231324,-0.34661216751141777,-0.10099295772045429
-1.8664790595863274,0.33222761282880403,1.4234902977848551,-0.19213597114562547,1.1124457102103837,1.2622738697752445,-0.500831093889828,-1.3559851652342387,0.5483930440842598
-0.030568906206873525,0.5050150625311965,-0.022902977479378105,-0.13466724786415038,-0.019215885440184117,-0.5457662961980703,-0.7522885317834206,-0.5584214684203195,-0.9372512805738633
-1.2878215499878196,-2.812265659567697,-0.20871177541853567,-0.12661794655400538,-0.019215885440184117,-0.7302807915845464,0.2632381766983037,2.057490158887145,-0.987607454978019
-0.39066077254288295,1.3412532856737975,0.8730578508697253,-0.21332285611082447,0.2196711670953703,-2.009983416600914,-0.21314535665333995,1.7098387696351165,0.6713027534105342
-1.1812257586242327,0.05694859169573038,-0.9585302172576594,-0.3484220175026368,-0.14134657303587175,2.0196569334382253,-0.057145177682785805,-0.302134330797785,0.16779930815262453
-0.34077226976112307,-0.29217050948063716,-0.5923468574674643,-0.41367899199886565,1.2495708132818977,-0.2797405239467521,0.219451102445445,-0.254051629070723,-0.2053674753248469
1.0621983117209832,0.15469408217295594,0.5235689056063422,-0.09335560560627305,0.5116549290843654,-1.4572465238285226,1.0292547491765835,0.15834238476414975,1.6525633378656868
0.46050253870658964,-0.30137666268514346,0.06306299464942491,0.21655383040745702,0.2547572992313423,-1.3219703369837497,1.607995815116416,0.02541508728800678,-1.450040506019444
-0.3105389694056181,0.1994795800568846,-0.5389964249008826,-0.6671783551396506,-0.6084433812092699,-0.2183734604174069,0.4981194487915531,-0.07238508795090064,-1.3568645734442009
-1.4109283555277945,-1.103976108979335,0.6086421558101335,2.7686455664729244,-1.2088015056596675,-1.5403687349124178,0.696816522687406,0.28714917546423213,-0.3955135584509127
0.08284562545157728,-1.4957867265273872,1.7606937958741338,-0.8999298387334972,-1.507216095567737,-0.394658061135378,-0.2872058545020107,-0.16067772748154613,-0.11603849232669924
1.6699694109619738,0.16653797948271085,-1.417541993683528,-0.6320873103685761,-0.39176385752088866,-2.079358303613719,0.41047085176592285,0.02541508728800678,-1.5451858705455728
-1.0093247629445004,1.0043757609202222,2.599127567616394,-0.3848917560623032,-0.2696903540270012,-0.04521084549262938,-0.5797785231590897,-1.630694285981622,-0.18921523566674744
-0.030568906206873525,0.555797728214143,-0.250684368958278,-0.7311037653537995,-0.20961014111535808,-0.5200652188801859,0.39161211742553076,0.7389525861104239,-0.9127625419537355
-0.030568906206873525,-0.6052020364746233,-0.27423574826266056,0.5277146168836568,2.170555628825435,-1.8698914628242163,0.739494925061762,-2.064393023582038,-0.1097231543696869
0.32791146527564957,-0.8073696387379946,0.15595725656950302,0.2920509256605464,-0.1398620112370382,-0.37474971356397274,0.566633461655341,0.036880978212907395,0.07481182103691111
-0.49585522412137145,-1.051361362512527,0.05130831252608256,-0.15535448898314033,1.2653893769241806,-1.1224558154523863,-0.7768937744401212,-0.012445072194861326,-0.3418751166934679
0.10941015677668713,0.14299005913724389,0.2163664268488619,0.3970963554955181,0.19911991619529126,1.8696109553367286,-0.23858400057232107,-0.22252207912459515,-0.5351047846305651
0.010100912367172818,0.7961782989287222,0.9313647640483451,-0.28291195859079327,-0.019215885440184117,1.2856261331423309,0.5734977032657272,-1.2704619315519758,0.1421152537767329
-0.5937463821614491,-0.10982643486461399,-0.9642660993031532,-0.8113873934919049,-0.21703914325047927,1.3083176656746291,0.1258537273268917,-0.35962787450549516,-0.5440751583567237
-2.0845965215594693,1.8110038232278147,0.767739499936797,0.14024062635315646,-1.189069242748675,0.1787910467823005,-1.5070119491771712,0.3278696188315684,0.5682584952747197
-1.6248520695782027,0.7669570540561725,0.26529424282687214,1.4052579086548425,-0.7191907696185416,-0.26398887401364723,-0.5019779566410809,-0.39014202731913034,0.04514701941757696
0.7129863505940206,0.20071051292765982,-0.9888767779692172,-0.5037540901354216,0.7868228450810023,-0.2245644137717768,1.214997283847097,0.8083249811237104,0.34656865040402834
-1.2759352955755154,1.1143194986841165,-0.46465745760424954,0.11501727004452417,-0.019215885440184117,-0.2954707808244925,-0.42668255197410154,-0.6753978157695351,-0.684729809922866
-2.2316908775492172,-2.61325581301733,-0.7973028789128576,0.3835621078590524,2.3403651800807346,-0.564591753623377,0.4852918759813825,0.02541508728800678,0.6411146956675445
1.8683110754204248,-0.17664560910715071,-0.2523481278557716,-0.22441564443615172,-0.019215885440184117,0.30793140210601705,0.7968328766729175,-1.208341903884828,-1.4308123009452154
0.1270070942645051,-3.0053152461115764,1.667200962749311,0.014041817164436587,2.4681111511461165,0.9263405077919884,-2.097122448380075,0.6411985887029863,1.254753786148007
-0.030568906206873525,-1.0292346926483542,0.34578746116036335,-0.4639812670851145,1.5054972216609246,0.8201443183611935,0.007573329196046323,1.18024217450491,0.41975598250910534
0.771773573233567,-0.13311377693777968,-1.0353664572151924,0.26246612057041785,0.26794771789767113,-0.11413907830807946,-0.2791719916508414,1.3179767113581615,-0.758682131588999
-0.39218120105183873,-1.01938950553037,-0.7864279502143139,0.3286425582791767,0.009202440822476435,1.1060713843792576,0.9884699046809515,-1.7982820779062327,1.2681494731940108
1.4881548949144845,0.2062972938749145,-0.16090561892355848,-0.17360737088621744,0.09743084718178102,0.993069681601145,1.4841925344264544,0.02541508728800678,0.45663913245986365
-0.030568906206873525,-0.019802730348417622,-0.4725465161203393,0.2754293965879138,-0.019215885440184117,1.044610562325476,0.3678907115755204,-0.7618755193364136,-1.535705521622115
0.5002723935873927,-0.19021268966171898,-0.1894127366588245,1.294960114863017,0.05158826972175354,-0.6016800769385141,0.21438975077230846,0.45978891924426574,-1.1248742300441867
-2.0005647158006292,1.7492006092581174,2.139511785338808,0.3991272210986244,-1.8852450402837924,0.05678286608518767,1.4727147818693793,-0.2940901413077469,-1.033333717633399
-2.3523185213496007,-1.2142233570390175,0.5538039931578544,-1.3091502324834672,1.5176290831660249,-0.483924722294826,0.8869362928323982,-0.16460521596236194,1.789842100466426
-1.058615008116903,-1.2067610045978179,0.4946209308778745,-0.48268798487268516,1.2702079540198679,0.5860296816877174,0.7980897352501348,-0.9534918579769004,0.07640229261059997
-1.311821049486606,0.33030778475152034,0.5836702246230955,-0.26552772951171155,-0.019215885440184117,-0.9627141634990409,-0.540735637019875,-1.0328759594699792,0.9177983471588063
-0.030568906206873525,-0.9979192642269225,-0.2707297655616364,0.039035756070322496,1.6580865162936338,1.9761395799024237,0.17292216955038964,0.17999438968636414,0.2514009667456153
-0.40698047941184046,-0.5087453552333479,1.4626528467118738,0.8894341948003751,0.11710436460236481,0.9450494614168077,0.6482634770760304,-0.3932025577290323,1.3183627941300857
1.1717895465581136,0.9001932540057113,0.2022214337767196,-2.9130715068147266,2.060439775546629,0.23572222222316427,0.0206567438443623,-1.479428902740235,-0.2614104869260344
0.5954762769281193,1.4671435591294923,1.2008244871278704,-2.375559518542176,-0.7211349024698246,0.0740896209334091,0.6012720060774535,0.0960236654030075,-0.022899364410254766
-1.8200643058578585,-0.8206273893701302,-0.7819154287473228,-0.5054452339772091,0.52852384141464,-0.045283146214740375,0.05128117043639005,0.823523522044839,0.1449443114493055
-0.474970557891995,0.47182806321287185,-0.13458884634828902,-0.5911510966059929,-1.5131553159303375,1.2005634335471431,0.731611881565539,0.5297208008805085,1.3049500384620552
-1.6018506651519857,-0.6291267628984023,1.4132387150938879,-0.7461100503685336,-0.24563035523042812,0.1733549116106742,-0.4965668306462536,0.02541508728800678,-0.4219160800906868
-0.030568906206873525,-1.6262544313648315,-0.22216229215951558,-0.766524686985422,-0.019215885440184117,-0.00970217630551897,2.487056527062961,-0.8257401861786233,-1.3666083576274644
-0.8002343988924945,-0.007541821227944605,-0.28416550353713976,0.3286806278776275,-0.15182355655843346,-1.2834830299514388,1.2842023967977247,0.6961317906128255,-0.19708120207489496
-1.4773873829181339,-1.0810919454896075,-0.9557819348324175,0.6816183955763224,0.2632009059220447,1.325971130789861,0.025293854465972612,0.33437812263375816,0.2853739281858338
-0.030568906206873525,0.24099324624910806,1.2631532430856727,-0.7011539382001297,-0.25571984696047967,-1.0907668766763787,-2.973258084893872,0.3182677101133587,1.1938669943867926
-0.10861714268079975,0.3463077702995746,-0.5935154756036264,1.8229765792365544,-1.3071175680816116,0.6677514157306775,-1.3655758536318896,0.7681433220659508,-0.9069151756246587
-0.030568906206873525,1.0143513456559226,-0.22062807742366106,0.30789079183878737,-1.3342001269783488,0.7903870570166476,-0.9847987791683785,1.2080346046918389,-1.1023143937248268
0.5110612927117975,-0.17534546095243284,-1.6204949751830584,-1.4204364121475963,-1.1386910466565356,0.9827165574129016,0.3804464548505192,1.1933205331673302,0.7882687094521342
0.722322338708482,0.4680584163678733,-0.7300055491978845,1.4597724824882508,-0.019215885440184117,-0.8005414038911921,0.3430461296362232,-0.7392013304727412,0.4833920293008869
-0.7526287367770498,-0.4406020389250827,0.5612921017676483,-0.862068444639162,1.8074899925148449,0.6670847989430763,-1.5360662043014013,-1.0908562301182445,0.30138753411487873
0.2795793474356584,0.07494865036430837,-1.7142907073225642,0.8868306590263731,-0.019215885440184117,0.15514147977480236,-0.9785649627021602,-0.3310724003699549,-0.3299375794236276
-1.189607772113829,-1.4270199701865875,-0.25051968450963824,0.018623567540950965,0.06188885972773804,-1.753622718562279,0.007841248061181952,-1.2696511762555334,0.9755162056829734
-0.41496830790818184,-0.6062994555278753,0.9940372371811137,-1.703170262533855,-0.25146792915950067,1.1985159805900383,0.710426149496007,1.1483741034538861,-1.0874119266264928
0.6208545481282549,1.0314807265430268,-0.5493450183883269,1.552540591762309,-0.019215885440184117,1.173534293058396,0.05353466639422301,0.15681281466381333,0.47297779950714747
-2.235296378919597,-0.5543084445327159,0.6041416776290411,-0.39735908765769257,-0.019215885440184117,-0.7713510614596858,-0.5833552654288678,0.48411417206390894,-1.010902614847462
2.2694977084649195,-0.8917230260238982,1.444034535846428,-0.4762900722921343,0.29091336039779647,0.7858909013111609,1.5422386806477693,-1.3335906722262327,0.30166092753069895
0.4747836192416362,1.1412521801584656,-0.5832035285247079,-0.6210867379939109,-0.28241471795503353,1.1413705361854527,1.0685933883582863,-0.3685653489244397,0.9094568183077247
1.0720058729729807,0.7890528949183578,-0.9375318723682247,0.09690150699082824,0.4098658064248802,0.4072094851322401,1.1359552023171853,0.39664239689773884,0.7882350264753633
-0.030568906206873525,-0.5928877123771588,1.951177161843677,-1.025195934831905,1.8970779536304743,0.6951469575355432,-0.5985046544213968,-0.290958301830807,-0.912839020872083
1.6397414627068125,-0.877471524040088,2.07164193852104,0.7710508461145235,-0.019215885440184117,-0.9035783609306317,-0.03168163657994216,2.3051567392851475,0.41901439497834586
0.8286804432418587,0.7941868248253111,-0.17902272093524815,0.12852243984997064,-1.0110906923604768,-0.6647401810311163,0.4570787101795954,1.727560473787247,0.24650660995222975
0.06285325797998406,-0.15725316572091186,-0.8204669787065146,-0.34977311638250425,-0.5493752196122386,1.200014086237238,-0.49835838037229024,2.6659285405602713,-1.1401879107585744
-1.5252454183605417,1.3672424124915588,-0.40642696431185177,0.17941946944838394,-2.656757299801861,-0.8975889508763255,-0.4719104238239664,0.5847148298070085,0.7774858851272816
-0.030568906206873525,1.2207887350554725,0.34087758947178615,1.4349081274126785,-0.913110970899172,0.6319191862978915,-0.22779973441757592,-1.2389329817749533,1.6796485472830087
0.05420477878846508,-0.8794424240261016,1.0287134414265213,-1.02034320437262,-0.019215885440184117,0.11655657787822464,0.39720783533123255,-0.2729715114062479,1.243358396010318
1.6892846402277113,0.16832872121687237,-1.0100247560079179,-0.8103665334114798,-0.18357825251688456,0.06753892358577729,-0.04055571887144912,-0.16561062127961232,-0.27052630309664993
0.8660457606851084,-1.892966762481442,1.3443404056278683,-1.6739922834286518,-0.019215885440184117,-0.38059442172215485,0.04494860443917252,-0.6697948008287595,-0.04456754843722836
-1.1273297152114834,-0.32538046014217425,-0.4415428391718723,-0.4473762258867605,3.136921350109655,-1.1845761052671546,-1.989423303978915,0.07404532620427053,1.6032848623906362
-1.100765065256587,-0.2700243088782928,-1.1698341005550863,0.8276106327247564,-0.019215885440184117,1.3190443641136342,-1.8637978010949692,0.5344007688336556,0.6567575071294409
0.02904259917742937,-0.40200986534669564,1.074145332024898,-1.6832266875633703,-0.019215885440184117,-0.20141002660193155,-0.06270682402224617,0.697904212617007,-0.28625685545805096
-0.6369654353588744,-0.6511119977399686,0.8202492714559798,3.0934569609038505,-1.2716684145084602,0.5198112664129398,-0.3429206867621878,1.0837824297212533,-0.6377513456739484
-0.12387388877750136,-0.7088215339454356,-0.6018826059240571,-0.47746678331372555,-0.12227571584786293,-1.1180230160019895,-0.5539439552970685,-0.3802469471471089,0.6617880384112496
0.7887156592702697,0.09419467502185566,0.36065005013292906,1.3582072652015333,0.47106340233947047,-1.2301306859383567,1.356369798467351,-0.7438725087897349,-1.1328716364679483
0.40554240835821437,1.1271302336447624,0.2038072287598528,0.8075069879976511,-0.019215885440184117,-2.4132731424452514,1.2702565498693708,-0.3274248215305552,1.3671972046308238
-0.3747155344051393,0.4131962521046141,0.8085939905455329,-1.7925979197398654,-0.019215885440184117,-0.06299765196148197,-2.178881967158479,1.1097761131869326,-0.7853107908418834
-0.030568906206873525,0.3987213919903783,2.6368477986357512,1.1142944000640913,-0.019215885440184117,-0.9703720788773937,0.41886971054676553,0.02541508728800678,-0.18111402271451016
0.5255083481630094,-0.84251295642393,0.116929742363521,1.5634732670750726,-0.019215885440184117,0.5008076944673079,-0.5071753437830003,0.9156932098789299,-0.5656867527472059
-1.476883254185841,-1.2037567257628237,-1.3015217530299688,-0.11668478692158527,-0.019215885440184117,-1.4354683694371173,-0.9857423440335903,-1.1169326163982842,1.7579505073012434
-0.030568906206873525,-0.1645756365254493,0.1466258992430127,0.009876355587041362,-1.1885583676267337,-0.7756894639134635,-0.4833946732256457,0.18427379932800805,0.05724719573862769
1.5206019584583714,0.2090258399363482,0.13691368144440338,-0.42484547211582435,-0.99927489123391,-0.6780278673660372,0.646263917173108,0.8231346643903086,-1.129004999954979
1.337684552279166,0.78645955883201,0.10744417627115849,0.30862862212443437,-1.1236028200965578,1.616639905840245,0.3291480913141486,-1.3683390431935438,0.30751068122507946
0.050885319154182825,0.04984449511358475,1.2322871919005407,1.1609743461248463,-1.3983524553506894,1.2812169465341645,1.6789061596030062,0.9981178467055954,0.8410390638241567
0.19810913357820623,0.34310415695767915,0.3454690916851257,1.56354065036386,0.7874983514546707,-0.8000572016026808,-0.828317076934869,0.09855216757886755,0.5624335085652644
-1.3994839803243422,-1.8247391913481643,-0.7817862879407698,0.29498703476418964,2.1018658890073656,0.33324483080288236,-0.008387085190748347,0.36850485873556943,0.6454409785594976
-1.037481359412018,-1.2938468594426684,-0.15809186382755913,1.5814691300761576,-0.5603052196306583,-0.8984352030334919,1.2730729252803767,0.568382660136177,0.7207998659636591
-0.030568906206873525,-1.0498185858373394,0.7880949091707712,0.3157590759214755,1.2130996497030202,-0.7864026589743282,-0.019006428926915273,2.086742288512029,0.6449793012254985
0.3055555851338765,0.883201012426354,-1.5708661470993963,-0.5071501758115179,-0.6773115773385225,-0.6002415201216558,0.8159190291794367,-0.12022147464092259,-0.4221682937972192
0.9210348795670567,0.8683412153414714,-1.03381528958686,-0.5859388950546681,-0.17213852670418425,-0.19852007301753327,0.9489564029735503,0.42761339683263483,-0.1910404917799896
-2.512285252573731,0.4752501560467649,-0.1892965713383574,0.9090036262381531,0.42469235381421544,-0.9144251611726674,1.1940812903881934,1.027312514925993,-1.5062698504694094
-0.17422521969564267,-1.5442211390563623,-0.9613801610817181,-0.4335051916125526,-1.219823461403047,-0.18628014845726878,0.010604625673519967,0.9729603472985807,0.054296051430881356
1.308329888443978,0.19827289028411574,-0.2700188142587052,0.08029887570588616,-0.09407349627966811,-0.7589938414374453,0.42982437871178664,-0.6627923243996459,1.193364139708252
-0.429912535040117,-0.4575624370208461,-0.39132423492463964,1.007873809226742,-0.019215885440184117,-0.9182388533434959,-0.1011278085039436,0.49557313307942963,-0.05328466002597972
2.790516566301211,0.9739070953077116,-0.6037235587259391,-0.6394097507676262,-0.019215885440184117,0.940766499961262,0.23128917652371828,2.8225927467821235,-0.21012868817351138
-0.11798608342488225,0.09553035465789556,-0.7634612753084822,-1.2381919534578951,-0.019215885440184117,-1.506170192417677,0.28521974281900775,1.5459954953699004,-0.8857203934507742
-0.14535442464545023,-0.3337065449616303,-0.9029791078303598,-0.045616936545034924,1.1500192496747526,0.42777666061708003,0.8866266800605795,0.5314928268206505,0.47728029072509
-0.030568906206873525,0.6674949206574214,2.3032938530545084,-0.4910735626767049,-0.25471495152930973,0.929506001148027,0.43672204383326596,-1.1186866059253826,0.4540460418214536
2.3183327834692333,-0.35036446452202574,0.5212043409962025,1.5212861014592138,1.6168307133989985,0.3438595963961385,0.5167841743500434,-1.1881976984738125,-0.21716479290575488
1.211096433964477,-0.06019784172070106,-0.18913763105453227,-0.37319294624376215,-0.0391886312934272,0.5970201223202558,1.0973648307595216,-0.8393559988219333,0.7710249561626549
0.8644914254404601,1.3267915748215613,-0.5377990097348837,-0.6300616380112188,-1.6816534759550705,-1.64392065443942,-1.1132732246854031,-0.20969846245663554,-0.5979993048687253
-0.030568906206873525,-0.08860585005482352,-0.35792411801730245,0.9810713451271897,-0.17745573504318263,0.6201391257596365,-0.33369457925006685,-0.8542439204582966,-2.0512158672440375
-0.030568906206873525,1.523649266137761,-1.7027971903013834,1.6862100929294903,2.322492592688672,-0.8944131132182511,-0.28600268905813064,0.1408308733420728,0.21137569446786608
-1.3319331611930787,-0.046027292399866436,-0.5261844988540992,-0.05561329735241988,0.07442387400612822,0.23225933825659575,-2.85537343359112,0.42256244709946233,-0.601463891455584
0.704761984664103,0.10965441692702413,-0.7278758606546457,-0.6693612674584464,-0.019215885440184117,-0.08471105816299744,-1.8060041260829263,-0.7844858017245894,0.5575916358863385
0.5558155795299085,0.033135209875333686,-1.4249578007161214,1.5596163940142989,1.8356685967314257,-1.941492464847586,-0.9017636215750086,-0.8208166077209699,1.173652040315426
-0.011099917952339146,-1.7133134689383689,-0.45056627205775623,-0.5260177960779526,1.1669151037615793,-0.31289713272084996,-0.5561393759459494,-2.3236736826886544,-0.7407348743003321
-0.030568906206873525,-2.7783463138888083,1.8313854031382066,-0.9424654219605282,-0.019215885440184117,-0.852940653152181,-0.6267207864998555,0.3137967623671461,-0.12808274904081923
-1.9862506904452852,-0.45307280479541984,0.44840435266635925,0.8870183835275967,-1.0083158024064955,-0.353691624144491,-1.4956035912019845,-1.2364501071915195,0.24924530917631393
1.0855434499329075,0.12917324163857255,-0.7807880823536975,0.9469037614023124,0.6358331001088859,0.16535903609419766,1.0862858532006265,0.533311523815311,1.2878765392345652
-0.030568906206873525,0.3580500391081732,-0.46272623142315283,1.1344993527774274,0.48152391640976666,-1.8492312361692358,-1.2331552997385258,-0.881183861639273,2.2249710272835506
-0.35020763934849614,-1.683312542243785,-1.0290579863502045,1.2512438581429841,0.1971943082804279,-1.0866260561440864,0.8599780120803852,1.2603158723824925,-2.2300736455346204
-0.030568906206873525,1.9352541377309067,-1.13473092945537,1.45041113138949,-1.5117274392330804,0.5112148565553815,-0.7646751812402086,0.4959851780147191,-0.6606445042962126
-0.030568906206873525,0.6758111763791884,-1.1604175445311162,0.2808433816278408,-1.0306369920327276,0.306590171219457,0.11922872381584135,-0.9436634310867801,-0.5285674783768138
-0.31527817908675365,0.16119464902033245,-0.5508854393726836,0.7736568879442514,0.7409097167838364,0.7884530859467114,-1.1889643648045398,-0.3897598044169234,-0.11793932909368109
-0.4922999867025363,-0.9776644386176994,-0.4966098829205305,0.7685401265085341,0.3139795034190136,0.03760921411854597,0.320608802069161,-1.2121785658795363,-0.7155369084120664
-0.09437036593012273,-0.48122557443119696,-0.7369959513927,0.014859914268490315,-0.22782337854748716,0.654439226667723,1.8294099009277578,-0.2940478227408572,0.2629823951177099
0.8458702024905034,0.3288736613174448,0.7035020341224417,1.069912612942425,-0.9924759524591303,-0.8549535302374344,1.3460669559675515,-0.33262802101753813,0.10042776013029645
0.6989555595300007,0.5059054733282236,0.30185769074709573,-0.5498353335600834,-0.32218921478592577,1.1068332648418886,0.024059025969224483,-0.3991883991196006,-1.544000084643927
1.309757222179913,-0.6981446680996105,0.7333755774016749,0.849777104862615,-0.019215885440184117,1.2802137169102872,-0.4350586888216952,-1.798327632283656,-0.25476720054468516
-1.1046268867196998,0.704811925414907,-0.10506750191270349,-0.18111039152110497,0.5882862152500771,-1.4320816300182695,-0.07386375359100347,-0.5263257746103884,-0.22341911886531898
-0.39967412368732425,0.5070121302959613,1.4187484318893713,1.2038064310144794,0.042015895200565534,-1.4168224211878282,-0.951908990294036,0.29538385623030106,-0.7626368138056285
0.14643005328281172,-0.43253264576145856,-0.9341713090662356,-0.7683193295206571,-0.915324198825789,-0.04035264494013561,1.150127162156276,0.48584492091826503,1.3872476315500366
-0.030568906206873525,0.3610931685400802,0.1835075891841376,-0.8230721280122651,-1.6228455745695396,0.46232254291946845,-2.5159521956270727,-0.5674484427149021,-0.9780011668341669
0.4234185682969461,-0.1343272049369936,-0.4295328732349466,1.2747510647016382,0.8396950720262835,2.7038328241447442,0.03143343086241029,1.542735450151472,0.5234298757750155
-2.3292108736689836,2.428523182958943,0.2110820027074459,1.2410979715749126,-0.019215885440184117,-0.020817468789766085,1.1266091958129458,-0.6629510489652908,-0.8448584362088125
-0.9385161183244397,-0.3247961262623548,0.625344265967696,0.27940091821887736,-0.019215885440184117,-0.8453069205812779,0.24779254321830074,-0.6142851890832989,0.005586590866160835
-0.19093443213233663,1.3035525132243193,-1.5872208543906834,2.032201923186411,2.3768503115693083,-0.6757052514720104,1.382269424759964,-1.4389194709092095,-0.19712713777262994
1.7206741199340174,1.0670492852637679,-1.980173542195552,-0.33680855497026324,-0.9066544945643784,-1.2234445749016487,-0.7533889956041228,0.7854404669882592,-1.1932756447954778
-0.10799507477858966,-1.171530210691006,1.0605848034550747,-0.08591386614315516,-0.019215885440184117,1.2818941970952415,-0.8466655297480895,-0.3904329000101505,-0.5555012535708654
0.7388481003452467,0.21140638486502145,-0.566659921074666,-0.9644169851124214,0.09612686677084875,1.2356199423158165,1.2405313204036093,-0.36542091206148747,-0.06878574168813768
-1.8437798247232173,-0.24107973165539623,0.8739310515587906,0.6258944767779347,-0.9038983649744405,0.3508362520346543,0.6292929762643541,-1.2327229432743059,0.8659384021868843
-1.9116659318771692,-0.9096465907574814,0.28740089902774824,0.17208417147448293,-1.0092123112552074,-0.9687203090889581,-0.24096653296401208,-0.740207753479058,-0.26900608258514097
-0.42938171210695164,1.2546249107152159,-0.35986748544415176,-0.9484507338618251,-0.019215885440184117,-2.3832631489085436,-0.8274629277750757,-0.5983231559555602,-0.2748760398931494
0.2816454608316454,0.02483688062510584,0.5469383298747451,0.05133003998537549,-1.7631448048443905,-0.6476443195016205,-0.3452193863594252,0.21697148183642612,-0.19717689144003775
0.4175473787404337,0.8541508548631279,-0.003644775315864829,-0.046857983288556795,-1.614656305971833,-0.28533795742182383,-0.43197857105082677,-0.19056519780231077,-1.5676713520921775
0.336368811898456,0.9642171960974029,-1.5088924377815502,0.13696768099473838,-0.019215885440184117,0.07121965800967038,-0.920475698305153,-0.7154455615097735,-0.3678878803041338
-0.8909932901484756,-0.06192433154323667,-0.6524383732148918,-0.48443165050845205,-0.41350009914653496,-0.5039688392486122,-0.6765381165428449,-0.8644829257955744,0.3422726206407111
-0.030568906206873525,0.2732989454034009,-0.20256697598164355,0.08256352104057155,-0.45514389503593,1.6191854864913489,2.9368718096810054,0.13157488861179018,-0.41261305551075667
-0.3365088000979051,-0.9057162769263933,0.9501903396853401,1.4959749893439636,0.1787519056331784,0.026724109350474562,2.718989414440555,0.42018011390989807,0.38690100745056943
-1.2180488614830445,-0.6675272244977215,0.7774145956392904,0.932149489755177,-0.46242381180901515,0.6519907418738004,-0.15911529089738227,-0.8667874276732587,-0.5658343071963157
-0.030568906206873525,-0.4563285287721033,0.0887225360064936,0.0654854815777423,-0.019215885440184117,1.1609980325896734,-0.9973864023327895,0.6308178991939654,-0.8739369431094728
1.306231136277598,1.174162059591841,-0.10898690652740482,0.540421927400086,0.8637016221795423,0.19969717400003742,-0.638354784909979,-0.7446489271127018,-0.35721735506198277
-0.030568906206873525,1.1919969722468529,-0.9089595403069282,0.8975366705413426,-0.019215885440184117,0.2286776222826691,-0.0418033140242298,-0.915587027256766,-0.39879153152858654
0.43486287639772436,-0.015730459873417525,-0.9075561489333321,-0.11308389109569067,0.3280207797256428,-0.058228282717314256,0.7779452385915965,1.467452283399892,-1.3957615724735268
-1.3879490289537033,1.0944538260871934,0.4299422722844235,-0.7424126833254447,-0.15015894659722345,1.2497063732907414,-0.2224942990920967,-1.7614777961489223,-0.4748272284302509
0.3585659306680217,-0.3886040542567619,0.8508208907627353,-0.883564978565544,-2.049036284388637,-0.011490545850299079,-0.08063023161284698,1.6100577408367054,0.7570914824328645
-0.030568906206873525,0.18536211223075819,0.04211740042618277,-0.1268746037088993,-0.7954412956724677,0.07763141923979801,-0.17471305588327682,-0.12402844945618333,0.6463626276015579
-0.037190670551810315,0.19270513006569884,0.18436965071101766,-1.1741395271579556,0.04910390182462933,0.5340014949913173,-0.11566252397755666,-0.15276490154011804,2.5836674362897143
0.75259980489845,1.3624350406440828,0.20019601638501366,-0.31578520222180767,-0.4162581639711884,-0.21942408862528712,-0.3528062503495522,-0.585755476457525,-0.5214572984322136
-1.3843464806508887,-0.5154017373534135,0.07644466883101211,1.8787566952194348,-1.0307856498186152,0.27653895471643164,-0.01726903480078541,1.0069518110779028,-0.8228678481361504
-0.5168543290989822,0.4225739833000921,-1.165257905437978,-0.09252499457906457,-0.6070209481771621,-0.6419418027180549,-0.6976223773276734,-0.2028777568723308,0.7428903239465474
-0.030568906206873525,0.6884633152316862,-1.3760063966746165,-0.03232800371510522,-0.13926417103385294,-0.5136716857206558,0.38691053160616345,-0.5595314433251422,-0.1749899968659295
0.04046862019239865,-0.5297291240844849,-0.23123491060288895,0.6226697599190752,0.11530392153340688,-0.7833187853950887,0.9441154800305199,1.4055987698544716,-0.25914879622226866
-0.32688420600333423,0.0552360468969709,-0.09238869271826955,-0.5517059186085985,-0.06276936471160395,0.2480210854793645,-0.4054793014735477,-0.40087697026999763,0.9337789177937782
-0.030568906206873525,-0.46656479402333007,0.17649655441194972,0.38352651338400345,-0.019215885440184117,-1.2131099094416309,-0.6059057534685238,-1.7355118490730934,1.4798432690005474
-2.2095843403339823,0.6804169068165647,0.1880428065488576,-0.40087199772102133,0.5171563397971044,-0.08318931655484907,1.517274357518357,-0.4597618148716939,1.0188214848875048
-1.762592263118081,-0.2534021297551683,-0.7971764254261237,0.8566235439681142,1.1167006762637184,1.1203662618657715,-0.9242184026973331,-0.06215663594758,-0.2532154729308581
0.4281297892259157,-0.5427273562327309,-0.37426123445869786,0.3865615577194457,-0.019215885440184117,0.4236501490230096,-0.1165167466487243,-0.08375726583803983,0.334949618106312
0.016764800830911978,0.15648355224026003,-0.43319320662991445,0.8491765366853864,0.7689775887627318,-0.9784322733017476,-1.7264560198150258,-1.0626552651522878,1.011640691951125
-1.014899776921604,-0.7718834749120977,-0.4744941233262427,-0.9554904310845698,0.25592189277111743,0.47609488771517755,-0.13500892410456955,-0.4298259520451727,0.5129701840386508
0.9804849886750475,1.2814092646415565,0.7868506605546359,0.7295237234621761,1.3215738397869372,0.6598793363776171,-2.5050304123040834,-1.7143385083129863,-0.042525520389921474
-0.786076111751405,-2.606140900373154,-0.7391925406194918,-0.13529948077864165,0.38897086973393785,-1.8575414727777955,-0.30692167002833026,0.5084564454511611,0.2757588847160866
-1.0024338917243856,0.459441886903083,1.20288522279949,-0.1897655521035189,-0.019215885440184117,0.2282333632933984,2.0189206453473694,-0.8830542686695774,0.12456327874639771
-0.6270965701122091,-0.6279020848898409,0.5116162405279888,1.6604070397451152,0.3898514178904903,0.3186786666673104,-0.30887985383103167,-0.3233603219841849,1.4185136382690118
1.39559953645388,0.40519815594180636,-1.1696611841833626,-0.3262712461930538,-0.203568939758714,1.0101024256554183,-0.9098106868981626,0.08636789472537736,-1.1531094972529339
-0.46641615356089183,-0.10643919240831085,1.111171157622495,-0.03207080059441226,-0.019215885440184117,1.0860288880989475,-0.36131054428490084,2.1198022814169586,-1.193660326167749
-1.6324040317837687,0.7341161528047692,1.9250401419836694,-1.540950430378868,-0.754046775169821,0.18058757324864502,-1.0107822351906786,0.02541508728800678,0.19478207132818734
1.1534937906763452,-0.15304091707245462,-0.013635652074192449,-1.4793519583242316,1.4760410933076125,0.09400345236098623,-0.7274282051645445,-0.6417884110195177,-0.18339530196081108
-0.030568906206873525,-0.7448678674060261,0.544126422696984,0.09714238275576965,0.058646954553000244,1.014648954780667,-0.1404341000629108,1.2168875862459347,0.6647131692545483
-0.657100776175952,-0.553898834335144,0.9954008272728583,-0.9683569164718718,-2.014911722087867,0.547886457885519,0.7399242137507479,-1.24186184114444,-0.37602559692984094
-0.29751291052714035,-0.846556810559901,1.668957123658922,-0.6590727401515089,-0.9720671433356874,0.5701541417672368,0.008042428980058152,0.35096707049174575,0.4171102285312868
-1.3076069774000052,-0.22141309923266136,1.5069273884280725,-0.23781392255193415,0.19603223555615432,-1.1903012901408097,-0.4135215043025334,-0.30519401609270813,0.8614143962076212
-0.030568906206873525,0.638920357374068,-0.44571196054727674,0.9242523160402997,-0.019215885440184117,-0.23100773383808548,-1.2315063424561226,-3.0245523187360805,-0.4724834713544257
0.6046625939232273,-1.2279453168716383,0.5845727822635883,-1.500884082743111,-0.019215885440184117,0.34505303930742776,-1.7938657845141184,-0.8651841398558835,-1.0252631634377505
0.25157849975020646,-0.10660704687110352,1.1832352523102694,-0.644038613518817,0.09288973918256392,1.7903525656766948,1.1491648152661578,-0.5548949116199923,0.5083634305518503
-0.3061099283437935,-0.12255413825670984,1.6420318937445992,-1.3399687975786747,-1.5531775837316117,-1.3276557767687405,0.1558325519835156,0.9381760321227656,-0.7959796860274795
0.6472132933679822,0.8000738767884268,-0.42852766454029284,1.0245391839211735,-0.5326681665553288,0.30958780266377023,-0.6695450588851407,0.7842709067834197,-0.8137758905594152
-0.8653947841725649,-0.030838646270659454,2.423084732748629,0.1578926977972231,-1.4311870987739232,-1.2614180942912818,0.23492149860605163,-0.9415760169841657,1.0834251289848036
0.15080025059814645,-0.5779060501718569,0.17733749999152074,1.2450038479932322,-0.2064380763224007,0.6246413085357536,-0.08171868576732452,-0.6953433442216453,-1.5365700307890113
2.0048648188770444,0.8502687500082253,-0.7907677581285025,0.1951016524047189,0.08841555086484024,1.1071148978690835,1.391348754443649,-0.05071473148517467,0.26723494376354373
0.8798428027433435,-0.8407148919700649,-0.8295226550140099,0.26994672433349354,-0.019215885440184117,0.45237171968572054,-0.9677725845472142,-1.7558793046089298,1.1953134342578147
-0.030568906206873525,0.20009562665080874,0.7189447709325584,-0.02484725039998608,0.2968447665656075,0.21976114922186676,1.669524871555154,-0.816491483971317,0.6182075355378804
-2.110663165261773,-1.0941075300834198,-0.851097850453985,0.8096304068787465,-0.6203387320292107,-0.16789711867429902,1.971751780979262,0.7667640277544576,-0.2848228466877683
-0.030568906206873525,-0.1688099153136552,-1.3999271751550286,-0.5860133186331482,0.5323372573979116,-1.9343950920406296,-0.25229902711710855,1.666758918458257,0.8720846999296211
-0.6622537412894778,0.45764582957912087,2.0028960933591797,0.7508437525399092,0.41422346187531645,-0.47355975507499354,-0.4174186492659284,1.2153911291693025,-0.0625685849219353
-0.030568906206873525,-0.5125302137082818,-0.554725989192035,-0.06089892430822393,1.0462776766341484,-0.28721384713923165,-0.8129135304313604,-1.2449021221517835,0.622424334864379
1.916217212963486,0.43311588446786026,-0.9931621313571916,-1.357942516530361,-0.019215885440184117,0.6576303092692144,-0.7613279818963742,-1.0329416053254699,-0.20553110338442468
-0.030568906206873525,-0.09532775172886812,-0.8466894095260656,-0.9229321733668977,-0.3062516327906086,0.04376073732850572,-0.47052395437626826,1.6840277308631324,0.5652909708494027
-0.03708818441636323,-0.3688584972023525,1.115712145597294,-1.1785135005132463,-0.019215885440184117,1.619790728042645,0.03650315939959066,-0.6252514850787385,-1.3416305405755404
-0.22337818524746125,0.21082784115471995,0.5066828409715861,0.7812222632519901,0.22429165801450748,-0.5742791107876439,1.5942658683610553,-0.4983728361648849,-0.279130792063034
-0.08337720503056562,0.5473031005170043,-0.785602030621795,-0.07455194594677021,-0.13665658024664842,0.5021627863892199,0.9510302242911087,2.408958477288407,1.1769746451498477
0.41031253476123164,0.6517664235152755,1.0575454544975416,0.566200025837415,-0.019215885440184117,2.0609178388505405,-0.6306277046264815,0.696890838067302,-0.5524932695816224
-0.38675096306473783,-0.44887339315693653,0.8276301507868985,0.3561246004231388,0.33072512301463675,0.5860183030512303,-0.5920951229363454,-0.8692095607861439,1.1236330820179738
-0.030568906206873525,0.23657344467423444,-0.8246520026527101,0.9162199060044929,0.7347403481239048,-0.8438780818433603,0.27016503530153024,-0.4571081698072696,0.5174607595085368
1.3287973546252037,-2.3008265670559727,-0.7158694190738031,-0.5997014370972135,1.080832660122823,-0.4603902545644079,0.2298535254533454,-0.19241978325944453,1.2220504361922488
1.8473709464781312,1.774489933548078,-1.0729664473725693,-0.702902914361986,-1.1750860797157399,1.8303872418566967,-0.7911089679664204,0.9203192068408278,-1.4953381674258603
-0.8302926649457063,2.8026526094729727,-2.083400562653916,-1.903626156378816,1.5989206792018569,0.23732112616112946,-2.399798047032326,-1.077054352979278,-0.7012987079401959
-0.3600354623222956,-1.5541602732745003,0.3633000774597044,-0.8755836028511184,-1.340099746127367,-0.7204244750533738,-1.704518758175787,0.02541508728800678,1.0908107451796327
1.254841543954234,-1.856561574506591,0.6886734053015323,3.281552430216372,-0.019215885440184117,-0.15181784803764867,-0.704754871880032,0.19949916357810185,0.23301984510220441
0.3224754718647734,0.48246701037056033,-0.8641571577576714,-0.8276553328891052,0.8027477460530706,0.279507182711695,1.1844158120235222,0.02541508728800678,0.5136947090639409
-0.02848965699034736,0.2574954401885545,0.3104458274856347,0.6027798183813177,-1.4635724236776573,-0.7669821492269923,-1.051351409258656,-0.39588572480231543,0.33826865126024286
-2.315790312494106,-0.7000332753088081,0.07914159874369273,3.46297373192861,-1.2322337171332136,2.123030803913626,-1.7859396493473936,-1.0451865278753336,1.9068227795821533
-0.4379059543227494,-0.108029467456094,-0.26359475955275263,0.3280425690145845,-0.5202148738596302,-0.5960887884583742,-0.4173894766924301,0.612630458386412,-0.7151192427388392
0.4736803695768186,0.5826571851439891,1.9418176541249001,0.4054663726690095,0.23441778361296345,-0.9698053609271134,-2.4721750909973124,-0.020982428775261998,1.8612864241841052
-0.40269136759547014,0.8875196173622469,1.481583932847608,1.147859858597006,1.428015866552662,-1.2777475847488957,-0.47822348145961563,1.9597339470680026,0.7924842207783139
1.257512690126563,-0.2594551787601803,0.02875068777705303,-1.7909902913164621,1.1748757957375706,0.13097676577495054,-1.7217495598336037,1.6884266281069695,1.9233335618357443
0.4119956617113883,1.0362654978417032,-1.6627813433879122,0.5472486645471731,-0.06230298354435897,0.8023706612120676,-0.01176694974978504,0.5005198213330444,0.2632738050775931
-1.078526931391399,-0.3703782034913291,0.5544635150092817,0.15019867366584325,-0.04801199863881573,0.39202969666826576,1.2576701697460275,0.3616484520148904,0.18155165770420909
-0.5572192161508251,2.2660735927212796,-1.5203221323948126,1.7547614819576962,-1.3094996012077502,0.7787974573086242,-0.40847372045254987,-2.7827041615683927,0.998772836123281
-0.12360691548512474,0.9892892728441653,2.746108727084693,1.5308286022207496,1.2156975166083561,-0.4390738749631323,-0.12128312170036663,0.05187623106440274,-0.1941512572125896
2.3031537788851946,-0.16934499033891134,-1.734018522168424,-0.1479156537498397,-0.019215885440184117,0.8775176219914606,0.08781345123946978,0.034021391560446694,1.2594003268194598
-0.44398414177919265,-0.5575680014989406,0.4687643998836871,0.11144549915837952,-0.11246443523397787,1.7155775493483554,-0.6973650180555131,-0.34369025907402034,2.639361434298151
-1.2301942161835315,-0.45318042251346274,-0.32798081889754793,1.186213331026975,3.117767031752087,-0.46836301965875016,-0.9615710047234071,-0.14806921778836385,0.11541138762673055
-0.030568906206873525,-0.5772177221257812,-0.17838405924893527,-0.7922826422608469,0.5480946371900587,-1.831878710336398,-0.09357409250946887,-1.369116586320298,0.07496177897474807
0.662176257649904,0.467720337660754,1.7352956460672815,0.7199724749604038,-2.272370306849185,1.0501039145135644,1.4848281692100735,0.44861610934640217,-0.8615912569817726
0.6092926801734989,-0.9440755110713972,-0.537266771386316,-0.07140482140267854,1.366215489229668,-0.7915924254795949,1.3309059479102117,0.6248901580461312,-0.8557540864971875
-0.33513802662252373,0.4489054268135582,0.8109015073161966,1.1053140968768058,-1.8373929909813782,0.9513710997384851,-0.06615560302817221,0.17807056597744625,0.1577282091955097
-0.0858061602997271,0.40198804230117474,-1.2916552277304956,-1.6596600653831703,-0.501339081005989,-0.45387722266753017,-0.2995820650265418,1.3441154198219416,-0.9972814263567445
0.31297395616913615,-0.3277463975605441,-0.03571670534793795,0.20428637204613184,-0.01904794379383977,0.20018669199379027,0.47265308246073084,-1.0825832244795655,0.7149651008085366
-1.3355112898294765,0.8928977254712945,1.0305541281830697,-0.5682809136080486,1.045555503333746,-0.8779810788860443,-1.8809013567389323,0.7107172490854313,-0.04690403501319395
-0.21029348961529373,-0.45056979817496295,0.569982070633929,-1.1886191454870758,-1.3531674363329067,0.5885836509447482,0.11914911973999327,-0.35768143298536087,1.2006654140209279
1.7020660279478028,0.8205385271836005,0.7312620127427311,-0.9074476766669418,-0.019215885440184117,-0.36373573814958743,-0.8865385101099642,-1.3671450625334973,-0.05717187235206021
0.5776507638742602,1.0643521233098927,-0.5073111892944885,-0.5157024078761482,-0.019215885440184117,-0.48079778509407034,-0.11924113871660769,1.8609633281378115,-0.7180395992179222
-0.2900997572093865,-0.7335343525395648,1.476105403567184,0.7335879057183525,-1.1084606492230813,-0.47504614055894906,0.4853686862480062,0.11477315174869679,1.150514221036109
-0.9558620078647623,0.982779874988427,1.9734481259082186,-0.6889826071151087,-0.019215885440184117,-1.2089364517794945,-0.8645086395701317,-0.4367503808581216,1.3428491600453116
0.6559467765660537,-0.8222918037180854,-1.4833550805407925,0.451242924639547,-0.13331515966133162,0.03609331191223498,-0.6096137699272545,0.6439823466485074,-1.0431174471169178
-1.2135750149419542,0.7220022793002799,2.0150876102220194,1.3236502039221418,-0.3129001404727202,-0.4266396969783405,-1.1193810345402937,-0.46623517165343165,-0.07089634561456737
-1.4719982263706184,-1.0439011119519512,0.10744558860769407,-1.9337532192478937,0.7403062075400421,1.406879710058172,-0.8169457800096909,0.02541508728800678,-0.1756992932344031
-1.485014345169418,-0.8361574496774704,-0.8233605081486761,0.7519132049338386,-0.019215885440184117,0.11890566144263703,0.5905489592898414,0.9994463691817704,-0.10166495967182394
0.8781107336922457,-1.2554519839841902,0.6057301525082418,-0.828630608240178,-0.019215885440184117,-0.8822122489597163,-1.9541166938681205,0.20613440698551933,-1.5728573379583308
-0.6875298401371839,-0.3022169300406455,0.485327717984037,0.39475854557911494,0.3293069003316819,-0.14863638286230207,-0.6690423893250522,-0.36375093576197637,-0.389737950152877
-1.7133432558787207,-0.22246640856467786,0.2216976659577228,0.43702298710778553,-0.23744229419429455,-0.3257720435510261,-0.1967841933029116,0.02541508728800678,1.0883213938316112
0.046601659392830806,-0.7124410427028804,1.001102702787564,-1.4875943665051532,-0.019215885440184117,1.2105643169088802,0.08952998385895242,-0.528256091005989,0.4291079466589465
-0.030568906206873525,-1.348793923188333,-1.197626488897225,1.0085659183367062,1.8465720102430463,-0.5261449808784782,-0.7876791772815677,-0.47893317191558626,1.885615354306324
1.1961874579870362,-0.021255972903557387,-1.1734809896465535,0.47138180486146036,-0.027897194192627005,1.0751502721372426,-0.601080954035585,1.3465336299172692,-2.418249858859354
1.2328572024671822,-0.35705456970270844,2.2736217836865893,-2.3183139463600293,0.09046247743025286,0.40975709757219253,-0.1690664378801763,-1.5251976252938964,0.7034366248718595
-1.4927120003731986,-1.1400907953270054,1.9118978231749766,0.7841675587579799,1.1628579482242414,0.24880047114232565,0.7730390800458375,-0.44206373815745126,-0.956088101227981
0.25910986411811915,1.2582567791198627,0.3807629259023632,0.10074367233639354,-0.47495880973074994,-0.6207173235962247,-2.5358926046798733,-0.26089876533202055,-0.03174602832059001
-0.21020951307559052,-0.05778788866760113,-0.7043007616971939,-0.23141847305882485,0.14440971279305753,0.17070084403988456,2.6148259792635753,0.5894350572421285,-0.9342758849688255
0.6492253005061355,0.033359370493802026,0.3786755761501809,-0.38480182497813037,-0.0888108764659769,0.7773004464870535,0.2532076659119374,1.496726097994773,-1.9503650803264623
-0.9382645421891289,1.133697014796971,2.229111546116345,-0.7635792878428562,-0.6516610664785802,1.0114135373859818,2.552878597097146,0.48046083939930917,-0.7314164456278387
-0.12036825862113515,0.318762020410246,-0.44986102551196416,-0.04274454627004524,-0.019215885440184117,2.1509070283681084,-0.7577912692624177,-0.5058252481001826,0.6410005389672131
0.49781627296657044,1.9113680111008655,-0.1114540228166425,-0.471948825920478,-1.2318106015466603,-0.08381262395383339,-1.4081272152600606,0.3507350492105832,0.7335201691532335
-0.7692548384170174,-1.1056253362204538,-0.5696517789603031,-0.6694889596124449,0.9262913057504119,0.2853997884286569,0.6332714083044153,-0.24037909563619125,0.1261417632725961
-1.1643009288000954,1.6591366021258787,-0.675278086784814,-0.4378369186037519,-1.562765406954159,-1.1503495501802607,0.4282944681021092,-1.4009426133166658,-0.3023607929563911
-1.5434408233183272,-1.4118128109285508,0.6462042304980884,0.2834306665645894,-1.0424601928342476,1.1571433416590358,0.6138189386339947,-1.385227918952187,-1.4262999286902376
0.7568778778812727,-0.7424750947106162,-0.9544531717520652,0.14905291317779829,1.205821705574649,0.3348573895248662,-2.1329272928780516,0.02541508728800678,-0.6209993764889584
-0.22955445522428267,0.3890879597879794,-0.7306224502510461,0.21014228606004068,0.47703251181147094,-0.23554525724991596,-0.10663249544851358,0.255878958514054,1.270056957217356
-0.030568906206873525,0.6981014908276156,-0.8024948966649473,-0.9494161238832539,0.2945873183388218,-0.03339098901311576,0.4548339949099694,-1.064598142924486,0.8743139729509204
-0.6754917098687805,0.5526950407003539,-1.1714111310709237,0.07227681604216266,-0.019215885440184117,-1.0360252991780037,-0.3156704141061174,2.0593882182109597,-0.39363429254021254
-0.030568906206873525,-0.0027219101012828694,-0.4292043525145912,0.557699953605861,-0.2820260017571148,-1.4154986915895311,1.3131337426638368,0.11398206469155661,-0.6045952045960421
-0.6847607669955638,-1.703711399156518,-1.152346439939038,1.2583909724820246,2.8672275069771302,-0.18337247565979897,0.20088881523204263,-1.149009132970967,1.6345783584131075
-1.120424261337531,-0.5728370917144544,1.0885119613461105,-1.5837168901009142,0.36786958572360146,0.770667097954116,0.5442184502665919,-0.4905997862927982,-1.4132222962761363
0.21602527049748713,-2.267129100221396,-1.4880455287530179,-0.14239238017578415,-2.543862905899412,0.765315775594277,-0.27513605239863026,0.02541508728800678,-1.0569497357674111
-0.39529118567920796,-0.6972392917450736,0.21085707135396536,1.1837363397788165,-0.0995064216751659,2.0468215411673256,-0.0869075496854133,-0.15643625962393243,0.4897471515928823
-1.5940974591517991,0.5825258866402605,1.0043051609513303,1.0416705162443354,-0.019215885440184117,-1.4136250373514168,-0.9716372113596473,-0.2057932324361651,-0.15431378207231983
-0.030568906206873525,0.9878800621949339,1.1730143014969376,-0.09698180248442967,-0.5417297968145637,-1.4618787152117725,1.5005305214935587,-0.7533048186029793,2.004238049103092
-0.5536345023868495,-1.015443312120653,0.7139571198594571,0.8708336381323947,1.1896701908286091,-1.6340467313457563,-1.3150440817395976,-1.0134505952172834,-1.3293783304382438
0.680802376263385,-0.9079920047111876,-0.4283799397746691,-0.15561133319955703,-0.019215885440184117,2.13795705678949,0.6174455092873969,-0.669837434359412,0.12438152004455125
0.8057918613781566,0.6138568640511433,0.19054387511945603,-0.804093474560503,-0.007430040730278383,0.2834808447459781,-1.7005879924071319,-1.6691891655977071,-0.7219645585287926
-0.7612367361321958,-0.44165419068704626,0.23269117313387835,-0.580125928977591,0.8613425666876354,1.725109875096346,-1.9663955862064442,-0.5059157845526352,1.2122666748212856
0.276839161223845,-1.3887886709886998,1.0552276005567773,-1.5837560823660373,-0.019215885440184117,-0.9433089313372386,1.4156238709448905,-0.8249146100868884,-1.570577180934475
0.2428157568977088,0.3546629199300265,0.760015539969279,-0.3854549950592323,0.1450258797071737,1.172368768084292,0.8624405831803671,-0.054018536889947774,-0.3154589062227571
0.5477164164520673,1.002768776036987,-0.01761041362179059,0.49203326725902213,-0.5128383777989823,-0.7308310916664503,-0.8001800805549144,-1.0359561070924412,0.8431988079173155
0.36547497450801686,1.4240411321908748,-0.48031346173318773,-2.664665143538324,-0.975910509722569,1.5083892792981215,-1.2765783485795144,0.655312185992187,0.417538474406399
0.22741322834062233,1.1805686784115164,1.218000915902989,-0.16912108166093767,1.4741024432646515,-0.19687151983372764,-1.2220899412225077,-1.3725162338295072,-1.0422521509835638
-0.025290276658403953,-0.07581965318391373,-0.5885688741865372,0.36622607238791016,0.4547224532474321,0.9515776291880989,1.6476962346233808,1.0188006901148674,-0.010427660224608042
-0.28876904865848674,0.6104639599627992,-0.15028046430109565,1.1682139966370007,-0.019215885440184117,-1.1254942278630096,1.0538040616965783,0.3508033018096256,-1.3101085162534152
-0.9978701634342229,0.24664949910124434,-0.6019520776903172,-0.9365184224387749,-0.4877249401817018,-1.0675143435344983,0.2734349333248563,0.4613553198733367,-0.652010154689825
0.021018036424409883,0.5321704125619403,0.36027717118453306,-0.6679062620782786,-2.423884622801892,0.9615873282276768,0.6403071767485597,1.61577718572597,2.2289468195188435
2.686527373067406,0.9745793675095845,-1.0006307862744872,0.25034542745625427,-0.39790201695464733,-0.6386381377663848,-1.8929046347133422,-1.116710168204623,0.2629031033224297
0.814616260049202,1.4108588885228115,-1.0472477040649528,-1.2431117210105338,1.0359874213057483,1.6538739889130953,0.2874113113961572,-0.27642345057059003,-0.28513261350842994
-0.6492899068219331,1.3766676395807953,-1.4930941817468921,-0.860609383789171,0.9730539181477784,-0.7407528361319383,0.771792593253468,-1.1716303649132709,1.2551696863405553
0.17251764866970826,1.1400195138976996,-0.6646751414368434,0.6664682045909516,-3.024000907253316,-0.3234533006401731,0.31591812022947974,0.9927504009194662,1.0239513714302964
0.8228951704635461,-0.14286881881502567,0.07286824969125315,0.5396113417124453,-0.019215885440184117,-1.6688221806669703,1.1319861718565907,0.4059745781397764,0.4065897904040796
1.721559283455574,0.9452871543940644,0.0915663473153071,-1.0825607052561892,-0.5369212164597416,-0.41004526315115886,0.8239325372630066,0.5810048760515236,0.42883592225901235
-1.1232356421386054,-0.40088413296118036,-0.7561463163375565,-0.8766139103416616,1.6625105004633218,0.23432202111349645,1.003912592301679,-1.0066613335255965,-1.1433662513729859
1.0887705306034074,1.4007282278688722,0.12513455894435085,0.25167222980098414,-0.019215885440184117,-0.9264152640607213,1.344591101348716,0.2370507936241496,-0.1285737185541166
-0.34018817366405574,0.737160462373798,0.6599827913829683,-0.5743228020033192,-0.019215885440184117,0.5771998916739478,-0.8502943926141101,-0.8014276341372581,1.0031662393706515
-0.030568906206873525,0.2670061791841418,-0.006712909831297733,-0.2747520819428858,-0.05782824513444432,-1.1040394136207403,0.39258161496547556,-0.6050879236451496,-1.8305094832761157
-0.29836693295179584,0.07243258785433868,0.6827038577256352,0.13219411928299107,-0.4240036556293732,1.8016912285790398,-0.32798508317355973,0.9743268616569942,0.9235256423650584
1.5429372106366752,0.15665879799835158,-0.9292150335599547,0.13595466427090064,-0.3236352576843872,1.0445096905422226,-0.557663546924898,-1.4144469688986705,-0.45967010851486495
-1.1607390720756532,0.14742245319597785,-0.282908225519804,-2.424633250869522,1.4019927574867947,-0.9605757046823837,-0.24929125094450882,0.02541508728800678,-0.424259220407432
0.35879963589599007,-1.1018675607805426,1.9748704203346492,0.4440817302176623,-0.5993408354614735,0.9297387139080342,-0.2748058585490822,-0.2622839610973004,-0.5751850247960679
-1.7970850314989066,-0.1951298876616201,-0.11688469479419919,-2.9580743441947557,-0.019215885440184117,1.0838642534368175,1.1554467331248863,-0.17738289963436943,-0.16605101574827166
-0.030568906206873525,-1.0203753045309853,-0.3788098555158757,0.6210360114690356,-1.0372691479612544,0.4426861628793711,0.7971697097972814,-0.30486675204278924,0.2075929930814957
2.714819783126313,1.8289439048287417,2.47166841642166,-1.9192653843037628,-0.019215885440184117,0.0687047030710695,-0.5598848352494032,-0.6605385706786402,1.1621859278608244
1.055654426262909,-0.9852343097141087,-0.8000760435088624,0.10125677279086664,0.47425406917232105,0.2000814021022256,0.7842176071061153,-0.5057231650536045,-0.426610477647524
0.7255586849800899,-0.15746806575794403,-0.1577186964636936,-1.0253288959097187,-0.019215885440184117,0.22260867750774838,-1.47328282502582,-0.5572815230759698,1.5434391723539456
1.8998187389310182,-2.5174882177931837,0.6878898861917957,0.9655965717314461,0.17324617299529813,0.7727326360848136,-1.7460859605544032,-0.0844151161335279,-0.41210147452834156
-1.2869333246669825,-0.5371364011310746,0.08679285677286706,-0.4992756332730123,-0.20154513022556425,-0.28858516925568034,1.3858463884092542,1.5039125995558447,-0.2618309325704473
0.19731062370424535,-1.2526559196021925,-0.29738931453937734,-1.0515491956988519,1.826455183879388,-0.4521485281064066,1.1759443966937444,-0.1561360579818658,-0.1949023171011712
-1.0048361426512875,0.3486314189542808,1.7109776022232268,0.3220832008649855,1.9570717249015017,1.0320445306087198,-0.2298287627672622,1.2146018586126932,-0.0940296367128197
-0.11030785367864916,0.12824052694533813,0.6580558927872793,-0.3668661626387798,-0.33324660195837447,0.3178324416645094,-0.9069823875795731,1.6323141129985166,2.012814739437292
-0.030568906206873525,0.9116961145816004,-0.7430484873967694,-0.28449818770110974,-0.019215885440184117,-0.4369006045652356,-0.057533116027603956,-1.0054301219857606,0.6960929769772164
-0.030568906206873525,0.19495291206633295,-0.5003421053831251,-0.007502838069176432,-0.6413850605936976,0.016978508312728815,1.1184207434353397,0.7866661478691297,-0.5597867210631724
-0.1604713744214827,-0.37165897733563674,2.2287134288287898,-0.4105127508050317,-0.019215885440184117,-0.36908013139206464,-0.3356624020483597,0.17263403756012366,-0.718962150000423
-0.030568906206873525,-0.407610101852041,-0.18001673230679377,-0.2035535930225962,1.3163211916735718,-1.0249656922804642,-0.9509540909687537,0.35082166875422816,-0.1107683517746345
-0.08790051620549923,0.16194985215876145,-0.02037121825972779,-0.6226668158421284,0.5115772291904189,-0.13260379174281423,1.6416498002140227,-1.0718924158920597,0.031008413010509613
-0.5963731611004299,-1.758784361695366,-1.7343080668119109,-2.0260926900202065,-0.019215885440184117,2.1452346537005993,-0.27445085999236424,0.13515154301477186,0.4252365228605899
-1.2967534157248506,1.1586277389534156,-1.1579074841149752,-0.09700131289305522,-0.5184466479590136,-0.2571848971804258,-0.15202235929670027,-1.8984569592277944,-0.3648296518674886
-0.6694531701437549,-0.6634450761005981,-0.636395981647567,0.5920631209602532,-0.019215885440184117,0.09722083450240283,-1.0964612038406436,-0.25840350481741037,1.4979472525805468
-0.030568906206873525,-0.4636966810167495,-0.3401793438313782,0.06190905762034005,-0.21719766634475854,-0.8865773865962115,0.15476741007640446,1.7272019239106664,0.05087765060791236
0.06076276259423829,-1.0432440147753572,2.02502097103568,-1.0682297211114273,-0.9129256717522324,0.9775455351803759,0.6937331474217233,0.02541508728800678,0.7169908617048388
-0.22857327951754572,-1.164090352664393,-0.6375039939757565,0.010976982085575794,-0.019215885440184117,1.072957314888596,-1.4984664089393442,-1.749093696349331,-0.5635227462069693
-0.8895310982276166,-0.32055615940023896,0.5486930638971103,-0.8179189728847814,-0.019220895797711825,-1.4215843943400577,-0.5753956894494882,-2.115169947299768,0.2318691484818247
0.8781621276314143,1.0701850636856114,-0.7791632754549518,3.2290726789334134,-0.019215885440184117,-0.06946926478848994,0.22887427987639483,0.0847668796175408,-0.9781514473221488
-1.915372266957193,0.09128070474869443,0.4277550160294631,-0.7514332914967196,-2.0289837833234126,-1.5738355472961887,-0.6292621019864902,-0.6472804704336248,1.1877356045239023
-0.8062553498341607,-0.13727409711988928,-0.8201419004547691,0.4937139078217647,-0.7718073591176224,0.022864304794038278,0.22615883847229476,-1.3472949047999512,1.4117418976649423
-0.6977430508876242,0.9707557343660816,-1.3326869606000298,-0.7082228919121062,-0.7445055312308776,0.16783545843923386,0.8969903145149993,-0.052186273086077976,1.1732741772157864
-0.4590365900953618,-0.38777217818159593,-0.1554798932866136,0.8342596947270893,0.8944963118909405,1.4917126083886627,-0.24998669868729162,0.1829883905090967,0.7153843711229794
1.0690964240389538,-0.23931458767534822,-0.9910679697995951,-0.17617505955327528,0.040714667559423,-0.348762615017751,-1.0872114465804115,-1.4064560142941303,-0.42233593639679307
-0.17442129039495632,-0.8026804626633982,-0.8945485024838724,0.6280942302359682,-0.019215885440184117,1.434543183616524,-0.2216437792265157,0.7005137917648645,-0.7529159169428742
-0.03131161971654289,1.5353897030914059,-0.7375307409886291,0.28419675102104647,-0.7770880374831709,1.091113160533403,0.9873047812394352,1.6108233290043938,-0.05389919737546414
0.3603629149472607,0.8202987946555731,2.168391567258593,-0.05357566145454867,-0.6386355325366638,-0.7122963489445768,0.031139551602830422,0.48078217013537417,-1.0611981797064363
0.21618679471115257,1.9478905121854952,0.5529031444526429,0.6008032724477865,0.7547352844009462,-0.6355458584888026,1.0847000629986776,2.2354374514424573,-1.1475410273087823
-0.34999388666676684,-1.1274836299431303,-0.324645544010368,-0.2646472764486151,-1.3871410705171379,-0.42371650315976006,1.1937163840558838,0.056342363922702816,-1.5417129255175048
2.417753420133517,0.056913905576210885,-1.0195105443529655,0.011967133746524033,-0.3076652276518904,1.1629053398751343,0.7431778101461809,0.35534432101348645,-0.3221352877265732
-0.6864630572853674,-1.786521365879241,-0.8032867895146745,0.6111511986896229,-0.019215885440184117,-0.4771262540573306,0.8346048530611917,2.1704759352837772,1.3619079246692514
-0.030568906206873525,0.9202010962190543,-0.9480660786020414,-1.8297823523028414,1.1147877055637851,-1.1434513860617,-1.5550399325859017,1.0575207585456383,-2.062596100383426
-0.7914308872815597,-0.3247111139090971,0.6952844638466505,-0.21374027131001597,-0.11455905027127693,0.01132969613306536,1.9312747122838294,0.2932553144858747,-1.0461805974577378
0.09978329107882378,0.34664076222491713,0.023902148728341975,-0.7840598991645359,0.5779493664771095,-0.9176240570602517,-1.1746856056895478,0.04431247800044632,0.46569769443474385
-1.5883996247129526,-0.31312365687673605,1.2862734182310847,1.0783009383820532,1.0046619876262661,-1.6181194945814639,0.15521549192164258,-1.1216280003074084,-0.35201069271334134
-0.030568906206873525,0.7451456466974193,0.6201450128876992,-1.631894761590773,-0.1041295756618333,0.44544726763054165,-0.08677354067802048,0.02541508728800678,2.1696732860187615
-0.1445615232296841,-0.42439558496203417,-0.18734697101794504,-0.15591182159106845,-0.0818143507783725,-0.09369269178463016,1.116556040065418,-0.3859847941462875,1.1067581572960754
0.5126840322763794,1.6186584264171162,-0.9697318988988058,0.7663370088593299,1.6386810368496816,0.19416272953186314,-0.9980166936740653,0.6637064384907891,0.3809190164057235
-0.5599580514471066,-0.4938364454963614,-0.9204621163725764,-0.0257872345339399,0.35489977483332663,-0.0656812796024093,-0.7386779947862714,0.7392169994553076,0.02682801538993279
0.027128338310408253,-1.2201661866317792,-0.36048143609420735,-2.1954429466232823,-1.4194525888102418,-0.9910101860735333,0.5026813928631199,0.8444946957538363,-0.6767892079696501
-0.6200095675290666,1.2803653432089979,0.3356133924353654,0.37753653781648083,-1.7742456052960958,0.6766166659919585,2.37239933444119,0.8235034960426654,0.5921319633095895
-0.6500643433541629,-0.519163462549095,0.6923090314732948,0.5999473481797315,-0.8314500805813924,0.4850706373832369,-0.1327753602558195,0.18066759554307785,-0.43934744071006465
0.5506001642015821,0.36411278794496976,0.3524173182956356,0.11252612196476465,-0.019215885440184117,0.3120183721049487,-0.528851180708795,-0.3627950872968659,0.07723475680590539
-1.6583618667196152,3.407298231280594,-0.6590374075309289,0.36961327243558,-0.019215885440184117,0.1486321481387011,1.2646078329267676,-0.381106264146989,0.011644082203201025
1.7637241785734412,-2.0199039534054704,0.9513734410255598,1.371417459906184,1.0081678933713034,-0.19813176597795487,1.1381533306471776,0.6329307269220341,-0.10084524889293625
-0.030568906206873525,-0.8135081367314623,0.17304108989476175,0.8777000946344603,-0.019215885440184117,0.5888876527906086,-0.40918008422771074,-0.968986926023496,-1.572007336522671
0.14207172867377632,1.1478786303303978,1.110815458258495,0.886555117393057,-0.05331483461854067,0.7677314209819422,-0.6211887175511832,-2.17590478256224,-0.5670363640848333
-0.20945672057487616,0.011622878296028614,-0.9245680670657395,1.537724662304202,-0.019215885440184117,-0.9925751816314685,1.041586308757349,0.14028860190147624,-0.18780818609498232
-0.030568906206873525,-0.35961554081463815,-0.4310187159770804,0.7522087496935949,1.3178169023661628,1.2644830474866684,1.551371135309592,0.30351796870340975,-1.1493917158866904
-0.16409503365189101,-0.009947857449301378,-1.142992822918188,1.5687748190620079,0.8716475435244565,-0.7922115207200255,0.19761463495251835,-1.585780676683043,1.0289162356271848
-0.030568906206873525,-0.205511484126526,-0.22838525063676637,0.6250524982123943,2.2677318723276527,1.471806906206987,-0.39861850392434967,0.30224619698144767,1.1791542991378836
2.0208662814734346,-1.9517344087511896,-1.1795523820435563,0.8969899360203288,-0.28324231304317754,0.18352278105846737,-0.2720284493570484,1.6471308775245013,1.4864202273139562
-0.019171348649830205,0.4452319562140754,1.0381455745409216,1.8627846047249343,-0.019215885440184117,-1.393511379982372,1.858137867685345,-0.6023698222163754,0.3776579262398568
0.3978627034147107,-1.4051955800304559,1.3735296047023389,1.0193996876782097,2.0068436496485726,0.10403979300834507,0.2864732335477049,0.02541508728800678,-0.6234041632233203
-0.11743854860165502,0.4216291122062217,2.1010772840652883,-0.15113988547503684,-1.0973053129060897,-1.0776306135485474,1.2077747100291667,1.1307968216192013,-3.175727835631178
-0.28546397458161876,1.0057313324338075,-1.3992606441228037,2.6161669820866864,-0.21012534480701625,0.13846133777684821,2.089019649761552,-1.650666255363203,-0.385348936077663
-0.23337767906167453,0.7225928117778858,0.320454017602733,0.7863443957731415,-0.019215885440184117,-0.5388368385357895,-2.2830123660333124,-3.6719691121607294,0.11457112778965803
-1.6106160911114085,0.39290962913131744,-0.20751417997677066,-0.3285061104728746,-0.8778597411900312,-0.911246375906958,-0.07551748628008687,1.487217654792543,-0.06463349444505888
-0.8217063876868264,-0.3406786717978786,-0.8614144496924127,1.6097486541571882,-0.005662141837030864,-0.23233316205237248,0.14214663128107943,-0.12541784030613437,-0.29827917285287314
-0.9891756028081856,1.0522707521924208,-0.8501115580965851,-1.192054500725368,-0.019215885440184117,-1.0053663515397877,-0.8810971670826435,-1.4544627381170532,-2.60251372360037
-0.12119225354361433,-0.9744374630633088,-0.16503545860886049,-1.221097519399717,0.21439503094088283,0.5004487800561208,-1.1863465679637901,-0.02972803099194547,0.09500803291549229
1.5830733770325633,0.6203006908668148,0.691963807267869,-0.6005644882153302,0.5990553271100418,-0.9876979846729446,0.6274351004752826,-2.1565111418595615,-1.1234455005040695
-0.030568906206873525,0.9365760693842543,2.6578452923683535,0.6001603589154486,-1.4908308918056303,0.5477694952343041,0.831652605688985,0.4079218169392136,-1.0625480718563869
-2.6751801988929533,-1.6624663018173742,0.15632252882635472,0.7273140684181889,-1.1208884259021734,-0.44575907767859185,-1.622954735149712,0.1362864747468059,-0.6513062776107738
-2.159466060261436,-1.3392581429679737,-0.46016779772724503,0.1542908593833674,-0.2590968621973928,-1.0565772695798867,-2.013253275101922,0.5722443497218642,-0.9856363670886151
1.486487903792365,-1.1060524479236211,-0.26035612552605675,-1.9560850675626462,2.288998854187636,-0.0015077401533877056,0.21852884399767045,1.8769044633084506,-1.0231590562459907
-1.1803897741902745,1.2867757851615156,-1.321321741902543,0.44169863772982887,-1.435250424973308,0.8456247695372077,-0.5000478721258881,1.3410724095817739,-2.0647402988795456
-0.030568906206873525,1.2836918951279084,0.5257796843855725,0.9716477242943189,-0.6132077446087912,-0.7244925202228353,-0.7623967286431927,1.5878059825184014,-0.938889671415851
-0.08509641364951004,-1.126348630154893,0.0008241140779535987,-1.6401513007459032,0.09653683515591181,0.6756892148591476,-1.0950614811693256,0.7978142705025355,-1.0306005420627014
-1.567835802596795,-0.007565176441517108,-0.3085340164261024,-1.359317190780335,-0.12768172445747766,0.3851271118964052,-0.2736058131850548,1.1663922870513515,0.5234330248757678
0.7402449660702675,-1.5818433207739906,1.6324385411131301,-1.607866878703119,-0.9884144423419328,2.1938298132646183,1.8050581259588496,0.02541508728800678,-0.7217404806811337
-0.895653407088397,-0.4120927535854005,0.015713859754554988,1.1486126501384581,-0.019215885440184117,-0.6343198664752331,-1.130284734623361,-0.18139283245187957,-0.9235948471928154
0.1321783258341244,-1.2383744955759688,-0.643056074269496,0.33659579287545843,1.3086324551560253,2.025070406473899,-0.5947466790921985,-0.4105716855211015,-1.0523287227326006
1.5912191128473263,-0.7011820508623516,-1.4968858428496674,0.8379531659435774,0.676866243720829,2.08715451247127,0.7622985184720233,2.476419104195365,0.8085822596782729
-0.5699417530565212,-0.14133887083312946,0.7148928226591751,0.008802584635638731,-0.39920633216499324,0.251168749965787,1.546562129447274,-0.3308511573219204,0.685628050160766
0.42745176701054366,-0.23054350123562706,-0.7343601788329194,-1.293656424610494,-0.30403968476380744,1.175568296716557,0.5514256657270878,-0.5622133283926242,1.1828391756865178
-0.030568906206873525,-0.09246934242070073,2.3269295185277836,1.1817894369273176,-2.080558790959029,-0.5341882530745806,-1.5738988330014052,0.5873332308310552,-0.4768653574648366
-0.030568906206873525,-0.14880240961841343,-0.33384670762765567,0.6454354416148108,-0.40788383398754624,-0.9120909672781194,0.24263750655178953,1.13672091512149,0.8034940881669708
-0.030568906206873525,-0.15851462973034877,-0.898641540081807,-0.39130410348925865,0.3254487949541563,-0.04865369404703087,-0.7310495968414734,-0.023597863986294185,0.24808440244314237
0.1562666565861868,-0.0934137874477217,-0.29056761136145315,0.3425438078441752,-0.74758056815935,-0.016729921437419467,-0.4333739653462037,2.8768061132003977,0.09538636274614348
0.8386521125785042,0.22137273570162555,-1.5026447964054193,0.21260673189766513,-0.019215885440184117,1.4269057350498668,0.36337751686841757,0.9716399649922755,-1.2633915127035376
0.5024180255225118,-0.5302427988979445,0.6474299601242981,0.24272130488684482,-0.5057306392878558,-0.8503405461725675,-0.5018520816587347,-0.8730177584320546,-0.8261279053365319
-0.6681080888965452,-0.19995966664222029,0.672361178889257,-0.42107581788752396,0.39086336123565835,-2.24959741052525,0.11048412808751773,0.4597385696862426,0.004588230177355524
-0.030568906206873525,-2.348499275366823,0.05059922297294801,0.5848815895025946,0.48004623507734506,0.5455224885304907,0.7190937738084384,-0.22272119639885757,0.8787717592885108
-0.0227352622752474,-2.0850510325117018,0.9912433457119522,-1.6681562115114246,-1.4365475148289122,-0.9842194457723323,0.2637409419338066,-0.5070252547621267,-1.4157472201153538
-2.2879861448033787,-0.4036407258848581,-0.8045756820676243,1.5126558391054499,-0.019215885440184117,-1.6557639344233335,-0.4036629378914197,2.906287733988921,-0.2480461139658975
-0.3569310107250905,-0.04176488537709336,-0.7401515778024491,-2.7303049695560424,-0.019215885440184117,0.10332871379635583,-1.0368770693526528,0.02541508728800678,-0.23294544841085316
-0.030568906206873525,0.48907397585985757,0.19228202178106463,-1.3381413463646157,-0.9120461298706689,0.27228070799362414,-2.1791583533316548,-0.008710203400230682,-1.1278847942368966
1.1197046199346905,0.5237133934662505,-0.3454263075556071,0.971761904547492,-0.2689159383292552,-0.39154190104533165,1.754590487059535,1.9267176315686012,0.7584780131827192
0.4077043045435184,0.2555558599419217,-0.04084650054883935,0.6686018237684664,-0.019215885440184117,0.21568572641340752,0.6181602818814129,0.750721196157102,-1.0086720301456018
-0.030568906206873525,0.032174743287347894,-0.507924356774836,-0.5565468297110447,-0.019215885440184117,-0.2706228050956063,0.7334904363793007,0.17759836753127725,-0.6606857928510769
1.4080515818033565,-1.0369602625364218,-0.04852561486799572,1.6913426499730388,-0.019215885440184117,0.9100771657634009,0.4230401711277144,1.109864438948359,1.0662210352451602
-0.9383010674419169,-0.7975277988202992,-0.5442251406888957,1.5133071960999354,1.1318527881540448,-0.6059927604650457,-1.0014130459389123,-0.18180192879578785,2.541640298554512
-0.030568906206873525,-0.48542777242561747,-1.5066077404865694,0.9728040208187885,1.7322762423504878,1.3150302103424625,-1.2054112274073527,1.3606505456377818,-0.07713577469076821
-0.11234266153046037,0.29815102420472367,-1.3181219844963679,0.4095549554766619,-0.25908783275536035,1.1541667802637556,0.5767710929558096,0.13187496416323705,-1.2627270195174227
0.9865160326340824,-1.189659215615932,-0.420661534435215,1.1323080868238902,-0.6687347801363984,0.8740444427047693,-0.6022311857759256,-0.8951005752865531,-0.25345232966345876
0.8376717099607354,1.5077090269097364,-1.5937275504865651,1.0732452469174003,1.095629784865168,-0.9798457920999782,-0.05062703676784388,1.1762907131862235,0.5572683105896179
0.45863606405588475,0.722536927445043,-0.5387357522369377,0.5426661897501964,0.2857410087948964,-0.5297383025164806,0.7815030092566025,-1.2133221779575107,1.101321928229285
-1.2663737835234994,-0.972368745333157,0.5845585138876679,-0.3276255071665634,-0.019215885440184117,-0.07033444260761264,-0.06124395703678197,0.4911266731789863,0.5257157090092395
-1.0721188270461235,-0.9812560963662652,-1.134658187537219,-0.19726164064295756,-0.871650582445006,1.3545778208577477,0.036752761667967294,0.23907202622058513,0.8761652266046037
0.8526525349151485,1.2261648173642585,-0.3432430273205668,-1.7766232731593286,-0.019215885440184117,-0.5336410163192945,0.25738450928080997,-0.6748020983105152,-0.7247986349357324
0.10450979814853502,1.0738097502419472,-0.6013142200126184,-0.6525184067714224,-0.019215885440184117,0.5919531102330856,-1.6942181397211138,-1.9205924014994864,-0.3778135160133963
-0.030568906206873525,1.3511702415236762,-0.21486008884442523,-1.3816014264187866,1.2693858962779336,-1.2432020033146152,-0.2994290078186801,1.0777513502076488,-0.6673437581036993
-0.030568906206873525,-1.906430825658395,-1.5769074800632696,-1.1221675342087214,-0.019215885440184117,2.121613369573193,-1.5229049666812873,2.1638096724343776,-0.7688429484362308
0.47272845045584255,-0.05476209051513612,-0.9200418181154552,-0.9464180853525724,-0.019215885440184117,-1.309926168328325,1.3951170286594035,0.02541508728800678,-0.07942376342826787
-0.030568906206873525,-0.3993685308101933,-1.0518004930726657,1.6645322407892498,-0.38364432753340355,0.6737956319270758,-0.29218239296386256,-1.222814970334485,-0.9399766970213563
-0.030568906206873525,0.5813642865916295,-0.3880161591210148,-2.099879946604174,-1.081079744119769,-0.7122501220845144,-2.349052445757758,0.12257157896535116,0.779774201328995
0.3422757786090462,-0.3516491588316813,0.1352653325788438,-0.7655752363775243,-1.0009583898851835,1.1137341102935694,-0.6778904033920814,0.8958985152358244,0.24384463604614776
-0.6715545117298074,0.37960870239725103,-0.04926259183915659,1.5537546288693544,-1.9408702827815394,0.38428683065994307,1.5243146747119452,-2.2262327203223418,0.7046652239502793
-0.43975835005391734,-0.5904823743658822,-0.1788947355879597,-0.46121548167783577,1.0842640444013152,-0.6535117311477887,-0.785237791497741,-0.2871370695515627,-0.4259106904977806
1.2859514312665818,-0.023782608578782054,-1.465830553164494,0.21933989861357353,1.7302009665900866,-0.6102600339025036,1.0573540160704447,3.0422817024876445,0.011940835418926297
1.8214168456564128,1.4691491054646073,-0.45076176075393753,0.0204455721635896,-0.019215885440184117,-1.1145942939611813,2.850467094028943,0.44763343624873875,-0.2880996127703132
-0.2792916009659587,-0.17681272965019793,-0.6441667952186333,-0.46493227107187374,-0.2602271586565706,-0.5519700353177184,-1.9480554575108588,1.283938342856417,-2.5748996453708592
1.6742092302751395,0.8437788403038649,1.1184411539425947,3.0507742733068572,-0.5081708401682888,0.8145541239170812,1.4626732236089337,0.9643604159861662,-0.8257937147520258
-0.07628120253197196,-0.3857425076040512,-0.9690111325862627,-0.4119517058948758,1.0493914129995374,0.06578134253365925,0.09450960659551524,-0.008560724234254764,1.1784676509768666
1.5656067206372266,2.1004374080957042,-0.7685478127530486,-1.7792177679915033,-0.012013867536847172,0.9298936273694689,-0.906065072941548,2.0802455176764627,0.07762997472984869
-0.030568906206873525,-0.39837966442636696,-0.1629074881683383,0.13562321533646168,-0.017948121001169073,-0.8840761576615983,1.791997763345371,0.05417575799900205,1.17003193681798
1.8978362274808507,0.5407479695723537,-0.7491304130332191,-2.354574801318272,-1.0125953713365672,-0.04476826200063528,1.4914488099236456,0.2473477530065697,-0.7924867248363651
-1.0247128719207832,-0.10305232436396285,-0.495712224672049,1.3156492663704504,0.8950700169758934,1.3668468040065715,-0.09751519732911501,0.06190928388628436,1.510837091219349
0.13255858745311935,-0.042989060770932064,-0.044679500998605674,-0.3410266011366263,0.7432698366593807,-0.11791009979318683,-0.8768977380089557,0.9543482674697501,0.38169776923819093
-0.3687410635703968,0.027806647411283757,-0.67466457789848,0.19299488728288483,-1.6575136504500345,0.29991193505154284,1.308349498006577,0.7324163338154623,1.49958657698117
-0.8047272632132517,-0.7503931290130172,0.9918766307423817,0.9589332469728944,1.650191641180174,-0.017423044715565175,0.6186191257243819,0.5306183823585802,-1.2973453944928999
-2.025204830051408,-0.8653353118622019,0.03646797575707959,-0.7919635903532836,-0.019215885440184117,-1.026171172748073,0.36218047415292604,-1.9911554320076097,-0.21139883490824535
-1.0948952213065541,-0.14427111709486715,1.6609955729221442,0.15841197919383548,-0.29395288721613944,-0.5442443174932601,0.4880711657250488,-0.8484757897169314,-0.16632132035734976
0.7804214444678745,-0.1606468802467419,-0.6183609228315667,-0.15787906016735093,-0.019215885440184117,-0.9019042175452633,0.2763747033150025,-0.1739822184947044,-2.287998008921719
0.8406174519759455,1.018544529083848,-0.7775607778997571,-0.03931347069678119,-0.019215885440184117,0.23525817527350862,-0.6303660827057229,0.7192842591480796,0.1983389176774427
1.3464682556954148,-1.2614587067869298,-0.7022484174814299,0.08481792886066072,0.26123257281169515,0.4383309505813899,1.086715554798197,1.0771672104002357,-0.4122672805170258
-2.076115910069451,0.21041120530918375,2.333646894844483,0.8969339163334892,-1.4931167260450515,0.9368357290195845,-0.1559193316986883,-1.2525350749399302,0.26387511658701285
-0.030568906206873525,-0.9433488596225293,0.11555149099454949,-0.8635063587537384,1.2587960838308487,0.5670331138528495,-0.36101004996423347,-0.19814755417866214,0.12225547664827553
0.25558079575839615,0.8823786360708207,-0.6446363892426469,0.6802988826187385,0.450972094845856,-1.1892250462265854,-0.3512726781192544,-0.3800737375684984,-1.337383959411363
-0.3317506133825929,1.4084448671782988,-1.4279747895559425,0.11684266480225121,-0.5784094347142252,0.15674705978568562,-0.0744669994598718,0.3017648289915502,-1.1701654629200513
-0.23950189041998338,0.14115413802542567,0.11425786001726733,0.3424984143996125,-0.3948809355532001,-1.2650487167171898,0.7632363421314293,-0.4561193744187742,0.5600082334790172
-0.9444097137743713,-0.9381904390047655,0.05801737010127925,-0.27122816469523076,-0.6803379928082748,1.2623099245876448,-0.8497514733222986,0.02541508728800678,0.9082467511788119
-0.19595841284843826,0.4255748814478833,0.9800676702978457,-0.31391557614117727,-0.19828952320997512,0.8064362963806442,1.7332969247226542,-0.3194111742547536,-1.358285337327499
0.9828597615218306,-1.6766195560654746,-1.053828457674041,2.59427440583066,0.3725823151002038,-0.5045198898893961,-0.44988159764911856,0.21610350269063427,0.4733145564346227
-0.030568906206873525,0.746882317471952,-1.6473053139861464,-1.3314187388956962,-0.019215885440184117,-1.3290900338588214,-0.35145496082940286,-1.6179784321615502,0.37565866235236334
0.9524393603302865,0.13008456494753218,-0.7976605046780385,0.1645765429412152,-0.019215885440184117,0.7065176779837545,0.7687100301519366,-0.8251021545087445,0.3172076685329232
-1.8942924164911095,2.5014705924541056,-0.25296527588359347,-1.351631816444155,2.232092911398907,-1.2090752637074664,-0.9040090307696234,0.2850261986760143,0.24294788672830536
0.2566856386992678,2.038395740886921,1.0500749452398834,-3.397535491431241,-0.019215885440184117,1.9361384348159885,-0.7473740826888409,-1.308429864043308,0.17016345384734202
0.9897398834540859,1.5952892589093266,0.055287889266764284,-2.578385205986004,0.8936576455910584,-1.0645916801570543,0.12748072795196588,0.79435337959943,-1.8316600239928371
-0.9276481775897789,0.01787792397777601,-1.0557294077353256,0.9917346682436117,-1.2905921578749915,-1.023521544905022,0.9105878748328463,-0.4909280408546222,0.13700749883503835
-0.09045778729468461,-0.8470741777440005,-0.4964398702368844,-0.44210358316931025,1.4775413965958384,-0.6906483495756442,0.28078797911861253,0.49663907274342006,-1.7605827300839325
-0.25372156584288896,0.44636879955753916,-1.266582534154853,0.5321273108183002,1.0986200137359348,-0.2683521404489157,1.368035131870335,0.02541508728800678,-1.7092381746589316
-0.49439196682085423,0.6750700072616768,-0.36801352809585347,-0.2664109952492291,-0.5900402569483271,0.9329121191407377,0.3488319203552894,1.7871216562296661,-0.1444173504237492
-0.4676325757314059,0.6176463329875207,-0.29279086880839267,-0.7567362334546892,-1.39567436767843,-0.8617666576610814,0.21539055912768867,-1.5563216092721959,0.5738904191326092
-0.030568906206873525,1.9191312661372955,-2.1784755771908375,1.857947817514015,1.6302703818242212,-0.9083413720719085,-0.11340790002046089,-0.14606419452611522,0.1378454851060288
0.7215837083666691,-1.310778771502179,3.300341123951074,0.4547681456595461,-0.7604570555077088,-0.055109817971119454,0.014953079592436306,-0.06887823458597381,0.49860647247589374
-0.7205775310521546,-0.5607205636172921,-0.3335874386611826,1.9370716104750592,-0.019215885440184117,-0.3379473382012173,-0.4341437816937919,-0.33524132626406905,0.8809033056344471
0.09644665572076044,0.20067129021478,-0.9345100031553717,0.44233131787733493,0.5066308573911134,-0.19270579068448132,0.5622110262361368,0.8798348521231113,-1.042003477759169
-0.11101038089784586,0.43944099983542756,0.8421007051986191,-0.6909381708833674,-2.250624606833596,-0.43930543687192963,-0.4188576969525547,0.6911912765861513,0.8008778777608079
2.5642093831543766,1.2320684582938153,-0.8964959986977821,1.1798770178673705,-0.019215885440184117,1.6926942113439276,0.9505923127453078,0.02541508728800678,-1.07658436721079
1.0970591582217681,-1.6022706457043407,-2.2075975472491196,1.304804846242432,0.39209817608086045,1.1060600060505064,-0.09384717620620624,-1.5055335374878185,-2.166523867949607
-0.49461417584173967,0.2987600355198212,-0.3972204481789688,-2.121805443806094,0.39857709762035193,-0.4724254891905372,-0.32382667434348483,-0.37189286467954236,-1.4324746313563774
1.1422742437063544,-0.6678256058257771,0.41978947182524723,0.5965874136543401,-0.019215885440184117,-0.6919784909166894,0.20357387290767834,-1.201782047394432,0.6031748262538317
-0.5064732122623942,-0.9944523258005326,0.5373429193556414,0.16567101719467797,0.12861823726429544,2.2141401212358662,0.19915952951520713,2.968841290620136,0.7755494690885232
-0.030568906206873525,1.3365541487114512,1.8507025040276677,-1.0731434911645255,-0.019215885440184117,-0.8444446692817198,-0.2299347147311368,0.4183500840629613,-0.9757709053743039
1.182316220631383,-0.6363748418464849,0.14674441574047942,-0.24110182679987183,0.921478678438136,1.534180317828833,-1.9841534236957081,1.6007273328697895,-0.14058597058856973
-0.030568906206873525,-0.8614778880473151,0.48644180735278914,1.1971105478859323,2.498877402474388,0.21537596262590222,-1.091696464809595,-0.9047120468977845,-0.10312293321344608
-0.07697954261089049,-1.179160636063322,-1.0996698396084001,-0.006719032361430316,1.0419132389365044,-0.5618795690769984,0.04106457813688034,0.7558406148486931,-1.302679132087017
-0.030568906206873525,0.5654541640368659,1.6240416204857624,-0.013944677964179924,-0.019215885440184117,-0.1706977223570899,0.48600253359565443,0.3462132459259105,-1.9755044855110617
0.14438890058449316,-0.6754335692567703,1.3819341567863794,1.4981600260006442,-2.0592422383048383,0.0888707614329521,0.6131444376516586,0.9831280746331112,0.6320611566100847
-0.2949854099950755,1.6951549522662206,-1.8691910473254703,2.5184252988040567,-0.019215885440184117,-1.096119498957083,-0.7106653530940118,0.6560150529519653,0.5304058129861073
-0.8421761171064388,0.6375429605264484,0.8856312482753939,-1.8370299232349392,-0.14534676951527986,-1.4475108627025657,0.01901151293618219,-0.22222316841261427,-0.13905103345998807
0.7277713059034229,0.7257686460217906,0.23863160009977882,0.16746602838411032,0.735436103247005,0.41874933610041204,-0.2755090327003995,2.356597563022121,1.2502986757921097
-1.4484571007392406,-1.3272052528215919,-0.20217175792996267,1.169048929470479,1.581577239128524,-0.1184462158279779,-0.740624286899902,0.1407824261980009,-0.13214849117063163
-0.8939989097583568,-0.5193810431247448,0.6635948769975443,-0.5737798053294533,-0.019215885440184117,1.3388733567192586,-0.438302718169648,1.5097589931219708,0.6386051826595234
-0.030568906206873525,0.7111195451345447,-1.3755061964145505,0.873900491195397,-0.6605437419752627,-0.38441656350037556,-0.5594696310593475,0.34581297143371725,-1.013014712750206
0.667324817427169,0.35309102489635785,-0.7305803294666781,-0.9356742822052689,0.778396420931725,-0.055543131000535144,0.33338571944454715,0.5877103921060052,-0.4779289540273972
-0.9179263527686222,0.8330647485684828,-2.3447288377116866,-0.38753760090547135,1.2902388072746416,2.377272876048707,0.12142030596783054,-0.2622002659649426,-0.3819253691558489
-0.030568906206873525,-3.007920570899505,0.7452822663509296,2.1530777455121335,-1.019246512709984,0.9554675293719742,-0.42176905922244445,1.2136121602807248,0.1862418386729714
1.4161915563834282,-2.3498447754269955,0.5400497447157377,-0.6321718424772171,0.2627577795168994,-0.595473246815229,-1.023326044455747,-0.7335021510281139,1.171861421747997
-0.6962387124322669,0.4671886779117053,-1.9921122425971087,1.4953524154400015,-0.019215885440184117,-1.3715103364337697,1.0599938196649097,-0.7993286413915227,-0.7891913671440548
0.33892274539389705,0.25158696185324875,-0.2218997004081969,-0.5777101478262243,-0.019215885440184117,1.1067468566579364,-0.09008356871623821,-0.7298947416801735,-0.6023688240163098
0.5363556721849613,0.0770772918237404,-0.1660070108061394,-0.5662394064756953,0.11444815432891277,1.5013171618251508,0.6762418119649409,0.02541508728800678,0.43850124079379765
-0.030568906206873525,1.243067024238812,1.54664715609162,0.31351669289979534,1.3129676477157284,-0.7770249169994837,-0.24844674965273142,-2.072192605675049,-0.18949913075183494
1.6725940078350523,0.12370509217055115,-0.21052402503994222,-0.023561420035736916,-0.8239309143141246,-1.1412693118503572,0.7170787525518282,0.3257730541274291,-1.216654853333438
-0.5826919267382183,1.273720316119339,0.0611327606886085,1.3886991610970765,-0.019215885440184117,0.5776650012579188,-0.07432465735490316,0.9251355890471132,-0.06947970106888347
0.8800201664063869,-0.5209514921529814,0.015363296132318828,-1.1891314771444021,0.15795257072309843,-0.38576287361949363,-0.17465408826340867,2.803075579012219,-1.5219983634589047
-0.9314202517071708,-1.5535596858592782,-0.08344959104228344,0.5243299758491382,1.4197480120309587,0.16274531203140793,0.7309900246606466,0.27270045637883855,-0.026208491675980113
-0.030568906206873525,0.13634365452973643,-1.048997587094709,0.37364155389959575,1.6925737766668996,0.44618556451323216,0.24776169799538944,-0.16082518016286404,-0.2790106287205606
0.07127412908419635,-0.2072363679776684,-0.978553506203337,0.44777757534337237,1.2394891002332946,1.4011188320770307,-0.5402291854238657,-1.5493829155811696,-0.0893614836585157
-0.5770215387165009,0.3722584269881444,-1.111884524852515,0.9029106150132855,-0.019215885440184117,-1.2674314828202653,-0.31121413000689596,-2.075961182591475,-2.98934574379512
0.3644702189534515,0.25586172655530365,-1.539633448826157,-0.690497522803855,2.3334669820781664,-1.442472124237145,-0.4643324195783271,0.07079315309515438,0.34523631694360324
-1.31768432992086,-0.49455943009438613,1.2390905367406146,0.5457016048529917,-0.14718204811765598,-0.47787582647693305,-0.09998757948627106,0.02541508728800678,-1.1248726689314994
-0.42385174123556707,-0.13042256810356403,-0.4050974822535846,1.073087459153478,0.06073525035133878,1.1061184023727817,2.76114420527171,-0.9097686622238121,-1.712931525580306
-0.030568906206873525,-0.31705533262373825,-0.43419947298798384,-1.3540966824360234,-0.9762835175455805,-0.987653400778659,0.43775580795858554,0.59689274737912,-1.159793824629765
-0.2461400459366692,0.033607640894357346,-0.09641455209001541,-0.30376085092362415,0.09023182814961424,2.6394950099786927,0.38889545158486877,-0.15703932768625462,0.6602487236539745
-0.20581621169242081,0.3226920870628117,-0.7603131161386564,-0.5841166520886268,-0.341445828063415,1.177904552958388,-0.48211325480727985,1.2665506515086877,0.3709306324738862
-0.030568906206873525,-0.400103579545896,-0.215701573444244,0.02221912029388971,0.10405438817682867,-1.6442821437436113,-1.2694657021173803,0.0085367099051131,0.2685709318784657
-0.7054973276869505,-1.390451773744357,0.26477484687754665,0.8116190279981306,-0.019215885440184117,-0.21014344681420555,-1.2705633869805126,2.622916177776448,0.28575460272833975
-0.4506597420151877,-0.3434916857547435,1.3098344413214213,-0.9647252652234928,1.1301408932806911,1.012053177188837,1.0850542351552748,2.352900608806817,0.09295518200745417
0.9455966774823369,-2.0808354211067464,-0.7552738178681749,2.257256909994752,-0.019215885440184117,1.5498944165986666,0.8064903768587861,0.22620909236218842,0.22529113102912113
-2.2897095409599824,0.078530476784083,-0.6836003185624134,0.9036354538317852,-1.1776556484666665,-0.692819170226188,-0.6975752805327271,0.02541508728800678,-2.0769781400308354
2.1590473537853168,0.6501648114600641,-1.3970748833055116,-1.7374340007790674,0.9806442979360344,1.2382034978790735,1.331542873698903,-0.7607488999728822,-0.875949752635266
0.5144165559131229,0.3108948861491883,-0.48463674546319696,0.6386340779068047,-0.019215885440184117,0.581673998833066,0.5747854210641504,0.12144704619911523,-1.0124651432743124
-0.8636912255701459,-1.3681466302542038,0.40320935579182876,0.47394912079067997,-0.5632172149576697,0.8184661686180035,0.11345831679375759,0.7098101219708649,-0.6880548276378466
-0.030568906206873525,0.15479588258296065,-0.7158734158742243,-0.25714400169949364,0.9225626904457759,-0.8398026240760714,-1.0108718504697778,-2.6120094924407513,0.7717208761843758
-1.2848527543928645,0.44660421101900083,-0.8017370629753204,0.07650757067121938,-0.2942496375488591,-0.4843700646705859,1.0641210308889923,1.0980773360116642,-0.14609419508541954
0.569374903671627,0.15123373889138178,2.0030039675279463,0.25584775911318447,-1.5888498136176137,0.057756552451610814,1.0768402845879035,0.25805472000625335,0.38632739472637706
0.7911395966160952,-1.253535215474346,0.2459480281650787,0.3270016651302397,0.12487556974038864,-0.11926715953729537,-0.3054927894342455,0.026190375128431524,-0.5695452608992303
1.1444574978707183,0.48744719165480793,-0.8813379051697489,-0.4569534330548162,-0.019215885440184117,0.749844646879655,-0.5069691395495959,-0.3753292954518668,0.8969125459740904
0.04502039613124922,-0.46232673098431687,1.2991477009707975,0.7913964732845281,1.08827665247322,0.7067159736746569,0.3632500179610624,-0.8454437550283759,1.027205714854648
0.6087426713692601,0.6794810160071351,-0.35627486056669333,0.6216856022761463,-0.019215885440184117,-0.7885693611726939,0.07676476769329436,0.6535860785818305,0.04862314067453525
-0.15784580284279728,0.09978054513867898,0.5033866595706796,0.13935145221527417,0.5653124090142307,-0.37538612346362327,2.3869531007159175,-0.9263676653451858,-0.20322532932198017
0.9232913385072994,1.4086933110017148,2.6270572345972645,0.4670179257036491,-0.019215885440184117,1.8290395652675258,0.07859481091104738,-0.9745406189869492,-1.8891118939585863
-0.5195472396096326,-0.2908452055202151,1.228956092353608,0.645947696779939,-0.5399335570537315,0.4377373467536212,-0.008893982552873247,-0.3732962319293003,1.1906700264864352
1.4695092650545742,0.49180263275124764,-0.8059021496443364,0.035372867439655654,-0.26610578339261787,1.8226752959016896,0.7003752374427891,0.045650467502595875,-0.643188685405445
2.566747566198487,-0.9125811567742903,-1.0276803458224577,0.3662293424382978,-0.019215885440184117,1.9982149680367725,0.4592826276557694,0.02541508728800678,0.47581803999033945
-0.014818374211492723,-0.2627412101456256,0.5390072662186093,0.9006320300782182,1.9772350699598114,0.4250514396884317,1.260844681642037,-1.575082480712619,-0.4613572911228135
0.6432424888713195,0.5209354104632758,-0.7342141966558651,0.34597079437561984,-0.43211872117345856,-0.6376183724862066,-1.4715100561812424,-0.6778534689529468,0.20656427430086466
0.7142623333332877,-0.5706715655329866,0.6789053421868776,1.1818300637283106,0.0184606845508601,-0.3817503102072648,0.504722022787393,0.9641727710589252,-0.7834539070694896
-0.9582579386532007,0.5982561056688899,-0.6780792385053104,0.24029487112248452,-0.019215885440184117,-0.684316504768319,1.0992321242747054,0.7151337889787627,-0.1802411072214767
1.0178211477797516,0.03185439475324904,-0.6849900571316163,-1.4077669210111199,-0.613105564138892,0.45484322031170493,1.3544571245104446,-1.6425721024979678,-0.5992791375248062
4.147898020749882,-4.568864443974584,-0.30257886747689006,1.1199205608123017,1.1421052612114737,0.8937547050219465,-0.6641041487793342,0.02541508728800678,0.17065235639091123
-0.030568906206873525,-0.1457662950672228,-1.2624702313063159,-0.4712401603349944,-0.019215885440184117,0.7943378471688721,0.9159518153019334,-1.4495638938400923,0.3755386279759348
-1.8893060570927047,0.9342590489337924,-1.6629410893381207,0.23400008691362992,-0.19527117271484065,-0.18558944871331715,-0.41445228700201653,0.1636610931208622,-2.5163576682616773
1.9203283224367382,0.3133673792994445,-0.9941716244708588,-0.7739797165649203,-0.019215885440184117,-0.017065034457872923,0.014909046058985782,0.585377911203961,0.3244925102932201
-1.1525154890387834,0.492535488341418,2.084989359593085,0.6303461085956301,-0.4134246270195852,-0.8942407292907628,0.9332933722222231,-0.12369674183038495,-0.39890008748225486
-0.9757401232711775,0.6993891509000648,0.06480919324717631,0.7301173950536413,1.4427320194299482,-0.3294217454603241,0.7213083243062803,-2.215670288748158,-0.04521575400729221
0.7303386495163513,-2.126042903915773,-1.325252177774596,-0.8055491492649874,-1.8254000931117027,0.7413035096307194,-0.7067079611888796,1.5485495906628153,-1.3688844359274999
1.7581825479835937,1.1328458554191911,-0.9904151949464701,1.8972710549722762,-1.1232661264163364,-1.2497232657349995,-1.1629853907505916,-0.23486123579466706,0.9845785718389118
-0.030568906206873525,-1.1865728564458276,-0.5622512905505556,0.7625524294136923,-0.9308917054362453,-0.8269024760060802,-0.4395951574514205,0.3516075110183214,0.5532001164675983
-0.2477112200978929,0.6601464082739562,-0.5375250565828837,1.125518863340243,1.6424873532642605,-0.9750943470816835,0.024836857868573675,-0.564662690294581,-2.011108485685437
0.12528565753901505,0.6160175115192152,-0.28269369413408346,-0.1150181880431724,-0.019215885440184117,-1.5564668262954957,1.498290411307085,0.09803800827566153,-0.017304100402894068
-1.2263024101292321,-0.9128552032635174,-0.3977897993775822,-1.4630160512144716,-0.019215885440184117,-0.9971337566173498,0.3802596805419512,-0.19982524537595964,-0.4372962530502829
-0.78625234994333,-0.30341121684872663,2.567594946324414,-0.3140766273921625,0.2171741282405118,-1.9087131089792926,-0.4595426950581815,-0.42474498146768147,0.3211509729903965
-0.16797770665716105,-0.5474085398069063,1.0930179165638267,0.5169099430641975,-0.8621313020503296,-0.1583921230383031,1.546634217821632,0.02541508728800678,-1.2204783231761083
0.4293911342041544,-0.4468905254052805,-1.7509334960045753,-1.0801786575414867,1.568531048421669,1.0919316080997896,0.8307374812813538,-0.5016789525531854,0.4039564881080841
1.574612075627646,1.7228276214836977,-0.9976505945825496,0.03141509944400734,-0.019215885440184117,-0.7300438516384155,0.037821931496876245,-0.9744718816427341,-1.1858814231404116
-0.030568906206873525,-0.44003350718576406,1.0000354076563176,-0.49483598694805847,-1.071058808183456,-0.2940341473477987,0.13336156734311708,2.5460271385446287,-0.15125698668952586
2.0866131787124718,1.3983705856108013,0.31530818448083026,-1.4465997650701787,0.3671069686198418,-0.9815078080739261,1.0139982107535184,0.4329476803488302,0.6508254789054263
-0.030568906206873525,-1.1741169752535654,2.6665671179605694,-1.9084721782649139,-2.3900504719459876,-0.3478247815795269,0.5502238683736597,-0.8018048553129611,0.17312893902125095
0.14590138023973379,-0.1454793298340564,2.2471912869043456,-1.1290471719579134,-0.34362231685210926,-1.0554330936956542,-0.1456947934556525,-0.7409242420263098,-0.8167210493923241
-1.4676705531794367,0.364244738008327,-0.6733984893587014,-0.918258145225454,0.43847062921721824,-0.2905049726339398,-0.8705781937356496,1.162689530402495,-0.8256695353261345
-0.07877390928521441,-0.08481216631159245,0.6302986850972689,1.9189530701364927,-0.7197282842633544,-1.544272306789048,0.49057969348039343,0.7543210459365051,-2.0227030778201986
-0.030568906206873525,-0.8928401596615109,-0.10771863637529162,-1.3466872812950705,-0.019215885440184117,1.710444245982307,-0.8962358048234131,0.02541508728800678,-0.37681380614513593
-1.2806110352005158,0.12085316889154911,1.748276958300925,0.17808152824537943,-0.6065499268062302,1.794422701733353,0.8998746275892062,0.5562155939789398,-0.8699751219510272
0.49163308030866104,1.1078090545525179,-0.8569069160559876,0.3193170164689485,-0.019215885440184117,-0.1806989520752733,0.371024197715139,-1.530012666495709,0.49955210141721007
-0.06955610565526782,-0.9094055418538064,-0.3728545173535159,-0.31687490941010615,0.5401770222352171,-1.1608698027348183,-0.5273704395607569,-1.1208545905893013,-0.5680130033968861
0.18788250454299668,1.172532484372646,1.087065624084094,0.17459809176215485,-1.3872815456578211,0.010345581841639582,2.394951643255458,1.3446367474798193,0.7384505229711057
-0.030568906206873525,-1.159175531714379,-1.5033316158006094,0.6180037306613377,2.537746799492921,0.5332825977502632,0.3280458099550488,0.5522553356300439,-0.7455183960385153
-0.5573682073842333,-0.25922882412637377,1.3611054566906877,0.6410216292076424,0.2133172990744438,1.1662831577411197,0.05909310876380386,-1.2103565497708213,0.542946870754596
0.012444118278723918,0.3375437748949183,0.08944655027348697,-0.5202154168882572,-1.053956667735138,-1.6163600041621309,0.8594222242968089,0.307523745191242,1.199431944052932
0.8353064522944436,1.0241767661333396,-0.39224144868235716,-0.1383540109589452,0.13011539412113407,0.4570107917246971,-1.4443984135816728,1.132778552802456,0.8356218237942639
0.4143018973617538,0.3881159292584914,0.8769221886137626,1.6892541679951052,-1.08812668685662,-0.892360141200314,-0.10739496456144128,0.3493617534071852,-0.07063569876114444
-2.910051358773416,-0.3186156787449225,-1.1380066853994315,0.9541921374951109,-0.02829768410034756,0.24315786505115922,1.2771672089998614,1.3635271869453887,-0.6201591757676579
-0.030568906206873525,-0.8727265245190232,-0.37948500835840226,0.9042346742492028,0.3156429295689143,-0.10854385971578218,1.270402916254733,-0.40932478855139204,-1.2962808466100244
1.636408610356586,-2.255914443128802,3.9348718200446555,-1.8116360928287925,-3.152600561713551,0.6540625962830622,-0.22430763850582291,-1.5471643470585446,0.2031439792636217
-0.030568906206873525,0.05251313858094407,0.5249924701552849,-0.4024003261145927,-0.019215885440184117,0.5533026312914717,-0.9831814764493266,-0.15416177963082708,0.2240837621376002
0.06408636841834672,0.21108779475189288,-0.16977517996409525,0.3536424111872606,-1.2885740450373837,-1.388462064834359,0.07912050499315196,0.5218568015734191,-0.0434341069637057
1.615596586490757,0.8671473597296807,-0.05801306760961924,-1.0686439330135786,-2.9286874711957886,0.04568421808086494,0.4549855280604799,-0.8947773870814526,0.10874657342342454
0.8945409455081188,0.8527445731703897,0.23673592543970354,-1.4960079056117683,0.10037805194767464,0.6013170912188756,0.8922956278442195,-0.07525158189726751,-0.3349295733680907
0.6732371118662039,-0.1690612508519821,-0.5975447598332765,0.5765476215302024,0.4639410876560795,-0.1200540994035608,-0.6004273359189378,-1.0863015827403009,-1.2207244669895647
-0.8259180807829363,-1.5216944154838057,-0.25221451901594816,-1.4058799677081644,-0.3797307162323907,-0.16667626239900454,0.3792674763006308,1.1549584451836115,0.39417255256492806
-1.1293512853259045,1.0991225781848302,0.3675473979905238,-0.36254741668441426,-0.019215885440184117,0.5603999121149416,-1.0484491402997582,0.9536754503307018,-0.27821627725723613
1.609479231986361,-1.5541868802653538,-0.9955587035213966,1.456055651235187,-0.6399901307363531,2.035666803542997,-1.7191938506755167,0.72270553609598,-0.12640124658364546
0.616149649150516,0.11074797698955564,-0.4915245964948904,-0.21554208388638127,-1.0267924788581202,-0.6219284794594152,-1.208596605628971,0.045997277767702086,0.9980463032815038
-1.878509332619816,-0.320691761687232,0.9907601362204647,1.685397043355136,-1.571543007776516,-1.7945310796457368,-0.2500193554157365,0.02541508728800678,-0.9379861588029286
0.7347323314364846,0.586163649201894,-0.5503000889520664,1.033988548873729,-0.40068535759235724,0.3907815211908935,-0.024330104643763624,-0.3666763534187413,-1.302994723351799
2.4603677694463313,0.733348556593101,-1.292045240670051,-0.37208983742114626,-1.043180597106646,-0.1687883804524467,0.15232920900466904,-0.4703851062933867,0.23207410258948818
-1.347391515177988,-0.21006982425343956,-0.00921027507277848,-1.7187971855180824,-0.019215885440184117,-1.1541510428796566,0.13943166164356682,-1.0244721598527693,1.5195189789702137
-0.06134279604454479,0.7501776103534701,-0.12771092156719008,0.7784382735441364,-0.7244582570061004,-1.2520888538816521,-0.6027128405436517,-0.21502597996361103,1.069991228937438
-0.5584733944090677,-2.027077743064309,-1.387620882150692,1.9800721950507827,-0.3701419416665735,-0.3529682933667411,-1.0394487720754597,-1.4402143407984185,-0.05337228177377868
-1.4416935527499941,-0.9273517897827731,0.038952420904523166,1.7547625115420233,-1.066483969436963,0.2623473379170761,-0.6890889966621667,-0.17327351867187685,-0.09093236244586386
-0.11016897700587631,-0.233147896331116,-0.8946369392387932,-0.5779979585025958,-0.019215885440184117,-1.1070904808454116,1.0884239621063052,0.03626358574558524,-0.522286174227193
-0.030568906206873525,-0.26500612559582004,0.8728209035477635,0.5407884802861058,-1.6361465495267242,0.5092932328435164,0.5754001686395861,0.8080684082743416,0.7856587175069623
0.8694331238613869,-1.02424309814221,1.495812405484332,0.36310907982987706,-0.45455128595646277,-0.2894317827941686,-1.8206873309596086,0.09079220809057156,0.503028606726673
1.4334520660525893,-0.8397111692095204,0.5900171765293238,0.20396175938648545,-0.019215885440184117,0.87385278702749,-1.2212922397015828,-0.9981628914235586,-0.6664004585298723
-0.42659597490403656,-0.5369838924640404,0.14173674716056484,-0.4764819961705324,-0.1909104149026673,-0.6923789409701476,-0.3320564603580132,-1.5601679938219188,-0.6830663973821995
0.36114655980319216,-0.08761342722285738,-0.15715667676936906,-0.2889649825078426,-0.019215885440184117,-0.41172770942159737,0.014153711923206672,-1.6886237514135474,1.8342055900870435
0.002599797265788877,-2.5650250190104167,-1.519428816337772,-1.8175316244334503,-2.730309964952088,0.08441865237879548,2.7691088908756822,1.7727712190408058,-0.11035978963748388
0.9109387967415868,-0.14261493638640088,0.8478356647123347,-0.9447023699311953,-0.7575198306979265,1.4688935653932593,-0.3455098316816866,1.8971928307610644,-0.6805170065499189
-0.16368728902167423,-0.9087498552336152,0.7559076739539504,0.07659346903556566,-0.019215885440184117,0.4059163351787349,-0.8780523401133414,0.4623031696368781,-1.4345881271566128
-1.3553660657146316,-1.1203356378741944,1.9680612692973198,-0.6634122949145995,1.1551298631169742,-0.34302597523256373,1.7952049468273443,0.15984758013077296,-1.7600303721558048
-0.030568906206873525,0.1018969330378759,-1.0564327415615098,0.48158994733173127,-0.03186843154190625,-1.6567936673169121,-0.3201522638234253,-0.735472600145554,0.6495719789001809
-0.030568906206873525,-0.695773338533452,0.5326185977267892,-0.5166522769052114,-1.120626939833412,-0.7561891752466096,-0.30377949603813603,0.3777492005551287,-0.9828168649003819
-1.0313640677835627,1.8291538160567502,-1.2150948261012962,0.05997299935715357,-0.12231439292541765,-0.7211358552282587,0.4148510064376966,-0.9507227568803374,-2.1633032691234697
-2.2847221320432025,-1.007648925786334,1.8352703214745552,-0.2700531350404403,-0.19530376188536142,0.4899039352656709,0.08936309266903461,-0.98696630045988,-0.39854855039222503
-0.030568906206873525,-0.29044168692058214,0.3135815859663348,1.2292827034553,-0.019215885440184117,0.19681045667774852,-0.9766022611642515,0.503022459645893,-0.6089078345074431
0.39824356360884905,0.4129882617582984,0.12623959610685753,-0.9834551175794013,0.26841579904526264,-0.12575152609844611,-1.9788446641552724,-0.16543143552775424,-1.6235123102451223
-0.7597548752091882,0.8124304430068482,0.2908708724643108,-0.5597985842594229,-0.7679630856141194,-1.7721702645030037,0.27786485130345034,-1.6477528839466435,-0.31526715415302065
0.14560524192343563,-0.4804471020484605,-0.692444107353099,0.37876641588126475,-0.019215885440184117,0.36581232592227414,-1.6429778496021261,-1.8002278281935542,0.5504627935050227
2.098782313484039,1.4429524896291408,-0.6125923773737301,-1.9539446002178318,-0.6327667234838256,0.7387052224767867,0.8951966037029675,1.1212590075721047,-0.5676050778840379
-2.2003728374227456,0.4669226340407427,-0.8222681765473298,0.276131363502979,-0.1892833170010315,-0.6999583547994628,2.2732403743732337,-1.923913007486271,-1.0642900204027559
0.6034626718490786,-0.9988385707360026,-0.9743017891422754,0.22553236348008113,-0.019215885440184117,-0.7603800677923344,0.8656528644116038,0.02541508728800678,1.0799439879176598
-1.5926292915231866,-1.0503335078898726,0.6083088504107274,-2.6604462950280903,1.0777307201917103,0.11493792717692795,0.2602429652424297,-0.06794856528357757,-1.3220241394292829
0.43907600037371675,0.5341620850375901,-0.16284967727280947,-1.1107806464272039,-0.019215885440184117,-1.1084074668591521,0.8373156604928682,-0.47978680593952006,0.24294347178253303
-0.5075078088368277,0.029465402006280575,0.1795701171186056,-0.622233720984617,-0.8341165379392448,-0.3503353868804416,1.380334256348948,-0.24958359577486625,0.08337309773398566
0.24924175888232242,1.3806615597748109,-0.9791268967298196,-1.6157103847754062,-0.019215885440184117,1.2547298205278445,0.8996363856774765,-0.23063063954008778,1.4264616772902872
-0.6860170344516988,0.6529186450062465,-0.539515623719394,-2.2485482623432245,-0.40664340275060173,2.275828665201853,0.6885785110585075,-0.08472792767356838,-1.6434032346626561
-0.3619813622934764,-0.6286655716545471,1.8816078823233076,0.18680900608625478,-1.5367816445528388,-1.6903138940820541,1.5624739327139712,0.9627675896986552,2.507641134809064
-0.8179404238670949,-1.6825940274534086,-0.9403246450887597,-0.8847895643296081,-1.4901593132710003,1.3663882090471227,-0.6792299006913006,0.11036519070578497,0.07495173688811485
1.8073386714776543,0.40576414439114084,-1.254894788281757,-0.6315504543700435,0.6741352057933115,0.2650731898256595,-0.10955617426532245,-1.2071884890850413,2.0500401297998976
0.9975542865517978,1.8020646996750156,1.0468204091003104,-2.1868477762755534,-0.019215885440184117,-0.012758025117846815,-0.1485912263405211,-2.0083366828025837,1.362611382269818
-1.7074243873773804,-0.047588439570332285,2.5543510082314946,0.5716936740306187,-0.019215885440184117,0.40607776025367476,1.1133287101765315,0.8133080143092172,0.6542010826361955
-0.030568906206873525,0.43229820315251327,0.695913139206775,-0.7312142836908213,-0.019215885440184117,0.11032226898100667,0.5627528749045883,-0.1013351293919947,0.40581039167099875
0.8833798200206405,0.06099587877286246,0.7519760115332551,-0.39983711443451264,-0.39450288683467155,0.889072069877685,0.33870553396483494,-1.9593943478101616,0.7061202423015682
-0.3872698135471617,0.8378348731309648,-0.7696459961073855,0.34471574943818445,1.5352638870462818,0.11288393878310228,-0.6637612473801242,-0.8754494589700684,0.3227734773942832
2.50552880613491,-3.518379110443596,0.469477114192194,0.8512221486185695,-0.4234835324971427,-0.4350980604238482,-0.47221444758103726,-0.881281640059783,0.8818530239047517
0.8200692637232279,-1.37741356644601,-0.8546434371860974,1.2093940554226272,-0.8470476864013123,-1.3023128375267177,-0.18813580566800236,3.031280976167883,0.38564629987544763
-0.030568906206873525,0.33312214835122667,0.3678704004215425,-0.4919406384652973,0.3263362915645623,-0.09510571290175887,2.4495929218851926,1.6567299436170395,-1.5823611958868553
-0.030568906206873525,-0.3648617091806006,0.04585970284372453,0.031923266407982154,1.6200310889356964,-0.22766870092910477,-0.6241480016828254,-0.14311451311964235,-0.797258475373787
0.5551522355146423,-0.8518392647877777,0.7804531284558331,1.3916395493607794,0.5577391438998027,1.1061737490121224,-0.6917513969853126,0.8672764162281522,0.5356988556509961
-0.6872064737981819,-1.0722944821658855,0.5567690277075021,-0.5471434078801249,-0.019215885440184117,0.7160704591941882,1.3676834699183322,0.9993387351158292,0.9301216937711688
-0.07639328867384612,-0.5965078570719514,0.11404979437041178,-0.42868289625984946,-0.5102736444322451,0.9869743172507031,0.308047845395443,-1.9247949502490553,1.0841600412956183
0.4726081571758642,0.6200161047150231,0.04890490329413479,0.5198350382168694,1.4152582732568868,-1.7280380008584129,-0.04127384846246486,0.17081293132860564,-0.10598055569334462
-0.05085208573645654,0.7171347421507775,0.5377122056729191,0.14676156690938882,-0.005133972003200085,-0.5970348152604412,-0.29977723244396676,2.077040522545216,-0.49207917610774143
0.9400122734586618,0.4921792642918487,1.4293312961863374,0.9774062884752305,1.410067544374009,0.610756454472394,-0.14291044393570468,0.02541508728800678,-0.2587031960841471
1.526768210464609,0.4961417998905661,-0.7006834850845974,-1.0102427883027068,-1.019100105768287,-0.3477415053433121,-1.1075696881347954,0.5312708811052815,-1.239606111827351
1.1907566330496786,0.600687273204468,-0.47441716872483874,0.4627823846345193,1.2002494505501753,-1.557178465256916,0.587991826131601,-0.11113017056232542,0.5769126181546034
0.9376782980325705,0.9871241419922171,-0.6652416839078433,-1.8599345613993972,0.6220144301785367,-0.7068442725481251,-0.06402578102480393,1.0258445446429807,1.2054620128596636
-1.1819346726340312,0.4640078440687779,2.6578764340010133,-0.29054764984186443,-1.4905706033344446,0.7172253022576285,1.6412990803956364,0.27751126030246953,0.34126034599941124
-0.030568906206873525,0.17035810720543185,-1.0697087448261655,0.3196928557635701,-0.019215885440184117,-0.3463861864118186,-0.4625459714467454,0.02541508728800678,0.5965605662401265
1.9374039865462256,0.36682094236709306,-0.2535926048709891,0.5580385625362115,0.178532696394442,0.6787062666478058,-0.8836079659867748,1.2452200073949662,0.09991217707210548
-0.030568906206873525,1.345601085549653,0.46487129585876047,2.160987048230414,-0.019215885440184117,0.23263937420617462,-0.2121598947898781,0.8931005536531064,-0.7888162708566608
1.4979961759038065,0.5941132889051751,1.682281914728758,-2.009404176114733,-0.019215885440184117,-0.5517945318488525,1.444856763008517,0.8962175832623538,0.12329499088661346
-0.030568906206873525,-0.0721450899232396,-1.2116539282189736,0.09396093540188727,1.8082736473405874,-0.00023410104029244244,0.2853343119279632,-2.0068511320829145,-1.3639907413971122
-0.7833760090798405,-0.1370580100285822,-0.3023381253250722,1.1698562739720586,1.8326208278964544,0.3873192311271093,-1.3286335730420442,-0.8869290656124212,-0.4881743370858088
-0.34424351681360205,-0.2934777748101668,0.09542138291914411,-0.5654444540601695,-0.08225479193517868,-0.5300602172035103,-0.6705854310386928,0.4072218056132478,1.2862719986367774
0.7164068694221126,0.3145925395976476,0.4510006236841554,0.9809593495662657,0.3544686827972449,0.5481536382466714,-0.8009034100665278,0.02541508728800678,-1.2873074944051084
0.0003315557698736613,0.004232721210698025,1.721629654166649,1.1698072782760127,-1.08900994101462,1.2620677266723903,-0.13673762487821084,1.2419341660871424,-1.677579813936265
-0.19674400630843483,2.3008572307630755,-0.8608264776019128,1.7555365198596729,0.9680661336628483,2.2577215962099153,-1.482416128482408,1.5981156596016588,-0.6863719409746034
0.16575859319752026,-0.3795339569965091,-0.09634881732644812,-0.1710003702784941,-0.17964832945943576,-0.5983489778367569,-1.8014627228456832,1.5290910844798307,1.1851400586401126
-2.002628120260991,-2.457214287754811,-0.5464577704974191,0.9605566800734839,-0.300240182305632,-0.8312015388471571,-1.9492000796596796,0.3047486822875692,0.4531868572410174
-0.19847695722967704,-0.44386370197326497,0.43081803448545847,-0.11039299694301016,0.5127132884339538,-0.09909955643335776,-0.7395043168987527,0.33381602406792693,0.3616611979905147
-0.8283742710686666,-0.3510599370794541,2.532552711049173,-1.7096852018271664,2.17836240226869,-1.1905062509479765,0.31352157729407093,-0.4153022677724763,1.96571567358287
1.203056201037336,-0.17835454340273663,-1.1626497958128215,-0.283295369781029,1.2924031433439496,-0.5122024445808792,0.6208783644728253,1.2366421197161197,0.21746959973706748
0.209972436456019,0.13903406328769657,-0.9096281858080965,0.4066085757075458,-0.019215885440184117,1.6416850967291408,0.05896983677556449,0.519855917849716,0.5579012878071713
-0.615704498418453,-0.09923621598017252,1.2544617028350247,2.364291476438597,0.10313463658160693,-0.16080686732714639,-0.3868142700862296,0.23448493820018554,-0.8105854434724558
-0.030568906206873525,0.116078874542327,0.39595318317518646,-0.006952764170678189,-0.8038159775182322,-0.41604442374518513,0.5445028080209666,0.7374931492294374,-0.8893876451275096
-1.4929316268832964,2.3412836089353743,-0.7297484392265351,-0.08204506811153611,-1.8550633008731665,1.7505042936279092,0.9189527724307146,0.8506502448300569,-1.1463947392698013
2.3803405987682806,2.4980639502731057,0.7722925035087516,-2.708489474233945,1.2561065977471177,-1.1578658969021771,0.22426405433653124,-0.06107259295941077,-1.1819825716641608
0.03975141213738363,-0.3608661468762729,0.07845244484320703,-0.13049333521688727,-0.019215885440184117,0.9508390345877646,1.2837137957768714,-0.0017325389781263508,0.21929127522281272
-0.030568906206873525,2.3515569917084287,2.582466797590587,0.8107536114527819,-2.759571181396586,0.713364040262199,0.13115548158195628,-0.8865207139741035,0.19353923134368986
-0.030568906206873525,-0.008334564301132065,-0.45427075404873507,-2.15401832274223,-0.019215885440184117,-0.13133267554203285,0.08626822306693047,-0.5337885823932265,-0.10964901380001371
0.8086615460778359,-0.8529473080611397,-0.9940579380520959,-0.4585210535758658,-0.9788403171822656,-1.651062669420599,-0.5783835946193555,0.8258585928020608,0.553228946226869
1.0716613924569405,0.663525846983852,-0.8093631263859385,-0.5956000148452829,0.8937057325516243,-0.13648516493057036,-1.613571737245848,0.4088050231348398,1.5052105239266607
-0.08672656055431996,0.46508674986390325,1.3528920993279459,-0.5100281370095713,-0.019215885440184117,-0.4016991119228825,-0.02740914215071886,-1.6692696970750183,0.16882075305856642
-0.8081147063534999,-1.7516388137333851,-1.2424612669694013,-1.128497811417069,0.15341708192475423,0.22956776103326107,-1.12431603178324,1.4898831805709256,-0.8484684865939512
0.9240514165114531,-0.4110815734877522,-1.0311358785497566,0.17740612028594657,0.7731315557624849,1.9660198680578382,0.5018879466412381,0.7463755837647666,-0.2029159370710898
-0.8932194315698014,2.327548193473374,-0.7387316494185574,0.38307086420960634,-0.5069057815929023,-0.04268838351878703,0.30690391230794173,-0.3382818052241115,-0.09958066300505265
0.49967932413167354,0.2103072166460094,0.2948170302778722,0.32212146755482496,-0.3255700799559185,1.0964137675345524,0.901165070451534,0.917391427350891,0.16775239900166047
-0.030568906206873525,-0.1759456220147123,-1.1033654508862747,-1.5448923419984044,-0.6957044710875998,-0.3539487894331124,-0.72693896342575,-0.2708750313474137,-0.6544661202881253
0.5703068175358836,0.02564277138193447,0.11543099731957107,0.7302410638080652,-1.060432528552721,-0.862719440642854,-0.3989619502302368,0.35017302124367167,-0.7532400142733859
-0.6960684556921989,-0.37226608730599303,-0.8084546280498741,-0.8524264091162552,1.4091452234822035,0.4212406934267143,0.1457316117244178,-2.019888777243904,0.5100853524840832
-0.030568906206873525,0.833538673384844,-0.6844135611741328,0.733516005772656,-0.825826578023123,-0.8334207138732422,0.2917365837581464,-1.1378260436725995,0.23602436802352733
1.335898320527674,-0.45827409696252563,-1.5544411794300532,-0.25975136841875435,-0.019215885440184117,-0.6841190922198085,-1.368468854773048,-0.060030324865017186,0.044497537873037965
2.5370077629103363,0.06361721528117613,0.8821529091081995,-0.8342811677849323,-0.80453442067758,-0.5516786002147117,0.19117100658408082,-1.1567699076616667,0.49828619108236283
-0.01826565560808529,1.3585328636606806,-0.2726191503988517,0.5846530243002634,1.3772897100990693,-0.6268226622377724,-0.3996318016387009,-0.6738866764812795,2.176660706449759
-0.29066127682032894,-0.26276518370001045,-0.31196662830898475,-0.7297076088752867,0.3198746118028472,0.07363743384712687,1.8964180644710487,-2.5343831041380733,-0.4002256449042193
1.261576371193512,2.504051826554116,-0.8801164690589107,0.6328668604463219,-0.4254360586967987,-1.1451528954953174,0.7257943571712707,-1.1275877640448722,0.5139929324593568
0.7314483817909397,0.17763544354305327,0.4261837404480177,0.33479347056022374,0.9234139471497352,2.1000577343055262,-0.7493757224846969,0.3938914496485864,-0.35562349447360797
-0.31109847594969586,-0.020033100872321113,-0.9119607587308041,-0.47083477953482933,1.47911556432053,-1.4465228264869012,-0.7628688916996523,-0.8711997374789912,2.0962857061744637
0.2042470057080241,1.2687688564508914,-0.5737923372838819,-0.009097002562336712,-0.7614514223082983,0.6269578144216003,-0.3089446892124726,1.6907212110775645,1.3543688296773901
-1.0465822227903838,-0.33246888305792194,-0.19923673658873564,1.951207056419228,-3.4308946027712786,1.1123410509884046,1.2716545259271108,-1.0633749324112451,-0.38555401348346446
-0.14471149156941218,-0.6844877269357665,0.2539363606989251,-0.9921854643540827,-0.9968235378024337,0.6945289489287972,-0.8465137123090888,-0.054453156768590354,-0.19250051190026055
2.8166747180637906,1.2583505625757028,-0.0018590732252456235,-2.5279934852674564,-0.019215885440184117,-0.6659494881874105,0.46473000257884595,-0.10625275398123407,2.276106545000321
-2.6192023990667876,-2.3209296071483068,-0.9358944286901831,-0.17537568876341167,-0.15262354465235803,-2.0571360297791914,1.2540945532392878,-0.7163172329795301,-0.8867828790460437
-0.030568906206873525,-0.9073088823233592,0.2454139523071351,0.012727629332694163,0.4448218852401012,-0.20311041086413112,-1.4612766217745634,1.8196813988762823,-0.29489987924917155
0.2136875491800311,0.40140336935865645,-0.45080678983405703,0.07340838554589284,-0.019215885440184117,-0.9725420545021844,-0.2103765919346368,0.12589242707921455,-0.24488170546923121
-0.030568906206873525,-1.6309594282271818,-0.6422264634586706,-0.5545171489379062,-0.019215885440184117,0.9359912393156984,1.6119172447129564,0.02541508728800678,-0.6691195408006503
-0.24005929502768655,0.02814427130465201,0.4709083142602772,-0.1027910858100731,0.35493476668330215,0.5611657982217917,1.2637113480796147,0.20908677608247914,0.23643610757161324
-1.319580827658765,0.3934155909398678,-0.054856070710744324,-1.6888869610148904,-2.8489115373885245,-0.6057044194790836,-3.6629250863991225,1.3027237138247878,0.28002647516466717
0.06798489524178856,-0.48010737321391783,-1.2591873961599842,0.71744989526979,0.20791952258024787,-0.8632275800758955,-0.6697410212560964,1.0869649912834631,-0.12219451093521969
-0.6955512327424308,1.0479715471537732,2.6238002901184068,-0.4208921382878069,-0.019215885440184117,-0.3790892363118479,-0.07124897837849482,0.6672445917081481,-0.8735442276244285
-1.5796321873947037,0.21503790209915832,0.1958109177887229,0.344462554428572,-0.2673363142631592,-1.7176105167591142,1.1505781783350304,1.2507640987368285,0.5533578449574118
3.0545971989823877,-0.11021193769975299,1.9805362099721193,1.090990049416355,-2.6987674296229778,0.43889744896489,1.6248666815766104,0.9708704234278622,-0.2723609877272922
0.15071941153281412,-1.6269403043814268,2.835036325793147,-1.4682342539754156,-2.2441338504890553,0.23383423084194055,-0.5149742657887294,-0.3492828561187705,-1.0429566277959788
-0.29880100372909135,0.5681641799698692,-0.6165506288316193,-0.29646674136170326,-0.8007978686686029,0.9788037756916659,-0.695882412533136,-3.0489149670982925,0.9414152927203379
0.29891878989377746,0.42486464213475544,-0.5698231858236004,-0.342547514638549,0.3017991648926775,-1.3888261484436677,1.6940451771359746,0.02541508728800678,-0.8947239875789599
-0.7507108603966894,1.9132413814532903,0.6142550160111249,0.33287397707006305,1.376993988837488,1.0651775401722214,-0.6116471037245418,1.0325001668846059,-1.2549601602334104
-0.07690618969315341,0.8080980453434817,0.40566464160865207,0.16725158415041766,-0.019215885440184117,2.711461054041429,0.9461822586842817,-1.7370411422844196,0.4910942637439287
-0.030568906206873525,0.7444612653493844,-0.0545471872436685,-0.495012272909297,0.057305672015265034,-0.564919587684794,-1.4479807096941617,1.318738679096925,-0.4022180513290505
-2.0705120414977816,2.9094928991964313,3.4744610393217084,0.4147169786625936,-0.019215885440184117,-0.3300645526886857,0.688785447484489,1.3709584984835788,-1.1903896599656798
2.5391394448222937,0.3855853862297727,-1.1463048725180083,1.8917192564755732,0.44586946855421233,-0.4291376724315625,0.36473539613423483,-0.008487197884890302,0.5670402612676447
-0.506075835443414,0.9786316014187095,0.8511383546333422,-0.09561770415140695,-0.019215885440184117,-0.3674109997703324,0.3860201971036826,1.636688195549023,-0.2923093026064961
0.6634297653086162,0.1355334413636999,-1.0556679654495358,0.12099420597914615,0.018557995596831994,0.23270692521507463,0.20520651883623145,0.31899856932659476,-0.5891935473366613
-0.8229478482058152,-0.31694700417977983,-0.34004030668685065,0.8617551173077663,-0.13862859528035407,-0.009061368833267714,-0.29512505541368034,-0.8866357801979733,-0.31402141951517626
-0.5870502305287236,-2.0096040655336216,-0.27718242607211635,-0.014947176952317922,-0.9284892883505648,1.5907632789395205,-0.05738180528217186,-0.5235036174757655,1.7329688863790256
-0.6034521433442324,0.8936950354977407,-1.0280762230909586,-1.486634662152337,-0.019215885440184117,-0.4758514418604869,0.08719888735506141,0.6518070209564627,-0.650014992334391
-0.030568906206873525,0.03650941459111395,-1.0190948062666365,-0.4001328598828314,0.7991401638167646,0.9382020341970537,1.4016264671502339,0.8980381838794685,-0.6061753800044575
-0.030568906206873525,0.7494364151008697,-1.1789354373857672,-0.6773156125371848,0.701565556470285,-0.2650426702063139,-0.03744533992373082,-0.43003069616681383,0.7887521128947946
-0.8877882292524432,-0.8210676911943262,-0.8194777883251301,0.09096704064816295,0.7037753907170149,1.3312602920748025,-0.7585938607760699,0.07173477745288359,1.5258746756071544
-0.030568906206873525,0.29856414773026635,-0.4186799807968429,-0.5498898975985976,0.5075874974767927,1.4754959895357602,-0.7624204678764616,-0.2416357898835205,-0.6462777168937469
-1.2175980317455501,-1.1059502505990222,-1.4412345729899307,1.3482295034263543,0.6839070592503184,0.4529621908407758,-0.9259661658030026,0.09382588126392244,-0.5680759085415892
-0.3142319968257054,-0.9888076765634217,-0.9261293512763309,-0.7448176258789309,-0.019215885440184117,-1.3927931397635642,-0.6646281084510791,-0.29697735444917345,-0.2265012874414236
0.4405928442250154,0.9598672558048835,-0.35624232590575855,1.6264443738527785,-0.019215885440184117,-1.2240664236347691,-1.8323614557191432,0.03253915881206993,0.8049535904219961
-1.0950172589045026,0.5099262989198617,-0.41019837891576727,-0.6710593942266249,-0.019215885440184117,-1.3588240156245444,-0.1466862993697475,-1.0462061705286057,-1.295743213279195
1.4891356871948311,0.2402483032325815,-0.8625430965687679,1.22193135080414,-0.15103207834575472,0.0439840827886197,-0.7093398898046149,1.5664347058311332,1.6430808292242125
-0.2820389575654793,0.7957635480225478,0.3918331498122568,-1.3417873846828317,0.14601545161743165,-1.351213929474101,1.5461394961399793,0.41491531560389905,-0.05804620833950588
0.5021638218955069,0.7529195300558922,-0.9300656500696184,-0.464455519947707,-1.2716594754476425,0.40385549711553265,-0.47571056394122146,0.0388325076152919,0.8316977270972632
0.7929279021613496,0.08534541586392914,-0.9109602900115374,1.4092555971870304,1.9950158958154194,-0.051639110407138984,0.16037805429827276,1.9701279428506386,0.19475830931615917
-1.063078498653958,-0.1793022595442519,-0.48521729123660645,2.1323810618690215,-0.019215885440184117,0.4202869064772057,-0.5282429474230346,-1.3472793402625631,0.7040861794743644
1.6429000881335152,2.3997542619657812,-0.0009549124781059264,-1.1574374871254718,0.8532589102201916,1.8925665962034801,-0.1931840676269109,-0.2561204668235376,-1.0058495441857342
-0.22661978744551697,-1.2928822091547514,0.3709976763574673,0.8627987500604111,-1.6253626120588733,-1.208873307898214,0.5190945234223715,0.23928931142529958,-0.6258021628533683
0.27317600150834553,-0.3201221607430058,-0.9255403772459423,-1.5429892529940872,1.202748482367228,-1.2868543838525994,-0.7844866025275039,0.008061007554618554,0.08484260053874253
0.4316726407962637,-0.14796099789621073,-0.23958973167304848,0.462935676543747,0.18097520273500106,-0.6177004780142451,1.4091003093432473,-0.4731541170066893,0.5785121304570034
1.6082741128046358,-3.7702420536401275,-0.1655367265879485,0.5682547425477695,-0.4958445013036511,0.3801063094390308,-0.5261202050287241,-0.9695848569265674,-0.6243788848342249
-0.7938504600665875,-1.4683022844818188,-0.8472152593768841,-0.5986980121365645,-0.019215885440184117,-0.010810438159053531,0.04571368551580033,-0.6144781709908064,-1.8892120810115538
1.3585058597342112,0.5942695321210482,-0.8830826788534631,-1.3110988547928875,-0.007466892112933551,-1.434834660744523,-1.060828533680598,0.18681654109583656,-0.6880305237569619
-1.5779603298004548,-1.423358297063622,-0.30724227485070654,0.5130293455036441,1.1236120304643455,-0.33936911010166804,-0.9528682863865762,0.1960462490858283,0.7787972374500675
1.2337584648768976,0.8445020891556241,0.1224091518319166,1.1668378335545597,-1.6307348128495736,0.4736241886972703,-1.3894984001080781,-0.4171133101410554,-0.45456662271535603
-0.030568906206873525,-0.06360454943158853,2.234787820273172,-0.10300528283442678,-2.590665730369009,-0.8083129508246647,-0.0492988899244857,-0.4694016743481694,1.1805532741641236
-0.030568906206873525,-0.11961344769972165,1.670685107667531,0.21427513569406367,-0.019215885440184117,0.571271282366548,0.823328476877401,1.030626067261026,0.4488719920752563
-1.0179026725975178,0.22173674791671003,0.926183390482555,0.06064516297251523,-0.637867251739109,-0.7581733312312786,-0.027218268985874094,-0.017925174643147836,-0.15515482937469968
-0.2689703414520879,-0.08212607020296767,1.4008339786320796,1.7263033068663267,0.2971546808457509,0.8667931343833805,-1.6547628715489167,0.03134480487785056,0.07290138205321058
1.9114892853103884,0.7391020405449493,-0.22785786340462844,0.54417794346806,-0.2123468402964703,0.40649005745534467,0.19916627211954757,-0.41549250854181724,-0.28662016855381794
-0.030568906206873525,0.2670539633696974,0.0828035529546189,-0.3943628749609922,-1.852933167686696,-1.4198510767810788,-0.8037586301479511,-2.3912735579961413,0.006040600338067852
-1.6019950353075407,1.6288003606626773,-0.12031523676136939,-1.3011026100351535,1.2484108569406602,-0.20760791614692992,1.060978157486729,0.8012238339638249,-1.0477546955606838
-1.8233429882356547,-2.3654085478351115,-0.3183194095452932,2.9004306943824294,-0.019215885440184117,-1.2296813349848328,0.19398913372392684,-1.0643127012899345,0.047458063621757654
-0.030568906206873525,-0.5321814441294015,-0.4117171025052481,0.4743948921297766,-0.20930246895008767,-0.379282407662353,-1.466769412147111,-0.5264161770968355,-1.5584929446024438
1.1138707118699185,-1.3036732341861612,-1.159295707241754,0.0045337661357909885,-0.019215885440184117,0.23616226818205494,-0.466239160119892,-1.6613788551346353,-0.9852094968755412
0.8558799133471018,-0.8596497168198592,1.0368264815376336,-1.040831211897796,-0.019215885440184117,-1.5506744478394692,0.07801431341518664,-1.5685958751056406,-0.6659697957978187
0.21611421823902735,-0.3579335150368689,-0.2387365586024569,0.8165775014468039,1.47451612216556,0.006165098291812895,-0.3426322024372572,-0.24229508986759896,-0.034151495376157776
1.2537724584186014,0.3370946839710849,-0.9814701797461187,0.9032219418855273,0.6672679885829392,0.5019559895496717,0.4308358788932537,2.603689073608049,0.13835718997527494
-0.9370591656518851,0.6230071326704495,1.566303643514692,0.04252188663111838,-0.019215885440184117,0.9480287417708234,0.5667768944723123,0.7200918412797006,0.2101483690934974
-0.8686214428559231,-0.10173718403409583,-0.27816607369650326,-1.857360491247673,-2.1472435491881097,-0.7715248097804396,0.1965701621391128,-3.6465681840882334,-2.296954348711724
-0.030568906206873525,0.902143027682593,-1.3960720244755833,1.070283650792024,1.7707944873828596,-1.3859782754658823,0.7414673256932066,-3.1131612021457045,-0.018571092127937214
-0.030568906206873525,-0.47891756780001715,-0.4775348543425907,-0.5585351144084187,0.4533778780433018,0.24739499606476284,-1.1564909245030275,-2.1586279463491413,0.03248277174767133
0.5416281546749768,0.9121240470917846,-1.0478830717367495,0.11680695619189325,0.34871114470010883,0.21572531033804787,-2.490732371212816,-0.19226609753085502,0.3394114398919672
0.5374681283812326,-0.3816761013546032,-0.37442882768488633,0.18429533341030976,-0.019215885440184117,-0.7826459367046833,1.0036602050759968,-4.142953278666765,0.3150410372529036
-0.8417855034601759,-0.8649787299880095,-0.3119214636798143,-0.14885989224804047,-0.06326585683132718,0.9742068011560385,0.07688774111737247,0.9029372863856873,0.21717985710297083
0.7548389174598007,-1.2317049986939173,-0.39454426275114424,3.208446139219934,1.0033794221241685,-1.7245423983251,-0.72842469298679,0.8612791126384796,-0.33872857564761544
-0.26987678353939354,2.316501204655686,-0.330966683315739,-1.1133553025261185,0.0768820596818997,-1.4851511778170898,1.7919028927312235,0.5849667055668868,1.5820161608077652
-0.030568906206873525,0.9724095988927357,-0.3761909754650408,-0.7574857960477498,-0.019215885440184117,0.5854546268097163,-0.18206949462049335,-0.7390914275459387,0.1910648614071836
-0.030568906206873525,-1.0146951172405136,1.253356193766188,-0.6564260258151241,-0.449974353355281,-1.8321025618036013,-1.050102551386116,0.9727655510740438,-0.5116391972578817
1.6567712118293458,0.5885328545296736,-0.6090704381987676,0.26986882900814474,-0.3310451238695966,0.32130439857942106,-1.40552057263332,-0.5255078679411811,-1.703098725658116
1.1424542099483712,0.021279564938543338,-0.2644216725805073,0.23582919603796712,1.1887792878307393,1.117898560307094,1.4906841211575654,-1.9236292479906998,-0.5719316925550856
-0.09898091063596225,-0.5991574222423848,-0.7495239869176908,-0.9065472614315703,0.9818613933853712,0.09925486894116148,2.287800828052449,2.4431902810956343,-0.1263079492309925
-2.136630159221068,-1.0219937769970608,0.45935750201249603,-1.8624020862587787,1.0543271011801658,0.7422532132737596,1.055536278283011,-0.16159533548269736,-0.6354551144985688
-0.5870623624772655,0.27971222101970494,1.2586562477853314,-0.7319268073692362,-0.9765383816016531,-0.16242558660621756,-0.6506116842998753,0.8283003028132557,-2.4254983146983204
0.6530938590689255,1.1441524570582782,-1.562688067993368,0.7359090233001107,-0.019215885440184117,0.411400016251678,-0.4231811378797103,0.1637845673139023,-0.1893369261260846
-1.0750215864082182,1.7820788820421212,-0.09193600034247226,0.7836514578248557,0.38771987945137304,0.5174888545423051,-0.23554230318984903,-0.3874369589125481,0.26236611186011666
-1.3480481469414276,0.019055522091355106,-0.023441736082162264,0.3999855998269413,-1.145988974680395,-0.04015577516192894,-1.0149326433396004,-0.946251206799409,0.46127631107001404
-2.347720972501466,1.4607538221498735,0.3389377946242507,-0.3116433496903554,0.916336128781607,0.1749755537746827,-0.2942584573568729,-0.4226805053641716,1.001089977226186
1.0060593627112957,0.07256921338877981,-1.5245487485192777,-1.4507942777731166,-0.341333406936252,0.31701261645040263,0.023935567301404278,0.5168282690278259,-0.03531809050031633
-0.13896485505114373,-0.13781681613169575,0.4035275510610712,0.28456659073330304,-0.019215885440184117,0.9105600644723347,-1.0579024954698724,0.13489367909156103,-0.7388938800751035
0.47984736607956774,-0.6629016869252722,-0.9686446359039087,0.25107249381867214,-0.019215885440184117,0.7848407134107437,-0.13567859373866817,0.5632576373601126,1.1930765561602137
-0.22401607829079456,0.32893627360518285,0.20036962819851062,0.3594001241446648,-1.103713338776655,0.23207052835559316,-2.5098684070688777,-2.2329715020017247,-1.5330256331422052
-0.030568906206873525,-1.7525919145864273,-2.166580134400816,2.0150366044006853,0.26355235301913094,1.2970650616863957,-0.9691941436457736,-1.5192008709911642,0.15293015792773432
-0.14764184478768008,-0.3689739624597814,-1.177031229128289,-0.6047028777847743,0.8374585774133585,1.5945019108466856,-1.524859809998626,-2.0209070117293932,1.755337173423353
-0.030568906206873525,0.2517253249808477,1.3598363096245805,-0.33660429869177055,-0.019215885440184117,-0.02267845693304149,-0.1008862518406205,0.18283159262618157,-0.16490206331871327
-0.030568906206873525,-1.6623030112845347,-0.07757656212142675,1.4924642716110639,-0.019215885440184117,0.021924367407743464,0.6128725049193977,-0.4560128531809015,-1.7588782087278045
-0.030568906206873525,-0.8445157075399641,-0.09794363741166005,-0.9708833689138879,1.947967353206965,0.16108344879900222,-0.5825410946624242,0.3716578681064051,0.9193039807245085
-0.030568906206873525,-0.3041716365899261,0.8687442807047595,0.6262907639296953,1.232727835062647,2.3262475454206086,0.20936296516048705,-0.04557859254600648,-1.9206754430522743
-0.660679304672019,-0.14603244012739464,0.5669826147405334,1.218483082650707,-0.5953132211284693,-0.6470969312192614,0.37661582782613046,0.4828544461069367,1.1629405572601161
-1.3572604485843838,-0.7034572998269744,1.3206891484705137,-0.6774063720327791,0.4830780389137598,0.9830966552080144,1.0689625641000364,-0.23417974085479876,-0.015447437825092069
-0.9211286940343588,-0.14613300872759596,1.5997388464276916,0.5943355031643391,1.2422257993185524,-1.4819070483189694,-0.517005928264691,-0.37816123308925703,-0.07881838063792285
-1.3365818656977684,-0.13999006837984648,-0.25889577262975205,-0.6602285814015108,-0.27418024026306176,0.1709231139839071,-1.0031315025802334,-1.0718023419310216,-0.09189246579975895
0.31256940541407474,1.8990631644430338,0.58358746968507,-0.07146706058110375,-1.8484136273864376,-0.935641647791547,0.11470955411655323,-0.44360539316015246,1.8631151121795564
1.8754838920080668,1.0404398090494635,-0.660472516793675,-0.9487986420693134,-0.019215885440184117,-1.5798339666744587,0.033673019269106444,-0.26754043203124983,0.31445455493427094
-0.8235458274169445,0.3433686481034354,0.04066370176896945,-0.3243436682167176,0.5187597247834426,0.46585189545873906,0.17153461929285505,0.7382370994621223,0.917121886425936
-0.06978642926329902,0.27711497460019,-0.6607456935867815,-0.9938384541063511,1.037618809679568,1.2903540256455446,-1.1912157677826605,0.40587191070674994,1.7352133124350098
-0.9695924866360133,-1.5248709951260546,-0.29870221170077815,-0.45338457995615317,-0.4767998837257656,0.5187199002918735,-0.698230743980972,-0.263407597461681,0.5477739445150224
-0.1168311830225857,0.446952535208523,-0.30405897126412534,-0.46055745780419205,-0.7360774016049869,-1.2854628923522697,2.1043371012456236,0.36452419034666184,1.8351663454640406
-1.2820720327202042,-0.6546950627409963,1.3227296407064295,0.8074775283888395,-0.4006734804519241,0.6964683348162016,0.7706578957793194,1.7852233764655332,1.7971432971196655
-0.030568906206873525,-0.5651101980661011,1.5021290801582765,0.40256371102178506,0.643488615749942,-0.5717491856509498,0.9947571436110586,0.3132453149329837,-0.2719191026912154
-0.030568906206873525,0.25179563751407963,0.4330281146619349,0.5402605248693072,-0.41658214648317465,-1.4368298592046256,1.8520140453713823,0.18086023740096366,0.44860959920559346
-1.0190285719292649,-0.7412853936295966,0.185509141870028,0.5597258943716801,0.8477602358610687,0.2985963614076643,0.6672811352329932,1.8288337439065532,0.09527202602965251
0.2834602086560844,0.3253453454012392,2.002137766548971,0.8616801776501107,-0.23091104566011422,1.7503552193847565,0.012516112427971746,0.02541508728800678,-0.7823437689423413
-0.030568906206873525,-0.32710832238917287,-0.7896521262328771,-0.28145299150279346,0.35100019703304186,-0.1169214646805958,1.33846422243695,0.09803009033148863,1.4568587416819203
1.7000505462304263,0.28279178749821704,1.2779130056714825,-0.9109392987495145,0.6328751504024406,-1.1719741507440162,0.8229025130982695,0.17361350250034419,-0.710777528567102
-0.06892994284100218,-0.40690856959422794,0.14002250277407918,-0.3849716269148839,-0.29296637126876474,0.5209898557077224,0.549196852237006,-0.010678183553341504,1.0166205415002707
-1.8827430261499916,-0.16552999394911416,-1.04096604132443,0.6974807448467087,-1.3476349171727477,0.8889213531611264,-0.23406585814789763,0.6509297184049644,-0.06433335502785212
-0.030568906206873525,-0.16126055560491864,-0.893215105327747,-0.04966676297241948,0.7558877152060755,-0.34693885129731633,-1.0399110230035025,-1.9364848508467651,-0.3094660173213532
-0.4747408925365374,0.5000596260085234,0.27078847621103397,0.15269247881396802,-0.019215885440184117,-1.0544438684572675,-0.5885310314959029,0.1003433682589083,-1.4001819070474615
1.904772735127824,0.3795358683705333,-0.8237082417212208,-0.5479432799676213,0.9121893536309946,0.1782024794784279,1.624212846767068,0.041300931950319635,0.31408688515771266
-0.5058569997067199,-2.7623847667286685,-0.7213530371658413,-0.16571073192831048,2.975993037725059,-0.5867267725025694,-2.747178864481859,-1.1036356104592293,0.49066196499958803
1.149838564980003,0.5775990769086508,-0.9041143431491213,0.27029659843584136,-0.302812198748431,-0.7277941699918777,1.4097561607480769,-0.7224537671534431,-0.2525837959077593
-0.6333835183684905,-1.4083709225766317,-0.14747796411078212,-0.13099605322230265,-0.019215885440184117,0.04615724919850468,-0.43792059975887065,-0.1120453222825085,0.3868684853982228
-2.4262337394070657,-1.1580457379900886,0.1303424128048939,-0.18430195623218718,-1.3041093553710514,-1.4894249208890689,-1.383678203645715,0.8666670483564826,-0.27066025185648507
0.323821582418837,-0.18567679571286794,0.8590072113704904,0.4706417829874499,0.44657917637785877,1.1930323471222388,1.5581076025490093,0.8479656982852839,0.1607114878752726
-0.8054429872485245,-0.5467950213779296,-0.5101344441779871,-1.1408987184182378,-0.019215885440184117,0.5655723501926947,0.6568654011782288,0.842620281348656,1.357448475339695
0.054058064108402554,-0.7570823740494378,0.8068486342582124,-0.8125961164212999,0.6502770668051161,1.2679184824877914,1.166381220220455,0.8187644001022552,-0.9213820752103973
-2.9134633156063314,3.520009390661106,0.5758077038096399,0.0003347368875319536,-0.019215885440184117,1.1519407447461225,-0.011402073669051705,-1.5250563430292614,-0.39801728483728305
-0.3241303259006085,0.3186773851123314,-0.8323450428186754,-0.4154201119361523,-0.48348309849849663,1.9053241661781684,-0.531505084679463,0.17148640900971604,-0.7305679139861335
-0.20131832849906509,-0.21183468070011577,-1.044844224900697,-0.7383698021230536,-0.019215885440184117,0.6473964221867888,1.9216668181378,0.6621711760176525,0.12612764617316224
0.5910272444887337,0.032904279220086034,0.19571071897970757,-0.011197572843177963,-0.019215885440184117,-0.4095951737849946,0.1832440784370575,0.8111521722063657,-0.10594593270245117
-0.0789229020559591,-0.4939806185354897,-1.0287099140000864,-0.4329584684665663,-0.019215885440184117,-0.8575409052365339,0.6240703252151638,0.00875626533185792,0.6614870793470291
-0.6375799018443391,-1.5031144181059013,1.481686318702243,-2.146393068550013,-1.333581276724409,0.5873023651604977,2.0226856406223828,-0.7577049588279435,1.7900957064219634
2.4411993019440015,-0.7090968137217137,0.8019848887015985,-0.028186445553600854,-1.5770507411246892,-1.752815265270064,1.035495044610152,-0.6976219141766323,0.20736687045128063
-1.4748984591017151,3.4240859709452263,2.5318478203296655,0.5076035002133689,-1.458382101989072,-1.2411002385455934,0.1775665641724461,0.02541508728800678,1.1837961187112955
-0.13102472988690572,0.8299417647963886,0.833604058526924,2.125256399189874,-2.206482829840459,-0.510241305693536,-0.8982118739235194,0.11093032376005305,0.7567428037272669
-2.203944678128139,-0.2942882156930504,-0.21686727873303302,0.036643626204744685,-0.019215885440184117,0.6847829270617444,-0.25787366826071606,0.5203424703211197,-0.43341579137909786
-0.19042843764284148,1.3939683214380487,1.9701385955935404,1.4918446148580493,-4.046429216335906,-0.6358619149445675,-0.8617508958815583,0.4820687428313666,-0.1523247527100781
-1.224657846886929,-0.9948501882729224,-0.9372688825042986,-0.716096228628199,-0.019215885440184117,2.5698363465503093,-0.7485327627125542,-1.94592799758089,-0.17749029906749636
-0.9713727446886353,-0.2662963929567096,0.4544795832601059,-2.246929211751867,0.11756059455236087,0.35023494506937525,0.37124442016044396,0.4040543708445822,1.1313369214155706
-1.2301458323511982,0.3000892660853437,2.320370236734032,1.0840818370316594,-0.019215885440184117,-0.21336545397591633,-0.7114040756412942,-1.242637486367259,1.4032079885182671
1.395449239937418,0.915769405384905,-0.21914752871262005,-0.8709473992839896,1.4609765758814903,0.1560299383070512,-0.764888299537493,0.02541508728800678,1.6851004283746795
-2.042861808362563,-0.3269388643827856,-1.3601132093125299,2.277858877426044,-0.019215885440184117,-1.4832660293817819,-1.3866062476960108,-0.1141850348953441,1.0449581545334286
-2.099630369034829,-0.5230112939685181,-0.366023122633174,-0.40750732530736816,-0.07243050505984144,1.3624285930038322,-0.107986087296511,0.02541508728800678,-0.762164036030943
-0.15762158852217953,-0.032770321484006354,-0.6827046175820806,-0.5472547019552669,-0.400367352756281,-0.29298745909164403,1.4152627233700898,0.5843673476689052,-0.3096420166141068
-1.190873806448343,-0.014899830771393445,0.24119089920918418,-0.8673303639890907,0.03650641920132252,1.0353519892556675,1.3092995358488733,0.14524186540263884,2.339855511537508
-0.4661218828382385,0.7324693711644672,-0.09554339469207004,1.0151528739304119,0.39410273654367,-0.9211905160331171,1.6275562563589385,-1.1052519323054488,0.971836118361597
0.8259545520605792,0.29540759687801404,1.521768963600041,-0.42238802806990483,0.366900397486935,-0.3513259477242816,0.5439844998586684,0.8732261336396757,-0.024439294698849125
0.22969589691728662,0.0669545507997994,0.28558691679846493,-1.454537095852134,-1.2265887710209396,-0.7604890529793402,1.2568377675187612,1.3824466069487602,-0.7466636268821473
0.4606796252294645,0.706538154640631,-0.6176896702193267,-0.10370846520842783,-0.019215885440184117,-0.8052385560688269,-0.369566006275308,1.0091469421341595,-0.132587404680128
-0.030568906206873525,-0.005704731189022248,0.25347669879514606,0.45454667284749345,0.5204137676841608,0.010561906673293884,-1.2090865904372166,0.461087419157403,1.359791530886698
-0.11770220042844305,0.6210095823062536,-0.21657157676492206,0.11632229504372178,0.1748948467652832,-0.8829626488044832,-1.4134500641438654,-0.3192528595692065,-2.3699552465095857
-0.030568906206873525,-0.13677482851412284,0.44615559863671517,-0.6251107789864563,-0.4097012019061768,1.0027014577629632,-0.101198035706287,1.1493680956723173,-0.23659097959916597
-0.6324527135715761,0.4994731725311737,-0.7844230820918199,-0.9831210074776591,-0.3940125467101396,-1.8345706480286947,-0.4315110363700394,0.5613178434248265,1.0724963623151085
-0.030568906206873525,-0.15289517839904654,-1.0278718012117374,-0.08531262120184521,-0.14268870051600457,2.086230105754749,-0.2503761250515591,-0.9756895174051009,-2.0518733608968303
-0.030568906206873525,-0.32989914926149483,0.6230685090412756,1.13602139692429,-0.019215885440184117,-1.4091115482689567,-0.2586854808770321,-0.5819011120932264,0.5559948896314237
0.9450231014181195,-1.3657523513958838,-0.3128232670455215,3.0108457788988408,1.5743542277573228,-0.6539260840707526,-1.3261836543260892,0.2599771020827248,0.5150213578445633
-0.28184900997416695,-1.2506678313943729,0.9958374699099314,0.6605644097658993,0.09395852793085624,-0.027479820803171347,0.2514612882608693,0.8622052485551476,1.1917181431237365
-0.06918403484926308,-0.14287865409306502,0.49113547460398793,0.10198853765392293,-0.45779494410505106,1.6895402039766891,1.5637962608570386,-0.9914900112887197,1.2280230667690253
-0.030568906206873525,0.5795351766534188,-0.22585408871577126,-0.1336744510177101,-0.9573293753067303,-0.6973197604826755,-1.0638540048399463,1.2096371767325758,0.793079468640381
0.11127641562402396,0.014144374213552807,0.9001550309453058,-0.3872385185501661,-0.019215885440184117,-1.3042476104210339,-0.035734959558182254,-0.9820890995330218,1.01230786109155
-0.5260840844618262,0.7492504220561709,0.060609035026305734,0.02314154941681311,-1.3744076871393736,-0.9515407155079084,1.6956220596118916,-0.2740696896372985,0.8272181732995609
-0.030568906206873525,-0.8227421132305339,0.41709323762820594,-1.0376181694622748,1.64218173746822,-0.8419510992995632,0.7729457949387025,-0.3665295037330049,-0.4645672598775603
0.42581927956105875,-0.5392941693561423,-0.38950424866330025,0.6941370155989862,0.030919458719098,1.1136704177890453,-1.1025535374606144,-0.19040155960650212,-0.14333188221919016
0.33020140492690525,0.5181328204686123,-1.2150159445370299,0.683160615729733,1.1993617252903992,-1.0651321489766497,0.4239233992445722,0.06748318137537841,1.5524579611794462
1.1004662692795426,-0.9214430003995764,0.6695181132872374,-1.1041480959165106,1.0625226837678439,-0.4245737654769514,-0.1590043152099605,0.5610488433504056,0.2650431932737557
-0.030568906206873525,-0.4370935878117607,-0.4963585451962089,0.8168751335285493,-0.019215885440184117,-1.5085975222662618,-0.7487208465818078,-0.28293940652453625,0.244798251544124
2.4149710976182805,-0.09462223218641437,-0.8944451954582932,2.008941839513212,-0.18508640222136752,0.6362004475084114,-0.059754735858138355,0.012864222635171122,1.4953560166604165
0.857064347268515,-0.641223808078929,-1.0570623806258606,-0.08758983401337621,-0.019215885440184117,0.30176897802999586,0.9879177008188809,2.2597892149392784,0.2049664554890688
1.0140485694504948,0.10882276013075923,-1.3821784523010066,-0.9097828657527969,-0.019215885440184117,1.0286339958166069,-0.7332217550653771,-0.007341309970940256,0.8082892648514964
-1.0482462488965214,0.1284297853452691,-0.09895024069499013,1.6954917824135054,1.5673652451325542,0.11647095003204076,0.2072727171118955,0.06366861162399395,-0.27957489319598366
0.3373872677258542,0.22565771669450102,-0.11792005577001244,0.6210147426570433,0.007112977409606724,1.2899722628478667,-0.011141457482372252,0.5366165925820249,-1.0219904326223812
-0.030568906206873525,-0.12483819710228382,-0.41451440567098863,0.22258025150710892,-0.551852125141707,0.4261373637375918,-0.10333639239386193,-0.8218254479223343,0.49284666023754714
-0.030568906206873525,-0.07951358458369487,-0.7936990872302447,0.05443638186040792,-0.6713444183636521,0.24137714473388885,-0.6347557270347486,0.02541508728800678,0.41544987691371754
0.46659743800035675,-0.7151148183419543,-0.9307283173035535,-0.08271882932946786,0.7188664699024437,-0.8886604159891267,-0.8366724677597198,-1.6852542354053786,-0.9732626214573573
2.9735991858218114,-0.30241281454407554,-1.088404608595456,-0.03176273997639228,-0.32951874557008914,0.9396985289624028,0.6097333183528514,0.6957753587787495,1.5292630176089357
-2.324047691652702,0.1402476697835741,0.7095659402041398,-0.8970627788650645,-0.10340247505426335,-1.6899812382837545,0.970256966632266,0.5659409339604661,-0.8429000415428578
-0.2568599861481721,0.3687530068706733,0.8185432551856567,-0.05433129298456938,-0.8563462062856638,-0.8151419047122864,-1.1099010204660242,-0.7778910639110361,0.3770479190812185
-0.2126093562580984,0.22157218143791585,-0.08281625821526861,-1.1780568540985692,-2.2828898724474795,-1.1492940314457063,-0.32112675952662995,0.8674320356452362,-0.8632849364403088
-0.23785279596182335,-0.38629963898070924,-1.4419582033669232,0.5558837492387081,0.31196446729623295,-1.325221371730402,-0.6692886247071294,-0.6159283380642587,-0.01517652392924273
-1.6036778854420137,1.7085973932513807,0.10791014973832354,-0.7467012217680772,1.2363106585198493,-0.20537706179915394,0.7014222875643739,0.035717172689167784,-0.07202825187336288
-1.0065029683823412,-0.3967653946256321,-0.16856926631220415,1.6494963212570457,0.07273398735705858,-0.7359085425594275,-0.9638733991190489,0.04152526253564262,0.4976343561123294
-0.25540427196948323,1.0494807171302174,-1.3884104507737238,-0.7334147318736138,-3.050959442057996,-0.2737517796929091,-0.43879161443699183,0.5205639728943198,-0.7070094139205941
0.23383558264518775,-0.4923758721297768,1.43449292104548,0.5092759268801955,-0.827497289894788,0.02402304960678013,-2.0045379417646982,0.033948857909664266,-0.7797876874507871
-2.162250515211685,0.011719358793732045,-0.08227125642536696,-0.0750825710096982,-0.019215885440184117,0.2046628723091187,0.7088440886302404,1.5208347381494225,0.7110289313930769
-1.0832223081059205,-0.1229745798807954,-0.019671698536021517,-1.0396419079056274,-0.019215885440184117,1.5491651351885092,-0.361418908581743,1.337064375765879,-0.41116889604714507
0.14032335975267407,0.36539124190677685,1.0265482886703998,-0.16223196483766425,0.06290802607139305,-0.9306219692444979,-1.1245037635600517,-0.13544761969540373,0.9128984052195888
2.0276496806463062,-0.6326711608391649,-1.9016125496665448,1.599717930119739,-0.019215885440184117,0.6186694666104748,0.6668208874418808,-0.22541492271125985,-0.19866088207876711
0.6688191902394369,0.1217316814346269,-1.1783129141689828,1.7346689211896593,-0.019215885440184117,1.019402267309537,-1.0988710791365128,-1.5939222652491687,0.6383793806162058
1.4883909817377268,0.0641579182819746,0.3191957293178326,-0.6290202720343536,-0.1571159393968319,-0.38353557439175057,0.6672582791666666,-2.26574087900017,0.44889127966766246
0.34030720570493417,0.8754651776692928,1.1259835727302285,-0.770251882228574,-0.019215885440184117,0.9390142578385842,1.2833024435267317,0.7718995157174019,-0.01813157479874986
-0.6217042069592061,0.4157252392785499,1.8307875155225444,-0.22273951791299879,-0.019215885440184117,-2.601776840682401,-0.6018024196177177,-1.658176307150591,1.0798882019849911
0.306201437950845,-0.7571408620718034,0.5907444326980331,-1.3051313018064201,1.2275188097311398,-1.2704582354015364,-0.14745388632732576,1.9678702190294173,0.7838304986811009
0.3428396491531473,0.6362700458160762,1.6504472919512416,0.8858280586472651,1.164658224727268,-0.42059633038354366,0.9616616091938145,0.7318744470691089,-0.4248862758490452
-0.030568906206873525,1.0902817796955457,-0.6290980816645877,-4.2305958997348085,-2.631112018753241,0.32917207760162165,-1.9747372626950828,-0.651442323449085,0.5870935589675715
1.029215770722245,0.9854044364927904,1.2702507883198153,0.660444247046919,-0.019215885440184117,-1.227720632172592,0.8663479988659545,0.02541508728800678,-0.3492656255912384
-0.15138545675933998,1.1243665304155686,0.08170198309964888,-0.30602205121905546,0.947744741393407,-0.19129482532773265,0.8050663724964302,-0.22836899590668583,0.42655889555037363
-0.32845032740770974,-0.14505575974778245,0.3598001331400508,0.11146008388067118,1.710492026597139,0.9096539623637006,0.12823596949360166,0.8792746974447477,0.44158637400745454
-0.5504812665001343,0.5186358792444883,0.33773993974998634,0.7859298474124403,-0.019215885440184117,1.4268903536816884,1.1055437458717376,1.1660515411514067,1.7044476418281265
0.46508643668855926,-0.08579773129782577,-0.21337214010020839,0.7680389419050723,1.0993352555109617,-0.65295997597468,-0.8606849215977206,-2.3537386384106918,0.17912678997952827
0.7658854752751094,-1.5544346478851643,-0.44606278376354613,-0.3351661187857176,0.7072423396392361,-0.09294183438985947,0.4806120982701563,2.1876594769665387,-0.2997474795069288
-0.030568906206873525,-0.01169161702987334,-1.295633563299773,-0.41084272497574553,0.7010637639725718,-0.3365476802342503,-0.20909906347344287,-1.2831424607050885,0.225201366783253
-0.030568906206873525,0.27545883405215943,-0.16911008301175307,-0.19156304660597295,0.5933386223407863,0.6723749827438557,-0.5870755108214761,0.27964807325057417,0.16501912639931096
-0.5816887201419659,-0.8206692402528148,0.872934373862908,-0.9640570810131517,-0.019215885440184117,-0.5906594884683125,1.0081458133056016,0.5923626829685532,-1.5418742246313648
2.513980709623411,-1.0243395881896795,1.8438546247739664,0.30385283025551924,0.4479950030411316,0.6154520412443568,-0.22640445769438564,0.02541508728800678,-0.9535437673441438
1.3955776181296695,0.10761145997769793,0.7290724583626971,0.2383892936883952,-0.019215885440184117,0.32074935482131023,-0.4284744724294231,-0.1257490936540242,-1.2151799261819687
-0.9428096128513086,-0.0946538746132369,-0.35909859021893764,-0.3500460356984541,-0.18679260156306476,0.2574906877995178,-0.19703912236643778,-0.6229563879825993,0.1713478625261157
1.729910019839425,-0.41711553432575055,0.9612616419140373,-0.9127178090688258,2.447635855187704,1.7968318048652052,1.0397631248434642,-1.282757674277666,0.0022932666392766177
0.40760528209212404,-0.5614297266180895,-0.187816556405123,-0.010562063238050373,-0.019215885440184117,-0.7901036903248815,-0.715892826898287,-0.49965479370953264,-1.1333511347504814
-0.3667515701383592,-0.02923364285146269,0.8823977106796804,-0.004837132223358977,-0.13169428264204439,1.2712950023920149,-0.7200816624769298,0.12519450838142188,-2.073650645526519
-0.04295431789210746,-0.8935738153735513,-0.4422103926003965,-0.7588296874213218,0.7936601115620102,0.5383594075237759,-1.0862335085553692,-1.340049753432941,0.16356885704710908
1.068083569460715,-0.6464357215429443,-1.3689708538607412,-0.6679270345111205,0.07474334130012344,-0.2136550827971435,-1.2753559373925778,0.02541508728800678,1.6098913773477836
2.382692029139595,0.5288025529140743,-1.2090761355747441,0.34556890647130184,-0.9270167298479026,0.8557355996633973,1.1221607235377968,1.0879393082976,-1.2904967937858487
-0.6596777235620971,-0.9157880006439407,-0.06488296092724773,0.35329111195628254,-0.6214915109013764,-1.0785491658065,-0.19688575973269756,1.8572668809588981,2.679818550651641
-1.38839719290112,-1.290241568650833,0.13010106219299636,0.40244871054294085,2.456562006132115,0.7712612944326978,1.0484619857442266,0.21176130224820813,1.1421319603267794
1.0079852555293147,0.2710880230725177,-0.5939135881051207,0.6522779647854022,-0.019215885440184117,-0.9894540240763772,1.4018519372044531,0.12192833266653608,-1.486675155670713
-0.030568906206873525,-1.7334631901701145,1.0884449245318917,-0.30561812255052784,0.3497571844656075,-0.6072627606536783,0.9926645162253495,-0.7196958628404795,0.7208451773840826
0.1982485005742221,-0.48371383934678375,0.432068423800201,0.16327333549058598,-0.6404291892809517,-1.6046636976496196,-0.4857896999752242,-2.4445607777215224,0.1421623479624091
0.6697477171271929,0.4081489756072346,-1.504385376395638,0.9225932165985629,0.5982462125714059,-1.1005746171940678,1.349719401972128,2.537880469243673,-0.9327244860385913
0.5770643596379949,0.8642031822067995,0.6295589032005985,-0.1507668194953089,0.26267716556051046,-1.3839703073222098,-0.041146009112135076,-2.135599951868225,1.1195681335497467
2.192280456879817,0.0946489888259305,-1.2113163082871383,0.21797967926749356,2.7513267656941283,0.4209085008529033,0.857531593934329,-0.18828999275435074,-0.14859224826176634
-1.5119863827259672,-1.128519695827481,1.2557560936834844,0.35833202132178227,-0.019215885440184117,-1.1186167866278474,2.6806663540220876,0.6287990488184395,0.20147517318784694
0.4335537105688462,0.46459733721030494,-0.05572355315548614,-0.08037206571789547,-1.7892946780765495,0.8402378328341351,-0.8592386574131293,1.1959825974133262,1.2742907179045704
0.032734140548676884,-0.15690386674412501,0.3812868948842753,-0.31803939989470914,-0.4007500187084196,-0.10640117809046118,-0.4270022767465398,0.7791278008709278,0.6880507389697925
0.1321882039596158,0.03493932065130407,0.606314185138794,0.42621272200850263,-0.7982434332764388,-1.5803600644994253,0.10281341697999319,0.028149482211398118,0.943962992123549
2.2293996124148343,-1.8447544413637824,3.0523134377904464,1.277329936539814,-0.16138824006096242,-0.768526188257253,1.1234559946631066,0.7089262552239656,0.29232085326350943
-0.593349946721775,-1.3269307772138976,-0.5171323572548046,0.6870764253677223,-0.15147144169461946,0.6583578769550503,0.0004119227196270728,-0.21821845671545737,0.46249186573194273
0.5489067556289018,0.5066200522828032,1.9368708242744703,2.535736432250857,-1.4372082432503797,-1.2579089350602661,-1.1795048427634929,-0.09510062200219938,0.7898053169063193
-1.4169114951332964,2.560765678595301,0.5664397373405634,-0.6164216514682815,1.1168672361654144,-1.6101193531531255,0.3940731240637397,0.27836056302936385,-0.7294983443581842
0.7053213921991955,0.3729014140186212,0.2395172306292682,0.24861113167489113,0.3492777848579696,0.10348287616838836,-1.4140000887445459,0.07705118642531468,-1.3318304117978037
0.0706807137670114,2.002053393813044,-0.8890968099679152,1.1833857732162243,0.6888079269147169,-1.6989349672129972,0.8729478229756874,1.0043417966884003,0.7990107321289537
0.5420364468407523,1.666359852146275,-0.701835936449194,0.6000169039577756,-0.019215885440184117,-0.45295691973785784,0.6890729388843453,-0.43808097352861186,-0.07674756694096262
0.006277940730854124,-0.5355254019551284,-0.09389849490938759,0.2221833200778952,1.2147181624528662,1.7751460578323652,-0.5005056823809918,1.2079906243896765,-0.9071522492478512
-1.3761052634119701,-1.802905538024794,-1.2169899118147365,-0.4408938945559039,4.064699320437661,1.8804208923312515,0.33907597899092123,-1.4109391758108663,-1.038007729689298
0.24264877625344417,-0.8946072204958634,1.147193555767163,0.48783239384922916,-0.019215885440184117,-0.3625631259068725,0.16738788053331977,0.19556706430220952,0.6714316591477125
-0.9596762647244539,-0.07326536706959327,-0.2062616548937341,-0.21155510214143766,-0.019215885440184117,-0.2956433763522375,1.2172817352287264,0.02541508728800678,-0.48917263553307455
1.960866938790852,2.457103638138483,-0.35906464909263214,1.2786031354856175,0.7577153681405344,0.3661968181472006,2.212352853131261,1.7461774852001262,1.5916667954709496
-0.030568906206873525,-1.042188049557636,0.31452466406096413,0.09457075049834243,-0.07906191121970675,-0.16391198398165258,-0.8159710323314152,0.49276457234107357,-0.971608545234826
-0.5087163001754857,-0.2967317924147346,0.13529767486206876,0.6039357071443009,-0.18739693989841977,-2.397279476632761,-1.4051563392166662,-0.33081653288127866,1.5191351004053606
-0.17317878444453647,-0.2901834619952458,2.768993824291158,-0.6120431063873607,0.5225741935753886,-0.6732945000927708,-0.505579411971755,-0.46935495025936924,-1.2129468787182311
0.14164713289373754,0.6157135943315853,-0.332032521410795,0.3453268398580471,0.6958165662549276,-0.5340637005575762,-0.03310985499302955,-0.8137753349369298,-0.4444958427264049
-0.030568906206873525,0.36303034911815973,0.063484191594126,-1.070797518914474,0.11852219264467488,1.3960951745614494,-1.3023091285860648,1.1654952070815785,-0.4862105597384066
0.2587155858904979,0.760688140382341,0.4102159429250615,-0.11846721474333857,-0.019215885440184117,0.13226244768131556,-0.35912460849322553,-0.5116675243918398,-1.9997015112016008
-1.771229118824511,1.218506121576925,0.5657861537395765,-1.4220294641633637,-3.474521702577579,0.3591314653347223,0.5925407739589664,0.49843253066331317,0.45360247631830514
-0.12650864187386626,-0.7952298134071496,-0.5038113293981368,-1.2018016059249004,0.8153370722816438,2.6402393952341696,0.8830430238710493,-1.598749777242246,0.7627091040579536
-0.2908900968059426,-1.5785569190195936,-0.23020993428726957,-1.3479741973811663,-1.2618963414737143,1.458810564663942,-1.010553358429585,0.3522666315139624,-0.29696771134151123
-3.6222035007327698,-1.4997477701516506,2.243570863122168,0.3826438051357422,1.1659980772554988,0.006536273341201525,-1.0449375875621691,-0.07335956655947792,-1.2897168850826048
-0.030568906206873525,0.9680415594229649,-0.715950674568697,-0.4939776874799539,-0.20052400091763797,-0.31280995500537173,0.11517231104066246,0.897647962176513,-0.6198592286486874
-0.03591153847393373,-0.3432306430285737,1.039101479367,0.9282014333492511,-0.17408740865242436,-1.2560093539038495,-1.3018261792418135,-0.851544422969253,1.7678447211693478
0.9674909098887554,-0.08004295978490662,-0.06837842500626383,-0.005110918540884407,-0.019215885440184117,-0.4292583343453428,-0.1909928045218785,-0.3190985994455149,2.1001371263356394
1.032175567825459,0.1784277069576242,-0.7666432132139641,0.08272033804155686,1.1008681949870658,-1.389337278705916,0.22328757208467556,0.678519784212265,-0.9421891786451769
-0.3060217685071541,-1.0909844792061774,0.07646476142023248,-1.132623364940515,0.13417633837407175,-0.1361424115625668,0.46128652040061363,-0.8161190823429364,1.5475905377124084
-0.030568906206873525,1.3250118282915881,-1.092622281182317,-0.443193828417298,-2.0604245381104596,0.668048681594128,0.12036464567106973,0.8002065614552702,0.984859170654042
-0.030568906206873525,-0.562829787409461,1.4266848415932425,-0.43191306922730366,-0.6139471700556656,1.7603584112254063,1.0071192451850686,0.17910055009330678,0.04115689366168633
-0.3021820269881499,-0.07572584388415181,-0.17686384072133962,-0.677646076423791,-0.7125412636793562,-0.18946219271981585,0.49210412273358184,-0.53956330510969,0.7042539047933164
1.4260570107776593,2.6070959095819703,2.9645494857924497,0.7592112508088695,-0.5240509404968813,-0.06916766681492134,-1.3057323009752353,-0.13258451199129093,-1.299803499560086
0.10909179027598057,0.5179756043477823,0.17638933439703022,-0.7433129781476292,-0.14934119954316033,-1.26690012938527,-0.07256888727574096,-0.354179109967471,-0.18096218335317812
2.010155164195222,0.5248487023247113,0.4047713284960486,-1.1967021218016785,-0.407396148663043,-0.8112570039414015,-0.08442948970069131,0.11755303443395348,-1.3743352214944886
1.0010842696610984,0.6096904922236641,0.8016524187954724,-0.11231360197257005,-1.0639480206084246,1.0253408309732774,0.5854609911282994,0.8671985945908199,0.09305005361149629
1.9360549834845897,1.2930017784163736,-1.2768789730925896,-0.6293911505059034,0.4920805948969091,-0.27203899317145624,-0.21916989884456678,-0.4243664340415948,0.9356922073914082
0.6998122876553627,0.18354566753816237,0.55285259651805,0.7997719516259849,-0.2709943728354264,-0.7347345721961548,0.9297404462135923,0.02541508728800678,0.9992081235384096
0.44622995595592957,-1.8142803728033718,-0.5896132224633412,0.3499023037719599,-1.4140469574322456,2.068661943904494,1.360286324174004,-0.19766527330487402,-2.339383101596218
-1.4293657098695074,1.3573592930661469,0.2602947336233424,-0.9522282471103061,-0.019215885440184117,-0.3693006148168002,-2.4823084365070023,-0.23713094980022142,-0.6854211355401961
0.6935336569192805,0.8493463803383886,-0.2258994297741278,1.3506169578103184,-0.019215885440184117,-0.11503557007338086,0.7876091080162805,0.016194305639822562,-1.1764377596762772
0.7197930624794402,-0.5456139764232382,1.358535547187255,1.2417941044851946,-0.019215885440184117,0.6568487131881637,-0.6066741798682116,1.8832675751067705,-1.576424506855332
-0.10746103533324192,0.14983370369458077,-0.6133737482313378,0.8422220699888396,0.6670166864244693,-1.1351942066048684,2.0195738930507074,-0.3573564386932601,0.34499725042143087
-0.251322613613816,0.21825823333272978,0.21237992072601117,-0.24372664623243548,0.2393567685777048,0.34662393537595676,0.48751499651224706,-0.15750789747669036,-0.14162611069817768
-0.030568906206873525,0.8271506088858218,-0.20022628765553127,0.5387203392578276,0.7026365953151047,0.6107476512367986,-1.01302823195438,-1.077674035934611,0.43670246944878544
0.18522127839009325,0.36172578313466125,-0.9331841663666248,0.6897666826551432,0.5266500483021533,-1.1244874202202548,1.994495010939417,0.2072463486413038,2.4233931902782078
0.5940491331965823,0.7615046641735929,-0.3729709619621439,-0.14819040722465815,-0.019215885440184117,-1.4662503775378062,1.4515642933099229,0.41317899549232573,1.6486068751052805
0.9750235914384786,-1.1906877794417488,1.2792923073632045,-0.21945700570557322,-0.7704870686745858,-0.621499185715243,-0.2922830424257866,-1.4655919649909366,0.06772607934411681
-0.4312320085422673,0.2369716454616232,-1.2312489928912767,0.3328824586923733,-0.019215885440184117,-0.12201697345348873,0.713878854961887,0.02541508728800678,1.2858033329250038
-1.4031143442555263,-0.056775214802259465,0.6198630464213477,-0.60095671772901,-0.019215885440184117,-1.4140642247263158,-1.1727369904594753,1.236111693120713,1.3603949064208694
0.12110873059166972,-0.2683054493311165,0.28158760635663527,0.049966112118074155,-0.019215885440184117,-1.008596638002145,-1.0254418965716887,-0.29148456281700286,0.3757272558878064
-0.7754084477294577,-0.6399677248045254,-0.5378809588404947,2.0604432053519424,-0.7113618712010913,-0.30926791402838844,0.2667744925044228,0.5186151203865562,0.03100130683869621
-1.2194245181692618,1.4863753850055175,0.6674301677080832,0.01169619858511133,-2.620141887652334,0.4468025664199609,-0.2489603244902582,-0.6662773581557381,-0.8494671984793326
2.196980194814047,0.6343235827563011,0.6582415521242374,1.1232019187638764,0.9870893069882088,-0.5556068342279504,-2.3338904268836043,-0.41718751510466046,-0.8827370956128383
-1.090179092623677,0.45594056578803127,0.6249506687663781,-0.8167447938492682,0.18918655986732733,-0.863377509003087,0.7150187657031625,0.02541508728800678,-0.2557398604987103
-1.5167169694572669,-1.5290015641949424,-0.18957993169296256,-0.4852216655584738,0.9708043209195262,-1.0057728426192072,0.3015817986035606,-0.5809464717969447,-0.42255649462942363
1.3519119367273293,0.21032744737572232,0.09389695749009978,-0.7214426362125437,-0.33629716720122155,0.8432841451298785,1.2424079728117894,0.6491914577366168,0.10463892557103806
-0.012335693089896996,0.5952991724785777,0.35436666678674483,1.2646256548426313,-0.3394044930607088,0.04335732155354322,-0.40118921061490814,-0.13543131428275967,0.4168658094163782
-0.9629724354611261,-0.302544258372772,-0.36640290815853255,-1.227388385686765,-0.570981891621406,-1.1418782721896488,0.9948141844013478,-0.4174536354339898,-0.5171695005701054
0.9092240714847227,0.36177316239848334,0.7246542745626467,0.4176337908585134,-1.0057954866765748,0.20566654980022828,-0.49380908804704216,0.7973672861401038,1.2257232924256276
1.2898757978620519,2.5385403964661193,-0.2771806777871388,-0.5704127464864452,-0.019215885440184117,0.04359581104437987,-0.41990476382144964,-0.1483714505400398,-1.970917955227078
-1.0621337448955264,-0.8517002680016431,-1.06828026385808,0.3842360750782306,-0.019215885440184117,0.1934367650293209,1.1609308111019971,0.02541508728800678,-0.2752994490631762
-2.5983135643181052,-0.17049398107454372,0.7846078898377992,0.5085807486942795,-0.019215885440184117,-0.04575704659007012,-0.27309749782151,-0.510935392133031,0.3933469525270659
-1.4157933048165232,-0.19103564232728934,0.2781087584219183,0.07117446956479712,-0.24501445405345293,-0.2790785786013295,-1.83140483587047,2.1062952026612938,0.6240777093184396
-0.030568906206873525,0.5582646530535924,-1.0529346722321842,-0.01480435203467058,-0.8633348205044344,-1.340603049202555,0.3522831619618106,1.679917049409397,1.3228719293033524
1.3445610830507482,-0.0013768231662811604,-0.18973473535610816,-0.7991469606649931,-0.9651368170361014,-1.0571874441868154,-0.4426979840263845,1.1470769775431386,1.9009777340730738
-0.030568906206873525,0.12690501001180243,0.8706732437507382,0.5315717952554253,0.38012667433422664,0.5966478830975348,1.7225256493495553,0.02541508728800678,-1.212309961481738
0.26918772839276045,0.5794488468749255,1.0813936621981342,0.23899481506343173,0.10192478207641369,0.6094180418086483,-0.6330312951454412,-0.7760494445848437,0.05356570265684305
-0.019436314530404532,-0.2789313541516625,-0.7381088849925116,1.097720520170284,0.21510121111307173,1.6542397990286477,0.0023884313484917328,0.02541508728800678,-1.0275549660627197
-0.4282426811131954,0.1555505971535403,0.661583730619582,-0.9138844635016629,-0.4875574497835428,1.7931653746817202,0.11225201268990695,0.02541508728800678,1.6249261160609916
1.1413877951565357,0.11248565375316892,-0.04017189883565897,-1.3767220248889322,-0.4385084273860037,-0.28664926086182935,-0.15304078736378895,-1.1545874766938906,-0.4455911081498083
-0.030568906206873525,1.7125711511838988,-0.19305042692604837,-2.8482486246112257,0.46310770602795504,0.3342951797593149,-0.6798910909297604,0.19806633372445848,1.5030376473787963
-0.030568906206873525,0.4059023224552388,0.6273609462927144,0.19760279720503823,-0.2708887608443584,-1.5657425057276093,-0.0916289123673866,-0.21692700007640991,0.1661848355251122
-0.030568906206873525,0.16281494428479457,0.8700667376693271,-1.993063288644522,-0.24037156671282073,0.009212413578718163,-1.6545399058063985,0.6464839694885963,0.1814138599808434
0.6079164770529499,1.2557297731406247,0.18606210057197634,-1.1019011513385044,-1.3852320466368826,0.6299122504089294,0.29941889439933556,-0.7910785015159523,-1.4710080879009186
2.0928394664210974,3.180108186533608,-1.0544922955331648,-0.288468070224245,1.7907658057142575,0.7357529686314913,-1.494298947597146,0.11115866329132877,1.3184995899407796
0.5127758170115423,0.7488659120566507,0.7365370566766956,1.4100102689804168,-0.4829062032689516,0.4229243381142743,0.3216909523216524,-0.5781858602560657,2.0598064834613377
0.8878133105020148,-0.9084002115363647,0.9212025947398018,1.6647293939826946,-0.7288805307238453,1.465079503430721,0.939804626565445,-1.7938415623735136,-0.37298744323137856
0.979690493965944,-0.16934164796382567,-0.8345217411482327,-0.3212608547643609,-0.019215885440184117,0.8725955700088404,-0.8969048730876217,-0.5688099600228116,-0.700507452630292
0.4669233201570421,0.4840980995851296,0.2577306780668396,0.5062962738399661,0.8366639690833857,0.44721954117853874,0.36181678493489056,0.24958492494452042,0.5461718683551627
-0.5409729942100239,0.007790930081595221,0.8363994961322189,0.8833681627843442,0.01954422820650299,1.8117854557267745,-0.9638689948351518,0.02541508728800678,2.216764730895596
-0.36145134225919,0.2649997292390713,-0.9480192772216794,-2.0881126994146544,-0.019215885440184117,-1.2350245853497794,0.41104665499144316,-0.9063956999870446,0.2864962504182023
-0.030568906206873525,-0.2071365437517443,-0.5881139852987676,-0.05312260471871506,-0.019215885440184117,-0.2154512919682248,0.082747737363412,-0.3814688182603305,-1.1291635679516656
-0.8091645871774631,-0.3819950304170835,1.4879334049900155,0.17824876765156272,0.27662417925583727,-1.8086540712588948,0.1383643627979141,-0.22559643115545083,0.5088404122435378
-0.030568906206873525,1.6579891447646553,1.0172422125310574,-0.45963061143754996,-0.019215885440184117,-1.1009946591836246,0.9817514495040094,0.5422595730874061,-0.7800735852892052
-1.8908039146765852,-1.4643258581416354,0.5425630413168394,1.3298336010524687,-0.4693811258781273,-0.7671041492010792,-0.5330824274546405,-0.7650649877628624,-1.1614505138397684
-0.34111549721862194,0.2110841439215874,0.055575799406039475,-0.5425134952431595,1.8175240752979864,1.4801521953435324,-0.6598491294818758,0.3276389854432851,0.40792391359256525
1.299983062552561,-0.021813234742886056,0.21010897026770456,0.24513068664339918,0.4125092044773709,1.5275799835413653,0.2978394723664665,0.6169830828809064,0.6674777305413317
-0.030568906206873525,0.9025427407067593,1.2249966919348665,0.1653007503674764,-2.058129629499157,-0.8901274547611884,-0.9557496037999343,0.012367432711228291,-0.9496499156577236
-0.13071879938393044,-0.7108412314843332,-0.22151709028612931,0.23287102959771422,0.009061751482600846,0.16170795540236577,-1.0595602177880703,1.4463559529686751,1.897869302280637
2.1697284406695325,0.6648749374315777,-0.9287129649145339,0.24782179416734526,0.011271348634072658,-1.0665438913386427,0.42441134519651325,1.1726238820552357,0.4241341042624414
-0.030568906206873525,0.2890283360055753,0.8969356607662199,0.251626792356077,-0.019215885440184117,0.02879284285671893,1.9562744521217075,1.027875563684466,-0.10235497080112325
0.603526822166775,-0.31158453037737505,-0.05107405348772058,0.44787346361022967,1.6560475066571738,0.4132096137305423,-0.10888134083319087,1.2637543617178195,1.4632888978387113
-0.8256104534428107,-1.1365603700886953,-0.6382492835441398,-0.8328484497211504,-0.019215885440184117,1.2022725102165088,-0.9761406774345773,0.8310678952319117,1.7036675413344977
0.23349674862681727,0.4144883607276335,1.0486988898032668,-0.46384788771630275,-0.5980409220380499,0.40750067381305666,0.7686018320069185,-1.554972750946208,-0.3346615229734343
0.5304645558818224,0.4532494440695819,1.1231935053517188,0.25225138443921097,-0.5637858002854511,0.06831737134558796,0.4965937252126564,0.02541508728800678,0.6719956190982828
0.1828158722300617,0.557592270932077,1.2392758062571814,-0.4786579095512854,-0.37827513649361716,0.1251536449048756,0.46112656709599575,-0.6837484476762575,-0.5501782271860031
0.7189661329015175,-0.3765986601990861,0.9298201323424531,-0.5635415542611426,1.1008533716111826,-0.3373842592999098,0.3082734990881409,-1.7969156463816371,0.2953155064364393
0.9771986866511213,0.48369856320351134,0.761036632013805,0.06817372232038063,0.2438462185785715,-1.0648369987575428,-1.5986663663461271,-0.34441985229401195,-2.317503723594153
-0.030568906206873525,-0.029615513878647408,0.7452375682859846,0.23354412815918904,-0.42105373477373126,0.8215743030011936,0.22792585989918207,-1.204404994161449,0.10072436624744233
-1.794265675889969,-0.5382722074608021,0.3562809611128823,-1.355636814420537,-0.9713992831218241,0.020127931005433922,1.0488670324090643,-0.6216144651478734,-0.904208974082641
1.1213279083305339,0.18076646941985786,0.41489381093341005,-2.055221380159407,-0.18939953182801378,0.4206555136472974,0.7095797594673776,2.4194792473603552,-0.18231661232848073
-1.388600996885812,-1.6444311504293614,2.162632959511244,0.09705363743757121,-0.019215885440184117,-0.5080147172530957,0.7739971573563609,-0.8781066038450102,1.2607607265693992
0.5834763923031964,-0.7990901773524038,-1.7425130314740542,-1.2502217780282876,1.0724913725353566,-1.3826227506568547,2.6891423452921366,0.4826346208343733,0.38076266001660297
0.6103617138952405,1.1724429418448579,-0.7452508221485298,-0.8632951398712914,1.1981595636419078,2.2948408150082247,-0.024715593269393245,-1.0922143080219657,0.9995282333430894
-0.5868416753695336,-0.2199900550714746,-0.7686894869788921,-0.1857035451374207,-0.7418629661025213,-1.6082393607810197,-0.7002038232094525,0.9639191112179565,-0.6200778930696711
-0.030568906206873525,0.7707987689063095,1.185307001962799,1.0312467788749935,-0.8227606571106946,-0.8718487476171292,-0.4408453043129446,-0.9365452390222487,1.065179442478634
-1.1306061009540374,-0.2679626201333529,1.6001310824755277,-1.7257169858098016,-0.019215885440184117,0.3287406810283374,-2.396492321594992,2.35614134374863,0.6828524476070108
0.07018409649934527,0.11790246269132397,-0.9575212324723721,0.5414513105732216,0.6779643845553751,2.3431225170110515,-0.9393977004562779,0.3401986642055897,-0.21436124839391832
-2.3397539720993485,-0.3865010984186139,0.3269995064668132,-0.9869494769693286,-1.3168971178709292,0.357652677188376,-1.5894367373491483,0.4705049161346635,-0.6529530499062239
2.2819146182111547,-2.4126882271352477,0.050103035060059704,0.653657481555247,-0.7193698298816403,-0.18447203874161616,-0.41931327315440137,-0.027283746889331217,1.3887940331286532
0.08341182217050558,0.34651472731845284,-1.1416211189254668,0.5624946241179656,-0.019215885440184117,-0.7274523981031588,-1.1835489912779518,-0.26130738075855864,2.215760858842381
0.8628571857741503,1.0628469997618166,-0.9539187556401579,0.31724103093772327,-0.5547618854854476,1.2290502721476129,1.3323007891706755,-0.5136385347327634,0.3128439574806933
-0.030568906206873525,-0.055211733179337655,-0.4046381950110623,0.30988171698745726,-0.019215885440184117,-1.3290747982401725,-0.5884527668368341,0.5667696147778111,0.6941095837196728
0.9053955070574772,1.1754199669308396,0.6469507343065806,-0.897262354669939,0.7927256293117684,1.1258819117591945,0.06355673516218442,-0.6671552677345465,-1.277148441616138
-0.02940165304017278,0.4243839184080051,-0.9220431624786729,0.7892352946696823,0.24092809136440407,0.7615279121368895,0.16722726971662472,0.19180415221907587,-0.8823592626791565
2.1420046626563236,0.9009180125162531,-1.409148453689647,-0.760944793815039,-0.5460337033704611,-0.6843472762566999,0.3069110979545811,-0.3106788780305708,1.0414689774122452
1.3248009228126052,1.737470709826032,0.6938457297758017,-0.3302163848680512,1.098105444185197,1.9820469026845688,0.5682763309591817,-0.4457832173191998,-2.505456702686087
-0.5144629116561134,-0.3226459470723455,0.15376272296462376,-0.76514369666166,0.37171931941761066,-0.3288211853092486,-0.3062727857521089,-0.3603245549558288,-0.5111195646550464
-0.31156693997294566,0.01134593167387876,-0.6710721697490942,0.08737737564416864,-0.019215885440184117,-2.0219355342996725,0.041935955751047846,-1.3117596793723207,1.6882200691185854
-1.5922836555228337,-0.608773888785922,0.24904763982178735,-1.94063992020799,0.9394429639660903,-1.726150900183104,-0.3241924040927594,0.7418869026594569,1.9151061242721013
-0.027024781119321797,-0.10924554104896048,-0.10271676295590462,-0.4340464073981356,-0.35388217694006807,-0.5753051827176595,0.34094213259317485,1.401585308347257,0.025156720679139644
-0.06588892736169971,-0.4719766206534267,-0.5006321691538699,-0.11553730055191568,-0.019215885440184117,-3.0450649197812982,-0.811424061831998,0.371674119234078,0.5808815097005805
-0.604764579395581,1.066515090865865,0.9008787478833282,-1.7107012641947787,-2.3590160602271313,0.7542265108482082,-0.37943782998014375,-0.7664224942234579,-0.8442933679577086
-0.12358902573570006,-0.2790409497295742,-0.3269512680780906,-0.12589289359913997,-0.019215885440184117,0.010764129016169044,-0.5135347246505139,-1.379423897173558,1.7912245872990233
-0.9819732577099197,-1.1455628774090725,0.6160588530465495,-0.12360616053697515,-0.13421306792239487,-1.3602756443643542,-0.2006495181317698,-1.8888533175275963,-1.238980783938595
-1.1401282807851336,1.9117323110830156,-1.3381258166719,1.5834708102835768,-2.3477662353775393,-0.383112173338334,0.37606201659966626,-0.022733883133153842,0.031265620054875744
-0.3394808293170711,0.6440919889580884,0.29601216796977425,-0.8000491640793347,-0.6386228195136808,0.599824548455559,-0.8612129561049867,-1.115261873287962,-0.5926901886805278
0.20693090077470766,-1.4778564779528631,-0.8529019351061716,1.2312134483797395,0.3917382828631285,-1.3757386152845328,-0.23627693015264847,-0.46243375376413004,1.7485466358049613
2.849810333447614,-1.0610753884499453,-1.8094206920776983,0.05569521581473071,-0.019215885440184117,-1.3762788058848339,-0.7598545303994453,-2.5733641039203383,0.23015364750847284
0.45289476338332785,-0.8631296979453935,-0.8621903512875422,-1.1583182674015784,-0.019215885440184117,-0.0794593990582902,-2.05596906660256,0.09247715718522616,0.0891472920757322
-0.030568906206873525,-0.09020950254913501,-0.2530949775397694,0.28302596298967364,0.24575976943620162,-1.299670130688396,1.28608752790918,0.7311177573310438,-0.6309529141017162
-0.030568906206873525,-0.9850116957282733,-0.682713776251752,2.5594398333322124,-0.019215885440184117,-0.8291476483740823,0.9001542048377822,-0.3789991289505584,0.5219163307556579
1.7258200721836534,0.7734552095629788,-1.0674385491873621,1.2340676183963377,-0.019215885440184117,0.17256191666146933,-0.14088887934137764,0.02541508728800678,-1.3165185259842944
-0.03705566556963006,0.2721207070362287,-0.000402952525571352,0.09988193584214843,-0.8014942713186927,0.17904339316853946,0.47665161370808706,-0.03698098583251015,-1.3230406856578698
0.17028505821602652,-1.125204926101935,-0.7996549455751888,1.2997644891653812,2.134491203704392,-0.2930980150409618,0.9414663927432668,-0.9504930356132657,-1.3958944538139988
-1.568353985178314,1.0872245973587427,-0.9031171564103752,1.4420645922220419,1.5305284079861405,1.2128233276403748,0.8904200710270948,0.4924342991224739,-0.9621996910596873
0.719830367020421,0.22496803137130242,0.2608496763104272,-0.17033090064196402,-0.7711216614817802,0.5303507180489376,1.5049563991031127,-2.2451543416146293,1.3202408586917
-0.054571400456369205,0.6932735899759116,-0.6633156224658049,0.33508535239186626,0.6050134335617825,-1.7968178429042165,0.917745046796263,-0.06960902745128854,-0.7865383443732158
0.1112272328012329,-0.2597041110382891,-0.11537821882861493,0.8366578353273598,-0.019215885440184117,-0.6211235597779781,0.6324896795386972,0.3459167908924068,0.6320910865294226
-0.5922054298558143,-0.833621967340211,0.08251482890042447,-1.4015433440197822,-0.1763709635428961,1.4996088047995813,0.8320521739825755,-0.928232928419955,-0.10255897104823669
-0.030568906206873525,-0.19163882435689364,-0.7573214467529267,0.3010325311977238,0.894929474398689,-0.11663539906512105,-0.29127216561268554,0.1760704403822982,-0.22692474028914328
-0.2112148857482987,-0.8453110576669245,-1.2354814099721774,0.003065448888887917,-0.7721603087604426,-1.7098258130187198,1.296499597501642,-0.263597052827536,1.5980110876608111
-0.1302535749954482,-0.5175477525766128,1.0086537209111452,-0.33587415682581906,-1.3492967240747473,-0.4253477885750432,-1.9938924482713722,-0.18178367679133992,-1.3744677826201597
0.5051280994907426,0.10670573775473208,0.059706896340587894,-1.1462578957795888,0.25699290700001753,2.045855832558003,-0.6067067425310876,0.5757185747825815,-1.1444813617071488
-1.0427733452487884,-0.4252362657979707,0.6313832062253364,1.5446276934573782,1.2353677130416263,2.0849878870859055,-0.8214661235574717,0.8050971434069502,0.6086799803734755
-0.030568906206873525,0.3002473295879258,-0.35803168133922925,0.679267486211556,0.2986512906053198,1.0203101976277207,-2.7034467164628158,-0.2693091884579969,-0.8718736626730846
-0.030568906206873525,-0.1157946534842335,1.1943950887818136,1.0221103368819089,-1.702621558165346,1.9037250431357324,-0.20925780920208323,-0.10944026831085034,-0.027157648266922248
1.003138825071523,-0.1474776023905483,1.1673888440499385,0.6247943240725637,-1.1072254594470545,1.1248036380764797,-1.7309711616527235,-0.5130308627611536,-0.525732245251372
0.2560636877263415,0.9198926461936354,-1.4528588496273176,-0.8694263533384111,-0.019215885440184117,-0.13333574899057213,-1.2763203312978337,0.07217964334702417,0.39210123108147027
-0.030568906206873525,0.4881527130256256,-1.8483391554795656,-0.29302517896262187,-0.0197970485887553,-1.9594024237932715,1.1558980234892013,1.4976829022868288,-2.1756026422277577
-1.195040613839807,1.0985633817889284,1.7968598955468806,1.1029110266655904,1.2919609851920948,1.8903367718406927,-0.6004172437886355,-0.6873221619013192,-1.401012739024226
0.040633968556909275,-0.40123372613975744,-0.5676416897935405,-0.3608362005967098,-0.019215885440184117,-0.7926534256434778,-1.2525433815842821,-1.510167980343353,-1.0540900796680377
0.07159392737321486,0.403362378059536,0.3450062216001699,-0.2659883081836816,-0.019215885440184117,0.9127773098731854,0.5509568387555309,0.6020048074387845,-0.02298876330104633
-0.030568906206873525,-1.2643684185757251,2.3667732813693494,-0.8048821978623407,3.187977506418913,0.34931495751714625,1.9442905245336042,0.6948462709923102,-1.4448744915004665
-0.2485030974885769,-0.3251928059045764,1.446643313672314,-0.3511785286330792,0.7380370977208444,-1.5315725623294256,-1.2276557986216454,-1.010013640203414,0.9114033324837467
1.7316935198344978,0.6390133251595657,0.3753736260243916,1.7309135971219543,-0.12683870339660053,-0.41840732930369184,1.8218960382933747,1.2459257294598474,-1.7412673336866022
0.29219739828401403,-0.12420127774288012,-0.552891734802226,1.0628974482823002,0.35805620346508554,-1.9963102700339388,0.502837649644608,1.0826977603543433,0.4461374766940498
-0.5578992248458667,0.4619246208835027,-0.37797196290630114,0.024096642227357055,0.19384490985973463,-0.8750635802324096,-1.9055410388872813,1.0258880312999554,1.832663977188379
-1.4684418155523298,0.023485904705478244,1.8960748039940736,1.2687299754272603,1.3654559618458235,-0.8704631071206036,-0.34794243018880855,-0.2722716913446523,-2.15598881703375
-0.5397330527323841,1.893239827132892,-0.9260432172686781,0.22946531661116604,-0.14046870587759436,1.6745542439670384,0.6638806328795042,0.46556556363319573,0.16801042811899936
-0.33389552763615205,-2.6913195255997393,1.4169291405090536,-1.3552645272133508,-0.4460360007372698,-1.2767537112065406,1.584579437580925,0.02541508728800678,-1.0159925125124336
0.2176571543255595,1.019121225466208,0.7698732491345621,0.9977664566324252,-0.868193020235655,0.11678299848843449,-0.7115394201821259,0.7859634311253845,-0.2179701242153283
-0.5437492024812585,-0.5459030477213151,-0.5638051184887184,0.46892618128016883,1.009036873822557,-0.4863960394734128,-1.0016309481638517,0.5346737252032713,-1.2208432146819064
-0.7715399120025935,-0.18292930159596907,-1.041328617497786,1.1403897076419032,-0.27676260590939605,0.8899433121723559,-0.5635151138712204,-0.7642232894339942,1.1918192202549085
-1.0778868930885903,-1.4092619203223802,-0.4058298208148948,0.22225422181702273,2.2942471652329344,-1.5761704121930697,-0.5984784681101472,-0.6621982816470453,1.1884945869214913
-2.237342735148424,0.6732770697388458,-0.5661714889155451,-0.6292185903499994,-0.019215885440184117,-0.21280142614695868,-0.055224528394862776,-0.37007373888954964,0.8291572006462256
-0.3073796974956272,0.07186055011416034,-0.6823945825159476,0.25113512996369713,0.2276118448705219,0.12360034354165748,0.2223979244149822,-1.729866030036512,0.6289140135439957
-0.9531157136296139,-0.44054264319132236,-0.45429931582764765,0.2640728101352367,-0.019215885440184117,1.4701804947580421,0.2872090590878453,0.9746107654377628,-0.8737725967941353
-0.3485471164565678,-0.2713467748457544,-0.1976938401903804,0.11391989644190532,-0.019215885440184117,-0.4632364390679947,-0.582184699611718,1.2062929488806073,-0.19143282918083235
-0.6083645706049163,-0.6657589750479125,0.03549282326226092,0.3077920801472919,-0.019215885440184117,0.6323616934166635,-0.16033449514901282,-0.9287645945688839,1.5790209623895612
0.07589872050750901,-0.6453903557824837,1.4895027549638948,-1.0562348496456953,-0.0434365942763921,-0.2052898000140594,-0.790897299290939,-0.3724887313686757,0.44463504623619554
-0.030568906206873525,0.4355311265043791,-0.9381412840469705,0.8942470367352877,2.3379142396932098,-0.9349445423506502,-1.189066253437041,-1.320926860222853,-0.7804370312644782
0.7942628054672572,-0.6315678549676536,-1.367150764689206,-1.339568656517564,-0.2577039361045344,-1.5534154212793343,-0.9715697374377426,0.3339507105170509,-0.04077629927706855
1.1926857842650502,0.08900027409236914,0.36673935142216646,-0.1868154494623416,-0.019215885440184117,0.31932094962434193,0.10913580522729262,1.0439511607815097,-0.6685944275813483
-0.5307540894472635,-0.7407124238718935,2.1458252617021194,-1.797177301087585,-0.8600200826898586,0.7136757308568041,1.3547617837820147,-0.08585269219294843,-0.3388204716558624
0.6372530424395622,1.8000611328911764,1.0237856707738642,1.029169346125402,-0.019215885440184117,0.18020481389761567,-0.9643817626272722,1.7166628361290561,1.725511772894938
-1.9410487497823272,0.15097872913080743,-1.0008335684697889,-0.11495564916847763,1.1337204176745117,-0.3120671209570765,2.594280105935371,0.6525422281313046,0.6483593603307868
-0.22339857243173283,-0.6045595285591161,1.1591608690457478,0.5100651780069791,-0.019215885440184117,0.48478087284799576,-0.9277592119632772,-1.1798199564643315,-0.3058334756768558
1.7547860645943258,1.3431198483264897,-0.18477456576278933,-0.0410487016818891,1.1154516321396186,1.7282993191244345,0.39881682629225906,-0.6540179813171515,0.853126861236878
-1.002801973083125,-0.18955784817375906,-1.0937834529675157,0.8958526318563889,-0.609716454658252,-0.34980765491953364,1.2899512357385248,0.06724782534951165,-0.2884440797854969
2.5950726123301915,-0.5757160600438472,0.43551728980531207,0.33989797724778953,-0.5898659189745169,-0.5525414058740639,0.9707054822844398,-1.4785640068830292,-0.4342670507946222
0.6535670714524159,0.12615881324880743,-1.0148982664728747,-0.2626821876791063,0.6376155167544175,-0.41886579381990613,-0.962499311714114,-1.4271879556064162,-1.2253202410689799
-1.1205767747958375,0.16120685398850404,1.0582986420334048,0.10634094536542088,-0.8099661125213101,0.29212659367637345,-1.0408723216742535,1.3595106270750976,-0.382039897620207
0.31600773836719553,-0.5026157787000747,-0.5291732751193835,-0.860026087352388,-0.019215885440184117,1.8288561123628868,0.17875746507879678,-0.4691789534741673,0.5918167027595157
0.3871448453742744,-0.24558641720395752,0.07112082801940706,0.9386653807499649,-0.019215885440184117,-0.4278143689525645,-0.4302933257962309,0.45270158175246467,1.2557800122992375
-0.030568906206873525,-0.1805063622222343,0.5737673857892196,-1.5430439677933152,-0.8653839763338298,1.0054450610485954,0.5844222548948269,-0.13059594801189184,-0.6677329389909453
3.005557220570036,-0.01628307246939053,-0.882567300990987,0.0743390607761919,-0.6018518799538984,-0.8698218583960163,1.5318869152356984,1.0249150553095174,-1.078616434822481
0.4857859484227015,-0.6023122881543334,-0.4045684432170141,0.2822631194356151,0.12310156813554705,-0.7006058479131416,-1.587927085767566,0.6410587003730915,0.25526067284958315
0.42847751434812587,-0.20587212001260827,1.2584958841893594,-0.8495178870796343,0.9382517172000786,-0.37156675631702357,0.2935789330301327,0.02541508728800678,0.21358949131190677
1.8528168759311745,-2.995548205690001,0.6244708661030295,1.314509210507339,-0.2917712137391856,1.0442925332880215,-0.03149374587682328,-0.4248875275517327,-1.5498065803889955
-0.612882412352765,-1.1261382564718476,-0.0405949714902048,0.5922594666878171,-1.692801004421306,1.0114657161816745,-0.989763970438109,2.1423193646888987,-1.30970320651112
0.6211466526280224,-0.08922943846266837,-0.8309307443446758,0.0641321288020528,-0.0359093212809241,0.502755119682492,-1.030263155595097,0.0643983725055362,0.11423371679345481
-0.3540806892856941,-1.3608211635678067,0.0840294219234506,0.40323981877410936,1.483583571128675,-0.4213040052087157,-1.2637633740148382,-0.6888006636415761,-0.39646535026176927
0.6620743432931202,0.07580555175461967,-1.4686396427144237,0.06343411364212323,0.1277197295852977,-1.2292692819913098,-1.5565304464375505,-1.482449105046747,-0.43442836234337145
-2.147961587962271,0.9556632968305002,0.2640066515205513,-0.072228234511751,-0.019215885440184117,-1.674637961749657,1.5539178228042425,-0.27726787139067893,0.7808317181741001
-0.030568906206873525,0.5415705641340414,-0.02475206896545159,0.7233516166978433,-0.019215885440184117,0.5622198117553995,0.4351307739162864,0.44362718425560344,0.34940745015755525
-0.030568906206873525,0.3081997853460391,2.149065610021088,1.061534934497992,-0.36766984081971726,0.49594312721365363,0.07608333831735581,0.33472842458176166,1.9384293212968033
-1.4616961163441478,-0.976175589210068,1.0581193921655534,0.18457599509022599,1.3804573196935297,0.9714216975643668,0.2145979057821265,0.19534200100809895,1.374275025325276
0.15103164631062582,0.8564420667983023,0.1914851447489096,0.27373891085566726,-1.4805790789772593,0.7341983869085872,-1.7439312008710857,0.17577309634720448,-0.6960883156836473
1.3729999392888865,2.0625262920957166,1.886750862719176,0.32396969566323125,-1.6232941516168953,0.11550560383621926,1.2176080327061587,0.5286290792652074,1.9224473081201348
-1.0833986277253946,-0.5305870723031572,-0.19707272545031793,-1.1913905104765126,-0.7868116897248938,1.0218115900242946,-0.5110124304650736,-0.4624302243730051,0.32016913112989176
-0.33851657871877744,0.12908638381256038,0.20921699790826326,0.9065332479527066,0.5310185591412023,0.3762201737165267,-0.3855831369109725,0.8463031734824343,0.22844525779398042
-0.9706889544104534,-1.5301355723160015,-0.61947210541487,-0.3844895481223553,-0.94192210603181,-1.9211473151588214,-0.14486671298125076,1.3714514538792082,1.5703836204403099
-0.4293143985530111,-1.0135358256009452,-0.5687928356901423,-1.2284185494198507,-1.3953483447551132,-0.37574960024370935,0.7629226625460009,1.0037682374055206,-0.8231712251402555
0.38878911608141825,0.12859435659538096,-1.1633278542206833,-0.2927544663826183,0.4274372673169041,-0.087577343749073,1.3929563744120426,-0.8393699015217624,-0.9173892829725642
1.27367178692057,0.2871925718407881,-0.7648327678760618,-2.5644454122431166,-1.3773969179621695,-0.26698510951374216,1.472450810874841,-0.03324557038731788,-2.729337637036791
-0.030568906206873525,0.276758099913951,0.334811474314791,0.0691191874841901,-0.12049173468421986,-0.5141375471611722,-1.532091498761515,0.2240775310366429,0.3568829759201502
-1.3114562536984689,-0.3425706674276958,0.4317724719102739,0.4397464139865752,-0.42282844708914163,0.2718841835967048,1.2223690070288926,-1.0652291579284503,-0.16810895369953546
-0.7768747014548761,0.550043883893095,-1.26422874169715,0.42477592635890393,-0.019215885440184117,2.4492389756319346,0.9723707883715546,-0.3909912037825034,-0.10802786083036212
0.6778837844950774,-1.9567152415298366,-1.2641289608440502,1.4990836052196455,-0.5188967191522196,0.6406045204220839,0.1253414787554848,0.4099463000921857,0.4070434633740625
0.4946836829222349,0.6114445223906657,-0.06722079112130591,-0.562109473118303,-0.019215885440184117,1.1882590640658468,-0.11441514449926173,1.0753821320772718,1.479285027262359
-0.047877279428974254,0.7367476571894174,-0.37214068801418493,-0.20931811311454573,-0.019215885440184117,-0.3697066279863952,0.16260670611967187,0.7344882056838676,-1.0918291145343841
1.6601963727809819,0.23168172524759817,-0.528619338930467,-0.6018392357284383,-0.6363212781872684,-0.39809673633736053,0.8460911459104355,-1.3861887095486964,0.026626064927554944
1.7408770142718348,0.9178065130662183,1.0106393322636253,-0.16696381536672186,-0.019215885440184117,-1.8493447280029818,-0.16500711665907164,0.19653826262601454,0.8210618841558535
0.2857288468635337,1.0731366592087102,0.06445987921057586,0.4407021963368322,-0.019215885440184117,-0.579731965311805,0.019877122164924415,0.02541508728800678,0.8845075715890871
4.266634852132873,-1.3405572158999224,-0.39084220323014396,-0.24916250096507828,0.03020621274444106,0.2833434120392393,0.8858902318359,1.248665400413429,-1.849167026115327
0.8328349538208377,0.8099297662569317,0.4729782917143633,-0.004620986999157415,-0.019215885440184117,-0.7368413378007191,0.033632445087854325,0.24748619276864114,-0.7448486478756822
-0.030568906206873525,0.7095428252839135,0.03682681271791091,-0.776352287179064,-0.019215885440184117,-0.3632614188723721,-0.8405582914762052,2.9285254879948113,-1.255488087771226
-0.48618496740436706,0.2615789454733731,-1.6952030861449758,2.6183190515491885,-0.23299361941966715,-0.6961245874966543,0.6311193300109947,0.5159663046097152,1.4760878565580926
1.079078365178061,-1.0468766898967017,-2.064940950097211,-0.5221099213832303,-0.019215885440184117,-1.111390790343086,1.5164091146181966,1.1415908630778653,-0.614912287823681
-0.42678927014644,-0.18998326590684306,0.016770896415522273,-0.12612891394461387,-0.019215885440184117,-0.9146136902993033,-0.6416036341370488,0.06636545843492847,-0.7033097201554828
0.797032071844231,-0.8928638816948485,-0.4875517446285837,-0.04498652717577973,-0.2862244472215928,-1.8597083705069661,-0.5398251446353228,-0.30959046898068915,-0.6135910748714161
-0.030568906206873525,-0.353250718793466,-0.24244510801845057,0.2431209442537547,-0.019215885440184117,-1.6611959111016021,-0.4061300521453364,0.02541508728800678,-1.2250779837608914
-0.20120726240311804,-1.7208570153871539,-0.49306602627342166,-1.8959295901765487,-0.019215885440184117,-0.6639701480337821,-1.1039395622945423,1.9581002023661744,0.09198283923186949
0.5973421876249364,2.4581395826677586,-0.5395562138012598,0.4535447135281854,1.7572066167783142,1.0689191439815635,0.07798858063952598,-0.35489986041056654,-0.6703937815406376
-2.112386149232229,-1.8579862546639376,-0.5089065087415786,-0.5069529584240681,1.096261343355991,-1.0319861282612977,0.4100744882156169,0.13972842614801678,-0.3934394745283032
-0.10119891315901508,0.33918551921174184,0.28217392547144654,0.06607110466901088,-0.5506606204504672,0.6072917385861938,0.6742737852734791,0.5621487119549644,1.184545431950897
-0.0527235731285976,-0.8448355029768277,-0.15636491444821635,1.888546388420917,-0.019215885440184117,0.36737344825886586,-1.3531286100822522,-0.5852564465788181,-0.7964004632715119
-0.030568906206873525,1.8606143135497637,0.7148518214441603,-0.7016047531920514,0.06328380076940854,1.5314068305768616,-0.006018409035733607,0.14180951594799776,-1.6659237838326912
2.1790086273705684,0.06207308423469597,-1.5733137980451481,-0.9806370890156191,-0.04835287012729584,1.7319408668077807,0.4214163658176078,-2.367860639766287,0.7679382968516089
0.5652723661067028,-0.1867284682316382,-0.6195814585234639,-1.0393838844782082,1.670920315232243,-1.652538361524122,1.0273033311904243,1.0291582318601953,-0.1117414914496704
-0.873561862264394,-1.2311340831461952,-0.709823929876304,0.808341613476164,-0.019215885440184117,1.7756180264765402,0.9938599601564927,0.5216722505595037,-1.9099615179053624
-0.7208480138383799,0.02905976942860115,-1.296893146293902,-1.1326499168826807,2.2833909096828573,-0.19652097760101722,-1.323882305894223,-0.4430887536014018,1.5936416650799916
-0.15782310396949045,-0.9409777709481506,-1.8062140679270593,-0.6155617170054144,1.088544057152405,0.18374788186561145,-0.9571094586083184,-0.13530408798301646,0.3630572956183491
-0.946158449977839,0.1790876642177252,-0.5017353117577238,-0.9981810404284875,1.419506711800926,0.6341658487755821,2.251335843043557,0.02541508728800678,-0.3096827148519789
-0.38484761572571413,0.06884530978188054,-0.07642514828747493,0.9722686562875243,-0.28080568922852156,-0.18072037106645591,0.19031517117237015,0.8664716505809024,1.5728183668332028
0.2491487180535927,-0.5324302910750751,-0.4709466498253593,1.7262664057624748,-0.14658607319885728,-0.7881252286324433,-0.39146602550928217,-1.083643038881992,-1.313937408930774
0.8903306822335517,1.829925378554738,-0.5814104761052469,-1.8592879703499299,-0.019215885440184117,-1.1611462334441933,-1.0471752656968503,-0.6949081985518942,-0.1525405752709732
-0.5187945940052214,-1.630966808557018,0.07875276760761588,-0.8920325108470826,0.14152875105980478,1.8028154496049968,0.316384427660498,-1.0885412855153442,-0.7366568164316082
-1.3808605602595894,-0.14705493002918832,-0.41514160448424675,0.626520537533857,-1.3678085971984792,-0.6694146117535333,1.1446544163164512,1.6265997414233024,-0.055745149962706166
0.40349814474230367,-1.3374360063810253,0.125739716288305,-0.5531557951082549,0.2668921007647195,-0.3308478668518346,-0.006083528954101502,-0.11860645840156943,0.3773998158987849
1.117209460238835,0.3018206517479009,0.7672583603969568,-0.4946603999626476,1.2044091945573,0.9764500814623205,-0.21814304323318373,-1.5059880268380796,-1.8184668803404334
-0.31727886341966943,-1.6974988098346626,0.4293576092278484,0.06667606204761407,-1.0635840752305339,-0.6566985827858138,-0.07113972282413986,0.515121437120764,-0.5562871696614816
0.5509401446576915,-1.3162468595753716,2.206169699637477,0.8388667711854868,-1.0905461696416106,-0.9073848385240312,-0.9041946168956998,0.07538024482422591,-0.9567148744222552
-0.030568906206873525,-0.8375987758019029,-0.39730520577233147,-1.2411687029399998,0.25305403568874274,-0.9517243944329792,1.5356824102598432,1.2989310583969866,3.5442719022187186
0.6823279578612166,0.5281509824367352,-0.022656261901175263,1.0353409194619472,-0.24111630840673653,0.9910076480278271,0.8390590514263276,0.02541508728800678,1.6320922281765584
0.04769397310119805,1.295601624577831,-0.8197345288107291,0.9321397721436976,3.233431604604191,-0.7682935113779487,0.21050148594009835,-0.8244177375207534,-1.7173843719847823
-1.534077960545553,1.1725815861790319,-1.226894092316293,-0.4212813233510972,1.0115343397882886,-0.7133087495254955,-0.3720895328373516,-1.2568455305516775,-0.6545627554918729
-0.4014365850519648,0.2764413212440819,-0.28438221835672606,0.4865065993467288,0.9603116642442275,0.64094150876141,0.46492234484741957,-0.5814471046741939,-1.977585912945005
1.8850272020541678,0.37446673875136494,1.5300867875014426,0.7716157656029906,0.0949514969767374,0.42709808827543033,-1.2644662177148918,-0.967461296274201,0.7024585308317554
0.9139859168890286,-1.3326986635765297,-0.6808598134806111,2.492481774937852,-0.12800393275100702,0.04017893135561718,-0.5919736185746911,-0.8569444729297265,-0.01944860729363471
-2.103349614844316,0.5992774124073736,2.0879453131886927,0.2320702449391129,-0.6615908522288434,-0.35671886992694257,-0.9363057758337878,1.3166699023967519,0.5583635415886907
1.7129561628562149,-0.901946437804211,-0.08388995522468012,0.5179182240580057,0.33965099235570445,-1.145683029935276,0.02273760178979999,-0.982884008828312,1.5013845274311528
-0.48731517096100346,0.33408256042456924,-1.3750586881918887,1.6570980591433198,-0.3626629129337338,0.4779127198228953,1.4816851355441352,-0.5001864081320022,0.08357011138031598
-0.293366341033087,-0.4545519477276967,1.0099331277776447,-0.7224212473022028,0.2803123424418244,-2.1032389768722863,1.0575807073785806,-1.9546463708259139,1.094273295875014
-2.2330792389448204,-0.21152267347494028,-0.38343251894192776,-0.14266238073672793,1.7206413296464456,-0.774053622689502,0.30146183829880435,1.2991452306797446,1.10193865148696
-0.03991987470152453,0.8834925151052719,0.1394982260819313,-0.7561938452598244,-0.36527781668808107,0.39521422206875984,-0.18284253793523608,0.7076638510810691,-0.382244612688693
-1.5590726872822085,1.1759463966417423,0.717771044360837,2.335130280635303,-4.03943440731488,0.20930201661701975,-0.7548515414094716,1.4467030951164208,-1.380337939984231
-0.030568906206873525,0.40547123653679945,-0.1911129941203291,-0.6700071244305583,-0.2755051713858399,1.3783657035337369,1.8223263682149544,0.4160824878219377,0.364917339585902
-0.5468863524549619,-0.35452783218307987,0.7724442472449107,-0.3733327704325764,0.041073324155826006,0.5253266619067614,-0.9327425375412639,0.02541508728800678,0.4729297201526254
0.15041011226675766,-0.43127457547309445,0.8275758092369151,0.7108903554178388,-0.019215885440184117,-1.4887556786510108,-1.6816467751079391,-1.0301925274571775,0.7979620548286761
1.2282709966073684,-1.5703582592499319,-0.48715055373399296,0.7202459566779251,0.21274952591008528,-1.742591625589949,0.27973587266317795,-1.5118409004874642,0.9489709209765279
-0.6466858767333091,0.11514510264282168,1.0392128457094159,1.071814550507579,0.4167472597389859,-1.0691836575137899,-1.5087157428518667,0.8478402544169006,0.8230056430414052
-1.8958478767238376,-0.12748698861313987,0.3097233917770466,0.7162814364449303,-1.998736514600265,0.592629884808893,-1.0538176050204417,-0.7943479059569295,1.4500740235457865
-0.030568906206873525,1.0659735913334945,-0.7145458854157868,-0.06147633827273579,-0.9942484840749758,-0.2665991145775343,-0.7394579077625314,-1.0438477382466858,0.6286403664158504
1.9557285293608908,1.116350556456498,-2.0682669468555592,1.790894349774752,-0.019215885440184117,-1.0877871247114523,1.2351169482577218,1.0311832918524224,0.10141385144699308
-0.6954990659869423,-1.4525245810836922,0.19586075010339524,-0.36232950504353567,-0.8576249955293038,-0.4278151235603754,1.0141287985303267,-0.7564752959490082,0.37935543867146326
0.5213241836498111,0.8439104470520405,0.15711047007059956,-0.7467534903665731,-0.9209995310256291,-0.4935787492704012,-0.2627476540558399,-1.4620611194324522,-1.9044176996272142
0.6294940751636007,-0.2847033265787454,3.1345035926415132,-1.7368355390707877,-0.9128705182073251,0.11627141680348871,-0.09124003943773852,0.02541508728800678,1.6854718787523877
0.35063701143960124,-0.2496835569113845,1.2538088866553245,-0.23189091456703778,0.8677791702386749,-1.251585056078887,-0.11814752832780237,0.46059899672714133,-0.610334026345072
-0.06090802563018861,0.9010506302459472,-0.4805328223227934,0.08287151166352558,1.217202768837639,1.2268872161296085,-0.1472941035399131,1.372494028189433,1.551742716959141
0.1150252737087097,-0.3815270230846246,1.2828059051866445,0.043661548325648225,-0.31477516512118825,-1.020152648459934,0.2704547963225416,0.1699063537077598,0.3617013606585473
0.3269309279137355,0.8185782622957923,-0.8162413994455769,-0.2406329291099538,1.0560309455124872,0.6601631824054214,-1.6299892165351428,-0.25519357244396007,0.3640411101127283
1.1796635861689844,1.2218871343518138,2.1460817019740825,-0.31745753981934716,-0.8346825528909388,-1.8480633516512681,0.09202958800787125,0.4247886845260177,0.34437259445071394
-2.374327991603268,0.5265305248620308,1.3179980436917935,-0.9844168151127434,-0.7007908108908228,0.4660204226068885,1.169379294202348,-1.0184327916592222,0.21917415298456608
-0.744025523994555,2.432181334927514,-0.07523995487719126,1.1408160697172762,-0.019215885440184117,-0.911967024449289,-0.7552810675767911,1.6503959767239704,1.3813386469984656
-0.5612755119703073,-1.31407855353623,0.2772293135206203,0.6849851357102765,0.9267327271637863,-1.6418640700393756,-0.5367454519857268,1.5898001964547959,-1.060378340307461
-0.030568906206873525,-1.0221287084553154,1.6712436760436888,-1.0028271896331116,-1.3565139195626448,1.1699812470002948,0.037253222010799364,0.8044550798421429,0.861208339092445
-0.030568906206873525,-0.27296916944627936,-0.9660398038281456,0.12584005244973828,-0.019215885440184117,0.98422406356324,1.1726460040004922,0.8349395360204572,1.7314366497129876
1.677624128646982,0.47578481176326454,0.37698081492411223,-0.5706954843629441,-0.4748211288351163,0.8693010699881374,1.7533105364601498,-0.8398589887640181,1.294705750772962
0.21159076522061565,0.6991760222741046,0.42085406329410435,1.0282425344678627,-0.019215885440184117,1.546328336998581,1.0490633789736792,-0.352447221418818,0.4503357919949031
1.0307532695640242,2.060702057172029,0.15208795837400127,-0.45149320712961444,1.3854247416679761,1.9886339920680924,-0.2101801864391867,1.268175790831458,1.0001236861018523
-0.030568906206873525,-2.021430142056837,-0.5090500268916556,-0.49953118916111416,-0.3232234135169442,1.1952521287026179,0.31715317207189997,0.5833296855693012,2.009168159280223
-0.030568906206873525,0.6565485198041738,1.8190436069232534,0.7398624963167333,-0.019215885440184117,-0.7456690560750662,0.34839935413683,-1.8817982004520821,-1.2548204173377875
-0.030568906206873525,-0.7062700788824807,-0.40753244097027513,0.30101128281025635,-1.4124397786477907,-0.2505041659210172,1.7985402471427632,0.8193709304140474,0.2659359376902
0.19100142072749787,-0.9500036668852305,1.2062136388934324,0.2716459320601879,-0.1972266403973183,-0.03129228473177871,0.39869685535052896,0.7963213792338464,-0.39924831173229997
-0.030568906206873525,0.27022120590794707,0.37160349919683083,-0.9236647151318238,-1.0400014289672224,1.2401607486841415,-0.4130022533907786,0.21291328041232307,1.1805368530714089
0.5133361058343203,-0.7732422406614445,0.4601848497899686,0.9212697158903679,-0.7325868522102357,0.25514167410717387,0.6477899028868707,-0.3788093952183906,-0.5650478379750772
-0.030568906206873525,0.37745399411575487,-1.1735050567116263,-0.4197109996887712,-0.019215885440184117,-0.25823401976256194,-2.1851099561937466,0.6471024758460906,-0.20552226728714657
0.1916545060737084,1.0809301823008752,0.8313872318823637,0.5088089701886602,1.1407216618878164,-0.47749897616791626,-0.12731416824517852,-1.6863743554133892,-0.2847935554304548
-0.030568906206873525,1.2621201921417382,-0.0028902575726056185,1.1539469941046836,-0.4305097239320635,0.07997754201781601,-0.7910991946628702,-0.40454822882293806,-0.039082493432448094
-0.19550762181159043,1.3852764458834987,-1.4607348147671153,-0.425634334689731,0.1311497391843108,-0.825524194941978,0.06970106725266882,-1.313069214216316,-2.635280452909592
2.8339404235029635,-0.8310125269691003,2.4713986161552546,-0.76795977628755,0.20038729781160824,-1.1302490512910055,0.5512791018313375,-0.4223808110011283,-1.337911849998221
-0.030568906206873525,0.3229484520946816,0.9916150745609646,-1.6749896067932395,0.22401690476473618,-0.42509940638428445,0.39196919406963854,0.9661202811582743,-1.1075291763667148
0.34782054115437433,-0.026202494414064186,-0.5073275216505719,-1.1315746089962757,-0.019215885440184117,1.1032901139524,0.159839198911852,1.241843122704359,0.7144554110680312
2.014982925374124,-2.534047016261925,-0.6418534540156342,0.5145440911371626,0.8307427213519598,1.6010483176024706,-0.3268864412022242,0.5742627523718028,-0.21304982085200289
-0.030568906206873525,0.8108672915389593,1.18162375304228,-0.7453201592712764,0.07957608880598797,1.221577114527569,-1.344174499186406,0.701462433474841,0.04210355535950642
0.7237197123059874,-0.4317416107926169,-1.2804207588138814,-0.31804520919085905,-0.019215885440184117,-0.00457977251687339,-0.16790532305105113,0.7348554938108811,-1.7956475127084786
1.2037684455084665,2.024961627817005,0.28884074371208,-1.0740720135097785,-2.557145955757564,0.8147902616952878,-0.30652845537660756,-1.2063776615260444,2.5872335213554134
-0.030568906206873525,-0.9014728565685476,0.9675945378758798,1.7974504060428185,0.7864344597369275,0.05084567923471893,-1.3050221913517746,1.8249358285577613,-0.8045769682602482
-0.060069335829490984,-1.334435468518509,-0.1710891866966218,-2.794378055047783,-0.06946893997700129,0.3982574585687694,0.3679217313108384,0.22198863176705272,-0.3190992331971013
0.1476328567281643,-1.4538514705344303,-0.6801028818502365,-0.35415641856666014,-1.5941948430858,-0.7415330463758144,0.13662943256847584,-0.22352172446994395,0.8942213254996261
1.9195690609592382,0.07854148229820487,-0.6456554753529488,0.6443626506000432,1.2791690345621705,-1.0243134131461447,1.855012127824079,0.4570065859385839,-2.023576031120399
-0.5211756912879306,-2.196431981902556,1.0534490881144045,-0.8771085555469075,-0.019215885440184117,-0.386055985324935,1.2592789668421749,0.4393085409919015,0.499982611406614
1.0001416297855874,1.236250182658152,-0.46352711504786887,-1.478562032809265,0.2005732622541927,-0.05938305464535571,0.3156951227701864,0.9350790871135063,-1.1981182459799355
-0.25981491708431753,0.0541024043756292,1.460054402038969,-0.5333371503116325,0.73043541995514,0.0373065365886893,-0.6359534397088006,0.02541508728800678,-0.2763456119363451
0.19612244053112401,0.2304714243025818,-1.5257508248323552,1.471874137482254,2.6510252653921187,-1.227636016404333,-0.9404271988469857,1.4389679674123768,-0.37108657469189227
-0.030568906206873525,0.596265621721607,-0.5458557616042554,-0.9439538642994432,-0.1884043633902507,0.1030583307890981,-0.02538660456280837,-0.3994929629252392,1.9039745884994255
-0.030568906206873525,0.5951267381789277,-1.3377223694643003,-0.30900829864947027,-0.019215885440184117,-0.6128670133596972,-0.3282586994887282,1.0524818016631525,-0.2768333776024833
0.17800879838378278,-0.27116217693742006,-0.07017355423356267,0.41755874908345403,-0.019215885440184117,-1.1841530423006195,0.7796287010871107,-0.7057406456114813,0.06647203358291434
-0.7482695227279829,-0.46771154929118325,-1.1488091998959902,-2.1438652397265288,0.6181995044718479,1.4263495405262976,-1.6517493486280685,-0.37727280804454283,0.35049964679861917
1.9306455707887182,0.0025410888984364996,1.749987853717951,0.18240829846502923,-2.369215991660968,1.1693392128316626,-2.6580364870841566,0.7387486787706437,-0.743991579790605
-0.5322213196209502,0.5422293238187511,-0.09878848002486475,0.08903521292075399,-0.05376171444673964,0.07578121939107967,0.48528000010142547,-0.0834237131142878,-2.9393081279188444
1.6909498867185027,1.6942483819420437,-0.5402483139539869,-0.5398552244033393,0.3570456020042957,-0.21739502887359752,1.3211429604484108,1.0632795130878083,-1.0138221592108527
-0.6398088168265872,-0.8604148146484418,0.22904408246614835,1.4873960412115408,-0.4345561919303025,0.818171470889227,1.4694764743385778,-0.37357567001726666,-0.1699079917419687
-2.1597989290908486,1.1302583867044234,1.1710687310640484,-0.07600317605556658,0.40270594849923563,-1.9581121963870065,-1.4013079345948676,-0.1533215685782125,-0.0908786863036119
-0.7900542131168943,-1.2793567779608028,-1.390146040243132,-1.1195658127230432,-0.019215885440184117,-0.5152431453875047,0.6998231276865062,-0.01785776284423912,0.3739643303561385
0.49887455974872413,-0.39297468286711285,-1.3787785103033743,0.3072565640595981,1.8383997360174065,1.3801706840281467,-0.5839483505595524,1.5340438358749025,0.9484018912031024
1.5588280200042604,-1.1890805325512035,-0.7743115334847512,0.4043364702083364,-0.4796610153193193,-0.03707199904862753,0.4166546456184592,2.6626835529026525,0.5216838721828012
-0.0014185425282818528,0.7400740041437762,0.22667404789168177,-0.5844730598359434,0.2268199463507373,-1.1722104722949058,-1.0955750525178727,1.5281861167967816,1.0134995572283934
-0.030568906206873525,0.35963601499189546,-0.9353332618859304,-1.6463297536694361,-0.019215885440184117,0.2627287800731808,2.1336825585968793,0.6253364605621301,-0.15848349604366455
-0.030568906206873525,0.26916711020818873,-1.1072632814357037,-0.04473609750223096,-0.561922399035228,-0.659752132989052,-0.7386151104636582,-1.1721423410067597,1.3490092915850154
-1.3516492630104646,1.6791437683317252,0.9542671636433923,-0.2486264772838014,-1.842259210528227,-1.9311539443319719,0.18498393151823947,0.2921732985830695,0.7418530159343926
-0.030568906206873525,-1.5405521190769655,0.4264770786242763,0.11969822429076105,-0.019215885440184117,0.4481587800839588,-1.7955091351460242,0.17965994483163672,-0.5010300240478355
-2.3055232592648798,0.1836030860677372,-1.4212904851319947,2.018408981282096,-0.5694528262222084,1.4305243061073833,0.35299628486674545,-0.06074188866447661,-0.16300536719059303
1.4912272136847327,-0.4676835854923511,-0.6105071544585414,-0.05870421682129144,-0.6771012922259994,0.7386401743619054,-0.3168436466184378,0.02541508728800678,0.46164228812935815
1.1620819151693838,1.1014457885894178,-1.6958429062338398,1.3697332799271085,-0.019215885440184117,-0.15187471450969117,-0.6739584552440238,0.02541508728800678,-0.6201502063968566
-0.22000211589602736,0.4940330313933522,0.025652817540895538,0.7604204790741887,-1.615526487837069,-0.49863438249328734,-0.02993753755583969,0.642918101589001,0.2705623386440995
0.2732696304724372,0.6662382619376268,-1.118881238661254,-1.4045162999168128,2.0294891918397875,1.1177753277023224,0.8641658076416951,-0.5986071784762765,0.36950171647306235
-1.1076659366664798,0.08297633384803851,-0.8496099258935174,0.3582606944799494,-0.9785277193794184,0.5092911866476751,-0.07652692804471331,1.845334337493435,1.5595508014256199
0.053823076429260146,-1.0738744326527045,0.4228805963281315,1.9220322816135182,0.9336846411208662,-1.2031061112477959,0.35653308788987276,-0.9483182240537638,0.4074455545573691
-0.5078635217059908,-0.339686866830563,-0.38611672170955813,-0.34003086541361055,0.6404031025994568,-0.7550226877885254,0.6574461898870939,0.6712196978388343,0.010535436706661789
0.7016837974501918,0.06887117639120391,1.5199892926876988,1.6067323007740288,-0.019215885440184117,-0.9754857433882802,1.4561001284652277,0.4247169543617476,-0.3973472980204857
-1.0172271892028728,-1.6246706324398537,0.0395765788127076,1.3362127261130103,0.955519718122833,0.11378968238832828,-0.818440196215375,-0.8700478716547703,0.22373979388129453
0.5253171489161365,1.1895715494924295,-0.8134427754459157,0.3912735615964834,0.13341713719996381,0.960723655304468,-0.7310125708893594,-1.0489967693924906,1.5768674931429276
0.5501542924974021,2.2386994953802164,-0.6994622551457771,0.6611437323519923,-0.019215885440184117,0.7782100025175012,-2.1988344477304067,0.7812667941306178,-1.2506088860363134
0.2630779043325435,0.49937057417554326,-0.594671615820601,-1.0507740061977016,0.9062191879651508,-0.8526833763632267,-2.469266940798203,-1.2353515634874315,1.3046666224506966
0.7816162450794254,-0.4389601538254662,-0.42884057649492047,-0.25289355877537084,0.05550203245065577,1.7548735903672894,0.25686638299716674,-0.17759673575494958,-1.5276194814848165
0.2777595838045801,-0.587401261444115,0.33087897335951927,0.9362234752525699,0.9782418904348558,-0.49485470040747986,-0.037398128457968964,-1.0890409617714896,-0.6405437130981674
-1.3541261182090873,-0.6819937826566425,1.3936263806119724,-0.23419182927407892,1.1839580190968149,1.2164491342886954,0.8601004535132202,-1.1156197837854618,1.1088015948732761
0.8372871612880746,0.1572358825870201,0.1566951033951811,1.3942326205579691,-0.013755529746501741,-1.6755562868459632,-0.6820140261922187,-0.1596818966104981,-0.6161662058172784
-0.8565327446085234,0.23069938721483654,1.745281372446419,0.4699769147395078,-0.13111425485602782,0.48026937829429833,-0.08617543050144352,1.9416301481658496,0.5092277847549412
1.199369940687561,1.0248873706956871,-1.6040245914418299,2.1217189095523303,-1.527536191508483,-0.7145912997299173,0.46064206049532763,0.6966901161904232,0.7728161929412688
-0.9582657691797926,-0.35974412794985294,-0.49784577076017,-1.12676607265933,0.14592519371847754,-0.2278122977686274,0.28013680167953947,-2.1670518687262725,-0.9037364361768321
-0.766257187271642,0.9320518535117296,-1.136897198402185,1.6016530215528044,-0.019215885440184117,-0.9508064262846377,-0.20118529209939143,0.2790659617237677,-0.006582335627567217
-0.030568906206873525,-1.6371221062908583,-0.29657113017462006,-0.6454611683124969,1.024030298742086,0.718455859324827,-0.10558573586417658,-0.1495704831229213,0.1839354890114581
-0.3859894597670114,1.0034184913765143,0.06701870401063564,3.4171079156109174,-3.9122039641099584,0.637420903027968,-1.3013855860310506,0.031928885536625394,0.8192597101220577
-2.039000419886403,0.16603035116979284,-0.15209359818513343,-3.2497609666058667,0.21605291235233368,0.09385679792891873,-0.6207839097788109,0.19790971013595046,-1.2803387320006172
-0.030568906206873525,0.6706626683675869,-1.2008327612114462,-0.1560657778001368,1.6305118002952255,-1.7715011913879468,0.5530418239313941,0.02541508728800678,-0.9064679433886338
-0.7784153813260581,0.8090799753816966,-0.43687817832159465,1.7926917663822572,2.427661478140767,-1.2902352924433202,0.007823660481270653,-0.9052230745964995,-0.042938483099501844
-0.17305688367011596,-0.6030913024159443,-1.0331926749273765,-0.8280225467715324,1.6569197985829547,0.2393878186308221,0.4698561552777681,2.4104684087121617,-1.4987339796455124
-0.6289239500360021,-0.926341785895091,0.9586672515234371,1.1755059502098342,-0.019215885440184117,-0.9426747641016198,0.950269528048462,0.5807840317643439,-0.3688916753139804
0.38837334341404933,1.3168056065433236,-0.7491225234706879,1.1329773319110101,1.094878115864426,-0.03187387366173396,1.0955512178462197,0.02541508728800678,0.0896293549203398
0.455042108007099,1.3259418791779063,0.8498284037307116,2.2494847757750014,-3.2230638270214955,0.1682190918086023,0.6422014604950289,0.02541508728800678,-1.8738588053440113
-0.841906957419432,0.16928278962304222,-0.9041345865012645,-0.2954780341916988,-1.1861629378877134,0.5835668204352583,1.1884679487601983,0.7450991497546118,0.6621562606876081
3.001684172321735,-3.116875765411843,1.7469735245608076,1.3426631618434708,-2.065711179679605,0.14800455374549784,0.5764753566483521,-1.5581012975935022,0.5069021166628898
-0.030568906206873525,2.6627272487552567,-0.0831173388915495,-1.7797349197318664,-2.2174421203954036,1.2118920853838542,-2.2447155662664238,-0.7292406317358917,0.006362864064258211
-0.030568906206873525,-0.3532517316605131,-0.8006121311780635,0.23881692767567345,0.9262373135937115,0.0949870799500581,1.6891066914641069,0.5721262914020391,-2.6293556522054162
-0.2552977978906636,-0.6014067243907278,0.7139059300542293,-0.1089835844559395,-0.019215885440184117,0.34668657104648926,0.5349769996995503,-1.651969659497987,-0.21428837713604232
-0.030568906206873525,-0.7607929895784509,1.9504601632026113,0.7812901123544505,1.4403841966766484,-0.37655700999732206,0.8886340739274367,0.47381913759688565,-1.7054365546072097
-0.030568906206873525,-0.3824477723642226,0.2099719698751725,-1.3458586578001919,-1.5481667089777946,-0.5568890042291483,-1.2315538918213698,0.5950216235031458,-0.33237069707120404
0.2628429814789313,0.8171051679419657,-0.41404335469268455,-1.1944135404084064,-0.019215885440184117,0.35026410072746783,-0.07560463979960247,2.087485350153737,-2.4249591705829725
-1.690579944563278,0.25554563102161226,-0.9130657495284786,-0.46595209857080316,-0.019215885440184117,2.519589361719224,-0.8652570376215138,0.2713145485067011,0.006584456666040954
-0.5302411738589641,-0.5230541836615422,0.4315988147402298,1.1352503752192031,0.21317875240244788,0.3820608071665359,-0.06364784332366627,0.02541508728800678,2.2229479928658815
-0.030568906206873525,-0.6049642174936533,0.33172446063582456,-0.4515686527959645,-0.5909751842559597,-0.6283281819962151,-1.2750714347065164,-1.0157056036088592,0.8552478496085346
-0.46253181118456516,-0.7422839413809286,-0.6795527683950043,-1.3636527155551428,0.18281393836750512,0.09254799577594292,-0.9700192268503253,-0.493810491158815,0.7532891258442285
1.9973997617792785,0.41695591756474604,-1.4641917635579098,0.05132868863192623,0.8223221696641113,-1.2760415344490756,-1.2317251259210986,1.676748158131731,-0.16308150980765174
0.7659560196193633,0.24960562726396268,-0.5107700056712965,-0.17307972320844608,-1.5733049627741897,-1.0055205309111221,-0.5361566084215104,1.1241245563625093,1.481357375509871
0.35645298451133495,0.5565775503533938,-1.190674182525434,2.4289180669006436,1.7983034436857879,-1.320263792836486,-0.6863193506357871,-0.5106091535256649,-0.49833498025701944
1.235511396823501,-2.7316410045348727,0.6547604612127538,-0.596055880142869,3.4871663652613685,0.21023200910194745,-0.08422487858394938,0.7715242857035699,1.000331714781586
0.9165866776207627,-1.1286822174820719,-0.2639212064393962,0.3427405997355085,0.28638225310503124,-0.45997416185932977,1.0541198066484532,-0.7936097568226439,0.347005357445204
-0.5413806300224787,0.8019239428720976,-0.3838362827583841,1.1657334437819382,1.6973012527983802,1.102638175791928,0.48431763461602767,-0.6826164572145104,1.3547020387006186
0.47212478260935165,1.6837118975642198,-0.022772418985497693,-0.5762985254224375,1.6925152753768713,-0.8907158508776556,0.015721749626463367,0.08991539595882361,0.08612201737202396
-0.030568906206873525,-1.1162759548722017,0.5335999474734229,0.04419212521952883,-0.3223711295204071,-0.6832255830490941,-0.8548523644352166,-0.5707495117655027,1.4906524215922727
-0.030568906206873525,1.2612529841365,0.4705185773517067,-0.026162055262010108,1.0718024023508996,-1.0274263817514835,0.05142822044736859,0.4136150439120389,-0.3424546860096839
-0.5029850936254301,-1.1699769919533927,-0.7535424032733788,0.30232348718555707,0.23952974304392285,-1.1488995297875038,-1.5278300305731085,-1.7768538107501075,1.903152656599303
-0.5673221531104757,-1.0205722875282899,0.5161667323179707,-0.6796433218482044,2.629164178202768,1.0137486458971234,2.8207267922979176,-2.97546718005653,1.3723164011153997
0.608556746890445,-0.6977939123177256,0.5663752402364858,-0.6634678119827576,0.11512139335380288,-0.9906019984537523,-0.15630519605212315,0.5933954783066943,-0.9969815997516254
-0.5168900809277027,-0.9407871689491554,-0.16057952032935907,0.30620522774753955,0.5663745343502985,-0.06888567491639004,0.1581422161550157,-1.2741279656269429,-1.5959701748823074
-0.030568906206873525,-0.9229080341284934,-0.87753940387162,1.1823228995120807,1.0148933231327162,0.8096592384278453,-0.5520675664418012,-0.4027419649973354,-1.4424781373579882
0.5192290009149118,0.1320457142584645,-0.5778285149633771,1.7337014124459798,-0.019215885440184117,1.710338112911633,-0.14608632737268534,-1.2349096936210022,1.4554465445313491
-0.34627454441069805,0.3438457902118403,0.16952965866140482,-0.5229591202800693,-0.5499082064038313,0.8647953623836991,-0.42413849661136893,0.5858817088214388,0.7461824486102508
2.063262941975453,1.3456719803278088,-0.7486226994511461,-1.0780505508538378,0.7765333414866159,-0.30735880055787573,0.5638442653668835,-0.3199808953666792,-0.7024148831167826
0.5441106554230412,-0.8068868202553952,1.7255233115847963,-0.5623437214299617,0.33933801293375593,1.1079047370439699,0.48515487630495246,0.1739362414225507,0.11849204696741299
-1.3621294870460854,-0.35035004094366917,-0.4295776945871571,-1.882899560720628,-1.6206274126993068,1.2386313422514976,-0.8942211839625918,0.8975305236531905,-0.4393018056770359
-0.1019893926088235,0.4261236767954329,0.10435333811864461,-0.7324089224387618,-0.019215885440184117,0.5669174958187135,-0.11305619477827285,-0.13434800834802263,0.22511221565113804
2.602960651665759,0.3212851104918102,-0.660953042422091,0.6692769104349044,0.991303046867192,1.8212798464741826,0.9964252127331816,0.9235888592431101,-0.32494288870081683
0.887590985510879,0.821518220523467,0.6365960940565716,-0.4000272352431195,0.5294918422902344,-1.3576601565857926,-1.100622215658893,-0.12379605554508497,-0.657252828885872
-0.9618833855079885,-1.6662746987954336,0.28494509604261753,1.796961964569757,-0.37277744972670895,1.0384264781955026,2.83124069745705,0.6880699261442106,-0.17554540492829224
-0.030568906206873525,-0.4271518535528361,-0.26404166381777994,1.833756920879569,2.5095558411821206,-0.5489410733069526,1.5808026629534726,0.663013964831072,0.455555530751123
-1.3718140503953227,0.5518750448582246,-0.09738733678833693,1.2623877479318784,-0.019215885440184117,0.5345747536293679,-0.2849629137879131,-0.504687516868014,1.4726092218157718
0.0256001406268522,-0.31629411158852544,1.1007535350115192,-0.4561375182050202,0.04358796189433945,-0.5849320315270649,1.4567253882542075,0.6166793136468824,0.4609358472346628
2.3175129483736523,-1.836981904647974,1.2541406990476995,0.8024649696494126,-1.5691167112509887,-0.144909736174872,1.3992693678840595,-0.3853760602921351,0.8913908420942381
-0.6635016422464303,1.368460337153098,-0.9531672938159221,-0.688475854128704,0.04490165847134565,-0.7943130490016098,-0.2476543347575536,-0.33184962609130836,0.20270607393597226
1.5651637486414802,-0.9270516186414737,1.20836492610089,0.1414537207099989,-0.019215885440184117,0.8698707419394109,-0.4529375646760883,-0.5933961851526454,0.7593900203465598
1.5012982003416668,0.8010890587963492,-1.0934369835738118,0.10851349211772608,-0.04224111371566705,-0.9165607222118183,-0.030635397838479832,0.02541508728800678,1.622930039683412
-0.607012507669175,1.6243908680669488,-1.0510912365638543,-0.5398274779516372,-1.9459786864122162,-1.8924287718219228,0.024339327023322487,-0.5408354020023969,-0.5480685773628902
-0.3912097270844633,0.9162556869253154,-0.5601382466647504,-0.11125994264754166,-0.42849414226800575,0.6941501651724071,1.2907961363438345,0.9054128732708726,-1.3878407777030266
0.11980493834994686,0.003953112094899801,2.545678146128203,-1.1575380252041898,-2.024446038108094,-1.2809565133515255,-1.8579917238040449,0.20330892435251605,0.7192801889475435
1.5741063269801194,0.5678729774766353,-0.14794977073946503,1.8594955845900782,-0.0671000709581262,0.23673540593243456,-1.060127153664885,-0.7432390712622732,0.8868294100183998
-0.3242828876971964,-0.17417285380277125,-0.27622252009709014,-0.4632706188340395,1.2962511419698717,0.3509228293630126,-2.529833231553538,1.1014916956149403,0.38071838097514377
-0.6682063733411119,0.45763115483892236,1.9940438311666764,-0.5654904113348701,-0.019215885440184117,0.744182420585424,-0.7527151379321471,-1.2180891112412782,0.7906169527406293
-1.025335819815086,1.000694910424005,-0.7164414063876766,-1.8502928295326873,1.372135026920034,-0.23291311748555588,-1.068236832553902,-0.1523430945958294,-0.47957086631567813
1.4063032937554527,0.9062596824050675,-1.7241183993323375,1.3292770580379736,-0.4069618522716982,0.391125807628458,-0.049229959987682065,0.9122729544095421,-0.9778354639784157
-0.030568906206873525,0.5062707189081324,-1.1247924993490253,1.6751162035909413,0.42511731298531014,-1.7780894666367637,-0.5621571614596221,0.5388757838678262,-0.0959592886512912
-1.1869609838852622,-0.5479587755603063,1.838811451223622,1.661226540374058,0.2619055738019096,0.45913379285716494,0.1703685589335834,-0.05305260056540881,-0.0664018440162775
-0.030568906206873525,-0.18244053519678377,-0.3766695398572954,0.22139410753491862,0.7832696461830401,0.5378697662162892,-0.15549604979071965,1.5287268529408098,0.5465578695125436
0.20537166972417764,0.212661949001503,-2.3424243096949455,2.5096969193363057,3.9185967840663953,-0.822620897199025,0.6904593481845496,-0.6985601914955055,-0.8148760881801703
0.7231596844140789,0.7388614492383893,-0.20287200993484322,0.20671198245342187,0.5831592258507748,-0.7551539646229706,1.653116905090557,-0.7880461462370039,0.8245530900409616
-0.13609773984012774,-1.0090710978169544,2.5916432164513146,-2.736012085250083,-3.1637656372671765,1.5585297621135064,0.6824202060982518,0.08668274967699566,2.1974351717229728
0.4786217597165118,0.00904418886461944,0.3312562331528185,-0.35515635628957687,-0.07543484346555028,-0.6814777101459467,-0.6694786272995931,-3.2814418347677337,1.3738094293182668
-0.030568906206873525,1.390518681540705,0.43727759294988217,-1.7989483611281054,0.987363578206305,0.5810277024187863,0.3135166469621315,-1.1265141414483166,0.4260938346967406
-0.030568906206873525,1.1056599373775304,-1.2849333934886615,0.27631230155093217,0.007735194173255402,1.4123057129355905,-0.07864041958762502,1.2063389041255577,1.057725333723086
-0.030568906206873525,-1.0808731885522145,0.18052913365028234,0.7983351379243366,-0.019215885440184117,0.2579085035294679,-0.13242241043862,0.2559738821383481,-0.4788072386159201
-0.16032905393832764,0.02879558818674997,0.19647277353044001,0.8005695128566521,-0.019215885440184117,1.2172502511767396,-1.029949416210055,-0.26134454040150995,-1.4057026440406533
1.0380327247122647,0.628911052376876,0.12363958078693377,0.1836211683345211,-0.019215885440184117,-2.01680086839954,0.7343035918235765,-1.245088697988026,-0.39536266238386103
-0.030568906206873525,0.39550793072454954,-0.12103573454662231,-0.32834213017993347,-0.5491433150625841,1.7260735934229468,1.1171708652284695,-1.6479145393097425,0.33898049145370596
-0.6159864739278941,-1.7776463600143464,-0.04383532245459909,2.3415462021377045,0.13616887516154458,0.24576814349592938,-0.009335585463597723,-2.1819895027241123,-1.8043397611205378
1.3095337188706515,0.7958251804330716,-0.6100677546475964,-0.620587832388469,-0.019215885440184117,-0.20663006617861718,0.5352604920445786,0.06967490014416214,-0.571511140153836
-0.12820253808821122,0.06202030318767541,0.49694083868906636,-1.227390447334646,-0.019215885440184117,0.11134840118857593,-1.7107221248031161,1.3073466528007065,-0.5278436296885836
-0.030568906206873525,-0.10509992731291183,-0.4693722715845854,-0.6431944905355313,-0.019215885440184117,1.4234701554032463,-1.078648319571295,0.02541508728800678,-0.12191657764257822
1.860660689420534,-0.576394557283004,0.9919439674015816,-0.45182835643238484,-0.019215885440184117,1.3444580416510221,-0.5867029954627788,-1.2604513421414443,0.44059415797709106
1.4276110585621276,-1.0188319496955427,-0.11642904804323162,0.38130751760637327,-0.36843981714008495,-0.011386114040720183,-1.2313560635608616,-0.2364092728090055,-1.1087157792805002
-2.3147104989724885,-0.27654651253090884,0.13876250272593063,0.018001340360673503,-0.019215885440184117,-0.9560971779612901,-1.2538706083451865,0.08180185653527465,0.6489749282616482
-0.8502174969591071,-0.9516515398696828,0.9286119142211154,0.8235175482775218,0.017335583522004743,0.8184850791603681,0.7263142311963487,0.2163032456280717,1.5615795807085469
-0.23825964054316262,1.0078290352591104,0.1399752063792113,1.6367313396846006,-0.34804106050397,1.1605286021692287,-0.34354138621691227,0.13219930388243917,0.9619913610955202
0.3835385352810571,0.40880818749733955,-0.00029274224443189364,1.5090645662826425,-0.019215885440184117,-1.1156000640173955,-1.6411528561630622,-0.1594095326895719,-0.2712401998591974
1.5761477732392326,0.8652113460925337,0.44954585748834325,0.17195231564763933,-0.8875336319415819,0.937592726602233,0.7901243414335165,-0.45530677337701764,0.810408603691819
-0.14491606814412938,-0.3760886474967854,-0.8476343271890081,-0.22328270057161398,1.035464971873802,0.862342022631632,0.15477462413027263,0.460298722769395,-0.627616332200404
0.7402619574939714,0.1346223801014068,0.5997982182886012,0.09134597129175756,0.286823991048324,1.207029764933056,0.5672301763795872,0.004248093585019829,0.40453155543983643
-0.4965330463953676,-0.18807262441580613,-0.7972511042919983,-0.9872521678157309,-0.019215885440184117,0.23384575280235187,-0.08773493495589003,0.10465593114059511,0.3735617746600108
-1.4030554722815494,-0.83120917923284,0.8202342535543012,2.248470830884574,-1.0145523951202806,0.48564214368490555,0.49789518979242403,-2.6830585359088865,0.4007933580714232
-1.427866424231179,0.7486552490113634,-0.10275576580502346,0.5436851356238099,-2.793901872867943,-0.6708523071448499,-0.6182051649544102,-1.2800191435485873,0.6426174193790826
-1.6225931250085057,0.07323176401520325,0.32872294737823626,0.4774412214116431,0.5441725427037797,1.049397575971548,1.7247889235676857,-1.3816104506952436,0.8561414158429864
-0.2386940762432962,-0.55244790003705,1.1536179941571372,-0.9277679370574028,-0.019215885440184117,-1.0644115204636793,0.16155206342873188,-0.12887335372344938,1.4592172616953563
0.2768383643148782,0.09674576369042835,0.40052167628227586,-1.348291926805576,0.23969109077471304,0.20713044063181177,0.5590832589101797,-1.4578292879549257,1.3779293909585502
-0.030568906206873525,0.3572205717677911,-0.5278597785931434,-2.3892486312805183,1.471218226577237,2.5131903449070965,-1.7804290427223688,0.13527193769880175,-0.07899876050434901
-1.222068990638756,-0.3314386297154073,0.5303080090336693,-0.6153026851016746,-0.15540327647865207,1.424295517378091,0.9483613911596593,-1.2093284029066875,1.0602249975767193
0.07557966370172456,-1.3855990484221903,0.21616424281319077,1.3121693371136136,1.9326579848850616,0.45980157400356525,0.7923352756418817,0.7187785858260205,0.3804993183431681
-2.074375393167308,-1.5640596612531548,-0.7744183503036605,0.6657335154627643,-0.0016244470500557222,-1.0495312647230843,-0.1414864674021461,1.2357178761305156,0.08223153664050573
0.22991453204254017,1.4337032428335568,-2.462439831064507,-1.574625759756024,0.06426464814742122,-0.8255954564244069,1.8655561757904278,1.3226926278332725,-0.6446742770155317
0.8277401248017366,0.05136832200967046,-0.5045498118149008,0.7170749816224282,0.9887325694391371,-1.6507280836182174,1.1387883467908526,-1.3995974546080927,1.8290698648955837
-0.11937302076091075,-2.624920108581271,1.2665718904042607,-2.811341030159937,0.9555079445845427,-0.13180124393750065,-0.6535381761113312,-2.068424080236598,1.390838310856428
0.9957349855653577,-0.3865275111412117,1.2729765727356082,-2.7453599830392412,0.684164398538377,2.5155925536959116,0.9285455882183383,0.12784019459935492,-1.4431133264155473
2.451816666886169,-0.7092943841068304,-0.6998197098770449,-0.966642301892777,-0.7291664184939591,-1.2864210299210606,-1.2687976823227525,0.7793996582457945,0.03331574680387343
-0.036839653194727415,-1.4879116885889954,-0.07551600473579875,0.1413573928322921,1.4803830133747706,-0.08422184855757421,-0.08393208722695925,-0.9492211538374429,0.9898947462695267
-0.669488244304692,0.12642384296964085,-0.5657962047304096,-0.3590909767181936,-0.019215885440184117,-0.2898341412833584,-1.5803658755473151,1.1330119425253073,-1.3039526538347768
-0.2934045683793832,0.5344274643521899,-0.6279273603566339,0.3378191425012504,0.6613005558129434,-0.6824413570962041,0.3358035325086741,-2.169985204831272,1.4922777560285732
-0.5485802379520862,-0.14312650425275253,-0.7715889335533925,-1.2531072703192618,0.4465954113194046,1.3627838965894783,-0.5731732708916001,-0.8907347283024106,0.6878072876097457
1.2132548791987523,-0.45524833556318617,-0.5049955438235655,0.009594817385849622,0.6269017768373965,1.2501199164777048,0.35124670174310474,-0.35192979484922565,2.287757359497547
-1.517397264396215,-0.3016917901355554,1.2468251175564231,0.23759884249252486,-1.1044065064617625,-0.43514240434486107,-1.1049896380940334,1.2027224574691808,-0.11330158145681116
-1.9399006427176722,0.34164559579422227,-0.07691979775192527,-0.1699993036561516,-0.8141105720178834,0.7480691767956769,-0.2376601498898906,-0.05425329324809136,-0.3084403248001267
-0.914740688475517,-1.1707124912036135,0.3967544303205235,0.3829091162319572,1.2082390641838654,1.7347296356056092,-0.1960330576218477,0.6197988823302754,0.9730548471065663
-0.09955911063768637,0.6511959385585013,-0.32677637416333283,-2.5010221578651257,-0.46103328078163036,0.25107129324714866,-0.4032553701113975,0.6750423210883959,-2.516112179301207
0.3479949138837,0.08379928999772467,0.39912341328624046,0.505501650015273,-0.4184258027477368,-0.14173320347170074,1.773732209501209,-1.1330364708395877,0.6938888433938918
-0.030568906206873525,-1.2746847502453038,0.9304346761341615,-0.8254293980642424,-2.255153062056971,-1.435415703557551,-0.11167792360617623,0.7198295893174755,0.1791893941836234
0.2021590322484307,-0.6592575121757831,-0.7475210021029033,-0.6076103996961024,1.0279214623646993,1.8725942149408787,-0.7151234823234944,0.7608073401158464,0.7150484373965943
-0.46586420084253966,-1.9210464865121006,0.22141018716295272,-1.2437281890473602,-1.8455069900689678,1.7976942718510356,-1.3467712380406196,1.8276275374613706,0.27869355602127555
-1.7938492440332268,1.3375755339487867,0.24915356464464747,1.658652694932513,0.11821159226552677,1.3104528399386055,-0.7267007859015993,0.18187294239528476,1.3641955531930179
-0.4787599916209998,-0.4412851245170687,1.2740468800094542,-1.1037668017794418,0.7889326460208802,-0.9598554804865632,-2.0268101661658178,0.0038832453733961716,1.8332162520303301
0.0106229776820725,0.006561166172014705,0.9530356458279723,-0.7076430915548702,-0.705674105703647,0.3217525458839707,0.5430958357797768,-2.1915463050122166,1.1375303859083894
-0.13163837530777778,0.4576436293999186,1.4991552985292278,-0.6559232248471386,-0.019215885440184117,1.508509634236227,-1.768123838648334,-2.4379867160491613,-0.47940189266487837
-1.2288135458408738,0.9444669883436372,-0.4889607345756749,-0.49369906054461465,0.6850871974222299,0.7601629490135937,-0.9325277668088137,0.02541508728800678,0.5007011887105459
1.809837818599511,-0.9062402023533657,-0.9436509389425299,0.07477543240231341,1.415691534678505,-0.7206937875386403,-0.5916789537112548,0.14826957500119556,-1.8017364469767605
-0.1463341798939542,-0.7873694733195613,-0.16250559180229612,-0.02645499575317212,0.8880019014733035,-0.3330177902911098,-0.08157373602949318,-0.9220592480983859,0.666455458061139
-0.37526923190112377,-0.3705521676438938,-1.2619678686656395,-0.18139277521803937,1.242256586287921,0.03092777368479391,-0.19764078188088435,2.194592398826756,0.7846632176013749
1.1343981791796456,-1.474867126074224,0.03273567852405987,-1.036446987836052,0.9826364093788108,-0.25374329511082094,0.491316645096253,0.3799135236939043,1.012502715571589
1.0683106346214417,-0.5495328750259272,-0.3864046821407463,0.0778387884447532,0.620862170483349,-1.2160343527198487,0.3058073049390302,1.1156854239782363,-1.143436337519564
1.5198830197282123,-1.942267646447626,2.2943068454069286,-0.305410310528856,2.3040972479740174,-1.9784677384092089,-1.184645208854349,0.587112494466234,0.6662837002903795
-0.030568906206873525,1.203407346255438,0.010902780829620562,-0.659871588982009,-0.06891682052173922,0.16434710019714907,-0.46395589636374196,0.04657260254942402,0.6673692473660863
-0.030568906206873525,1.3686123920526547,0.4348096599819581,-0.8892316738723137,0.0036508298416669336,-0.5142510727354562,0.07840590268773741,-2.0418939116639843,0.21610463954077688
-1.908642182133679,1.0089115927632948,0.48074445359570944,-0.36972550120708375,-1.4317968572433242,0.9993560831768392,0.5644750175066049,0.031018096094885757,-0.30880372083776164
0.5381973043081365,0.4323124872623012,3.4074289059828464,-0.5787668450795366,-0.019215885440184117,1.3020826620662103,0.22972730623234972,1.1506128799016924,0.3176536894995498
-0.30481058894659696,0.15779565704009088,0.25954255575395535,0.5304616170382306,0.9895839515595157,-1.001570424266526,0.8376601968020794,-0.3140081016339548,-0.7530035635790245
-1.0546964036989936,0.35172760236820877,1.9444918683174148,-0.3585105072959351,0.7259605973504888,-0.003108310078521844,1.3775625217545449,-0.313405931084671,-0.8283978893515739
-1.2963791225164765,0.2757518456446198,-1.0294663427343491,-0.010484155448347052,0.8809096861140898,0.905468747258773,1.907183243973248,0.6939570289844728,-0.6777224937749758
-0.36786634379322414,0.5552237892522168,-0.07508603521684064,-0.39449754487430316,0.08846831592331568,1.2932047182559434,1.2108741364348081,1.5668324499865725,0.7095442760553986
-0.5059469469054391,-0.33221972502795355,0.4611778897820336,0.6773070488437598,-0.329901059061365,0.7791653841586288,-1.0943614480606791,-0.9252699154648547,0.7529379263671642
-0.19743632338590109,0.023878403749585695,0.07302826154611253,-1.2192144157035696,1.8275860452877402,-0.06714363146834383,0.49875813174585687,-1.1543194296543717,0.6899386577442098
1.1411628666750064,0.6777789308022519,-0.01553222674532727,-0.4137091923574623,-1.5868850890585298,-0.8876997770398775,0.43702842893118377,0.05605869000779788,-1.3177642960954365
-0.6324972274614562,1.3596560865008327,-1.774924473107752,1.559516280908847,2.4172047829304026,-0.9084989514608582,-0.5862842938543057,1.0811864128879916,-0.5410541511353901
-0.7981352402202893,0.5194448019748772,2.277962125494064,0.5055928629009355,-0.591781168332459,-0.8730794206599855,0.4023845401769083,-0.7435613452518324,0.41361190032620926
1.1174932703102711,-1.3759623907360967,0.7322595228814682,-2.1667201841167314,-2.364802326789964,0.4998445609790733,0.2665222584054598,0.8468749366249619,-0.8961291742926886
-0.40407996511288946,0.8669121227208411,0.5616357726983952,-2.40686885123656,-0.4056217997639225,-0.5564923222558497,-1.0945946659188475,-0.15429491614115498,-0.9318053785761875
-0.24844491645192954,1.2264604338435634,1.2912215099099054,-1.3495686852980384,-0.0630759327047891,-0.3085358010215075,0.17246962887201217,0.02541508728800678,0.7946504930468601
0.044954042376692975,-0.018348077512700182,0.06360787066824355,-0.2904011753074469,-0.019215885440184117,0.698483384206421,-0.578175808745774,-0.5467059693554311,1.81966907726552
0.5912500006892515,1.2783844939584617,-0.3149659299133576,-0.790784654891285,-0.019215885440184117,0.08327867089664275,-1.7019310443699065,0.07216799805815544,-0.3608487551309488
-0.7580391627241072,-0.05285097052511581,-0.518130004860911,-1.65723970814456,1.955334486658444,-0.26084244495874687,-0.8291287284149889,-1.139232586540893,0.2606489917027507
0.42883173740170255,-0.6794128664366165,1.0423288128464672,0.6853849373615991,-1.7640431898469728,0.1186013636664568,-1.502671048034304,-0.9257110266014831,-0.09627338622045084
-0.0712810991325716,-0.6466082660177713,1.5771178034960416,-1.0145055371825604,-1.2066754441768708,-0.33186205884940284,-1.2098118856936584,0.016225104607231686,1.6440807964680635
1.4576110604195396,-1.3810587363067928,0.5268665868598577,0.6134357816544637,-1.0924043869781768,1.4047682452674162,-0.09738721496262258,-1.683865524733178,0.4107562985413622
0.7953208223511764,0.14764974028850492,0.3453597730504513,0.4761378826926874,1.5269196734454604,-0.1511510348894816,-0.4340771004791721,-0.9058394527613689,-0.5553119075107682
0.45240033461874274,0.3799862071285167,0.6576620502390739,-0.9342523857258611,-0.026109404133460763,-0.3813049028175677,-0.5420455962375361,0.444536404397723,1.3362566487613032
1.0627070924755542,0.3009714934256987,2.0173904265833165,-0.6982958106427203,-1.1922342264070618,-1.0185116144894504,0.13224445765607992,0.02541508728800678,-0.7141273615084262
-0.5922429773878771,-0.03380495027358179,-1.0014754488789823,0.4771895750926744,-0.019215885440184117,-0.13189686691807015,-2.0525551020161577,0.2775444827362222,-0.46304297030100605
0.5407953842020787,-0.04347114760732276,-0.511950988263856,0.2457564657318802,-0.019215885440184117,-1.2412965842626722,0.5666487384180069,0.7936891090292875,-2.1336167719780508
2.2443631989243027,0.10674643520529631,-1.5120547286404324,1.6931139834768831,3.0083915910506116,0.5671477942766762,-0.03534460261778986,-0.12664098497080659,-0.5079961291961699
-2.0727061696484554,3.2846131161561876,1.2937246982702466,-1.6828932875397062,-0.019215885440184117,0.8205412476731261,-0.2601708350968485,0.3703279476492415,1.3470502650401204
-0.5460914678814673,0.9016172249808552,0.10495834579770166,0.17067663747307127,-0.019215885440184117,-1.2261639507772522,-0.31768563739540734,-0.9726950879601536,-1.0902637231295105
1.1271749200852965,-0.056483471051652474,0.27351808659086435,1.0877266897762048,-0.13153792323911404,-1.1651300378149705,0.6806876707995668,0.06877596843353906,-0.22003076803123506
1.0977321673421747,-0.3600209329501151,-0.9824000894500892,-0.371844430526517,0.4080978332753032,1.6440474470351385,-0.0893183169165669,0.35267386088480174,-1.3785808443386918
-0.030568906206873525,-0.7290319346931055,0.7999610994953462,-1.7921189432644766,-2.4699553757403083,1.6275319744931285,2.1444995947794894,-0.9428475105550178,-1.2997201953236546
-0.298589161868738,-0.14108851916633522,-1.332127506690127,-0.27598818878770875,1.2860850179346663,-0.08029942930291312,-0.6157545311818047,-0.062335932670471786,-1.0498443028494784
-1.030012630379481,-1.3099408144931208,-0.8350127203879301,0.5598719244330274,-0.019215885440184117,-0.4926022498722799,-0.021898962152229865,0.594652403628486,-0.703699831718431
0.22974198771181178,-0.08424220848710579,0.15060050443810474,0.22249658831999922,-0.019215885440184117,0.8425889035928079,0.44649599953275837,0.4447212209146813,0.8943619297463425
1.176799922349697,0.9066420106473569,-0.4278700985629954,-1.367165757024195,-0.3580076315074581,-0.9613338311790448,0.020056616215431457,-0.11586171535469825,-0.1214172334374889
-0.030568906206873525,0.7691722330618138,-1.1341483135489692,-0.2872630538347529,-0.019215885440184117,-0.45320503996870376,-0.39785529077166193,0.02541508728800678,-0.8866023674754958
-0.6877012308592151,0.13469923348164253,-1.434599446249938,1.4204385194195213,-0.22917241560079965,0.2783387704574611,-0.5611031296477071,0.490728119514322,1.2061452247528315
-1.244350240879054,-0.8763466197948194,1.4706807923555727,-1.9346127513122808,1.197203705962812,-1.3886325198759444,-1.1661589753938895,0.280457325205207,0.1262118761008273
0.4669724557181832,0.8132332579463905,-0.7926952906042113,-0.681428226530929,-0.019215885440184117,0.6733163250028369,-2.283112686621447,1.0778993113480846,-0.3839525399696911
-0.5868380673089031,0.22022887453264253,-0.718213371985004,0.39720627119938706,0.7584508003547072,0.30899147588872183,0.09842750913928254,0.2967685037551924,0.2260776174854268
0.3101283427819037,0.7744561755553618,-0.805888247809295,-0.25967792787473565,0.9009984207326327,1.9217075699988102,1.0495218744279065,-0.410219777432245,0.30065841764184736
0.4986954294217247,0.0019324708257129823,2.359184989055367,0.13652098808113708,-0.019215885440184117,0.18077621443200584,0.1195968856387416,0.02541508728800678,2.8596292475874425
0.5546599277416174,-0.6689288568568312,-1.3042059459008353,0.34520491198784764,0.4627671170314002,0.5452607929779453,0.10958201739877109,-0.33574263825742734,-1.1399115791513736
1.750635717965314,0.2661611093725052,-1.5276599456960949,-1.3577619496548272,1.4565991233103293,-0.43431500949229124,-0.5540763905883375,-0.7767323007924856,-1.001306748222038
-0.30594547769088515,-0.29908964083922734,1.0333984294673897,0.36719804173602466,-0.019215885440184117,-1.1990824267144804,-0.13864919638643244,1.3037302002371354,-0.6193273622334823
-2.19481748865616,-1.9957588732142753,-0.2566978150757171,0.39848288324413134,-0.7835333522438601,0.35335477514575736,0.7864211941700374,0.9727443705731826,0.4058639966029002
0.20322094793298467,-0.6294037862632921,-1.418945472928575,-0.7350925766776174,-0.019215885440184117,-0.31998558940129873,0.41466939429442834,-1.822095482660635,-0.972275913055186
-0.030568906206873525,0.18247210834476374,0.22151667490588464,-0.9910957397014636,2.084407845756993,-0.16432061851729288,-0.1441409850283283,-0.4206307233911057,1.6567494368198215
0.6442994524920386,-0.8331519256705364,-0.3105052703387778,0.6036181356658067,1.9806553442692947,-0.9556413353827803,0.27452043028171896,0.11648680906487088,-0.3047951952005726
0.6352782924811596,0.8775459119733077,-0.17267914406005722,0.4509530163397975,-0.6948785042254054,-0.5671881391427227,-0.487485965899841,0.7980333986682797,0.6038476709673865
-1.3764222811071805,-1.2574696942070154,-0.32929433811477266,-0.5412850956138164,-0.7706464340173607,1.1143926261644828,0.4550171342028632,1.9651933936611572,0.5876597382578024
-0.6917903758771339,-1.0956754354792373,-0.8121222793335198,0.2299943932765414,-0.7712327985023579,-1.2436384306693193,-0.5958015767424508,0.1819952249510308,-0.6491285111680828
1.0436972318933733,1.2081463813120423,-0.11709986958136223,0.3165913754521428,1.2417872078550536,-0.11390720687790735,-0.2016608447197276,0.02541508728800678,-0.031482656254780396
0.28189600839813456,0.4237149939207174,0.8408387269715604,-0.7465425856800165,0.16773348117301792,0.2118587232488201,0.8023169061313056,1.1843947592423811,1.9468537021535466
0.16527088277229451,1.036485936360414,0.3190131602545759,0.19339259858133342,-0.27428089106804754,-0.9712620340827723,-1.448696276378672,-0.9817633270717734,0.010492494233147319
-0.030568906206873525,0.1757200549463065,-1.131061066445675,1.2963442307093724,0.17152482716991393,-0.13996264637489936,-0.058710719503977014,-0.21522138465018673,-1.6596808430380232
0.5878929714921122,0.4687413116488432,1.1626630576792678,0.4083097917001347,-1.1988200200370296,-0.9215480426815714,1.0920189748469598,0.7806660305551152,0.17676219383012293
1.8565850279640863,0.7210443708932684,1.3979662873169652,1.6488612930979776,-2.757425414250013,-0.7521649562788286,-0.23485654731336025,-0.2032705179032322,0.6504523367640904
0.7603777915915528,0.20177644419491447,0.6637857911253178,-0.40242791462796873,-0.13477750012599102,0.20631669454899162,-0.006632284244852403,-0.20631346528898858,-0.7843560056980587
-1.2864999918410236,-0.7747701934771216,-1.0958766246709264,2.2953929147159147,-0.8981387615325496,0.9099884880732267,-0.6032903456777428,-0.7402650554687732,1.1567521698819458
-0.030568906206873525,1.3335419305967429,0.13879025821323027,0.9548516765146333,0.1487515821678883,0.7354492893096818,0.2794263911461934,1.4324235783613937,0.009148622807483263
0.0034958837870019918,0.31122852504353576,-0.007418388681763875,-0.7670308101009857,-0.019215885440184117,-0.4979434077437014,1.0337496693432942,-0.7054788261899771,-0.052478485445124415
-0.560253822514541,-0.4734237470246935,-0.568853322925266,2.795514169642258,-0.019215885440184117,0.659734132175315,-1.1022668018124175,0.531458030547492,0.2656624759445029
-0.030568906206873525,0.5367357969424718,-1.3528131580873686,1.8848802343613085,1.379675452391998,0.7352896448643158,1.4092693881098135,-0.9295093668998213,-0.9152006623993495
-1.1695928932623718,-0.7724222307145724,0.3221648996033954,-1.8334132645428094,0.9121159344449393,0.7752893697917159,0.2578751209276883,-2.0924719272586425,-2.7701514486848096
0.737050988545411,-1.0507944112180923,-1.300859256749707,0.6073704254802207,2.489214095685738,0.7340133391241295,0.5275825163815403,0.24140843821130933,0.19791309555546358
-0.9194359278817659,0.02056335466545282,-1.0224971582246292,-0.8955261576382013,-1.4584262843830433,0.21196258583978525,-0.029197685807191776,0.12414106889364303,0.5619003245628424
-0.11026575787405896,0.8216645004280366,-0.4596624749211746,0.5500780124885346,-0.9485973383264332,0.012754129666983758,-0.6194999527707326,0.16922787687856353,-1.643563784147283
-0.3369423537191672,-0.4334884334877499,0.3236922768154291,-0.5487737765257684,-0.019215885440184117,-0.1676186486797302,1.00423343493873,0.7629962072196813,0.5515934515706326
0.7289812287371644,0.7060427711857297,-0.9349141470480095,-2.071363656040051,-0.019215885440184117,0.4029846254919635,0.20587845368521288,0.8529471259312182,-0.5765265191157423
1.3422187662975331,-2.3443341001812876,0.03601321731562307,1.4084412843423857,-1.3396971747898352,-0.6875293533222049,0.08061805766421755,-0.1286662208109377,0.36649478875451286
-1.3924114907018905,-1.2625643761515482,1.493844063748574,0.003199189302302279,-0.376884246460659,0.898590764275547,1.225683586836946,-0.18813355384006805,-0.9341712375903509
0.8843356932498238,-0.9914553770490738,0.28784004811778374,0.6771186578145971,-0.019215885440184117,0.028705240690698228,1.540460924990809,-0.19371046605217748,-0.2870629356091646
-1.259897768715377,-0.14884488278917876,0.3388549683704393,-0.06271989013709793,0.09663949521683535,-1.0449565727300376,0.5005916485434994,0.706104969748284,-1.0061316110669107
-0.030568906206873525,-1.2517067812506395,3.444924892039403,-2.838679749976929,0.864253595080891,-1.2963912910526987,-0.032201028999802817,-1.1341067771712647,-2.528893183995914
1.8064746646927115,1.4834703530303126,-0.3324605219415258,-1.4825005148666561,-0.08650292433000277,-0.5432992511873348,0.18940548491439582,0.02541508728800678,-0.5989280327431629
0.21468983857447285,-0.18518725531553662,0.07689049207785748,0.7466519244027968,-1.0968858380539406,-0.17306121549339562,-0.29471553733186934,-0.1744006894953901,1.3028219035559139
1.3514125510887791,-0.9759293825023252,-0.1858395488370743,0.29508314911222727,-0.8060393993516853,-0.23495575488618425,-1.2422102308314806,1.1751850402752164,0.41748611592312584
-0.030568906206873525,-1.1871746946970567,-0.9335391787284234,-0.6144336768867342,-0.019215885440184117,-1.707302416580211,-0.3337492697041791,-0.3613546099034393,1.4030975150404732
-1.2151969078924592,1.1568757493888893,0.5621020152915208,-2.1921143506221696,0.9892217933340863,1.7677261840690746,-0.45418518228470534,-1.3607138684702589,-0.5784829732108806
0.44430760524574947,-0.2148543163977719,2.8697673931646834,0.6944476409354027,-1.2885361229809529,1.7275332760640678,0.2146040706040982,0.3192626876066596,-0.5935126949736792
0.7085925870576089,0.11745923153854507,0.402428176122848,-0.35568639531630325,-0.543179789793754,-0.1968267512774819,-0.5623229126695901,-0.4053364784585776,0.5825851108810227
-2.0097485139559894,-2.5587667147286215,2.1283177271852605,-0.39177262465632734,-0.019215885440184117,-0.4424494551646233,0.46137459161443367,0.1667338539086125,-0.6011738899198287
-1.872492532482957,-0.13344482331489668,0.9938395028598249,0.19358872095210217,-0.1784845420343897,1.4308974175208198,-0.9362451186807763,0.40539325829411577,-0.3399885387104717
-1.1477258063058864,-0.7345839743486013,0.7091414471567368,-0.8297462604047511,1.0723998982967873,0.9592002060811539,0.9884832713391527,0.07025782688191172,0.8460365637903747
0.284465386858319,-0.3282273592745616,1.0320706890099556,0.2895808708117302,-0.019215885440184117,0.5989408285556644,0.25836487931933927,0.42831725628544154,2.2625268263965084
0.039895992435405786,-0.47858837390946424,-1.388422844002466,-0.8818066071791628,-0.019215885440184117,-0.34550336359062234,0.5096162814700378,0.09742152165739647,-0.89894755360589
0.3933463760525324,1.2392958501036668,-0.8725618817004663,-0.5174117968462013,1.08739937767584,-0.13952666621340032,-1.1555158037921542,1.2467179497432088,-1.9693661639103972
-0.8848329790428201,0.0939354658596062,0.2594397225647118,1.464597218530039,-0.019215885440184117,0.007876051110264537,0.5308881190161847,-0.08179008327107075,0.8749043833575876
2.1394000607166674,1.5797905101354897,0.7834329884172435,0.24832233666661468,1.6531865511255934,-1.7826164500698223,-0.14655641757167154,1.1676148233657135,-1.667271238819177
0.13978155438967024,-0.8388106621591745,-0.5151714618397165,1.4311739130591066,1.6650286051336904,-0.6762224396896731,0.29969570798431777,0.9265103043304745,-0.3579889695809569
-2.3427883877832523,1.3000609399038565,-1.3456256494448278,0.26006999242717316,0.10391342048280376,1.0037825354260814,-0.1378320332673754,-1.045548697644324,1.8877154733287451
-1.4398442397294202,-0.865344089780184,-0.47879464332335653,1.6317061706036562,-0.0035940909357386392,-0.924841642071293,0.9165850623016883,0.06890525374645183,1.0099011409308107
0.6459383191416372,-1.1792423651651023,-0.25399488707001316,0.8237375788694244,-1.393880842548021,0.04187485782438329,1.948909354280866,-0.39205557334767954,0.5316225242107852
-0.1576202563053588,-1.1440722889851225,-1.033353469549557,-1.2207743740685033,1.1102082457848603,1.6174764955536383,-0.6124691759514514,0.2284584392826806,0.5419450222305435
0.7900420859857796,1.4884397691506197,-0.4437559328226232,1.4078656635719555,0.4649626884528017,-1.036212590328075,-0.11166051479096603,0.02541508728800678,0.8876167429730669
-1.7200924209285138,0.017042049138526555,0.465967521275526,1.0939043330626776,-0.019215885440184117,0.4191414051882081,-0.43063141722116444,0.20077683586230222,-0.0525232937156904
-0.21103658866917357,-0.5929110883829671,1.4509362260524818,-2.6582337596943884,0.9871387182556763,-0.4744884036686019,0.9088001025663026,-0.0820494214032222,-0.4075824174355907
-0.030568906206873525,-0.5920299668289548,-0.4706107571246386,0.6771644266191,0.5660525554254456,1.1403330183072409,0.2508712520297609,-0.2021475032230104,-1.0327589169785358
0.17158281455465707,-0.34033849056280835,0.28822901500627757,0.08598935014476898,-0.019215885440184117,-1.4538028930981903,0.20312423439145844,0.02541508728800678,-0.0931638191685632
0.6108619549974154,1.5130879088458198,1.1739538606017998,1.575614868788433,1.816583887367698,0.5652728192377379,-0.771981970093113,-2.681534401540771,-0.5404470084429535
1.0612827572501722,-0.8552127189201242,-1.6983458652481216,0.8350906897967032,0.5919025915655444,-0.10042159609724875,1.1094480365213797,-2.0594222646278717,0.2808913455353071
0.594694919467774,-0.5655359430506061,-0.3665937628465503,-0.8861149459633733,0.9508333166250055,-0.8849989669588089,1.3246251611988127,-0.2977129303779483,-1.427285554404882
1.506379153622775,-0.10600511256161467,3.228711269803872,-0.5093943010554933,-0.019215885440184117,-0.7719994974807031,-0.014204544291509184,2.0555152131850387,-0.39977327048456107
-0.6797878110013215,-0.43230748304368916,1.0770202759925755,0.31763817523434024,-0.41532686254395623,0.8716134772220747,-0.8722060564368612,0.9576900589720616,-2.4122172224888496
0.30016015307222893,2.1616798359419516,0.5682869852798824,2.0845939890783787,-0.019215885440184117,0.961264044267576,0.5961937305691144,-0.5779162078561659,-1.4009313471211693
-0.07959373478998759,0.3155559989143274,0.24530929171523125,0.3596764488899949,0.6310606119767869,1.5366332438588821,-1.7288135356088383,1.4219544737828838,1.0082104708752873
-0.030568906206873525,0.2555715204582119,0.3085091619269705,0.41152827453225616,-0.019215885440184117,0.16089504095401866,-0.517509375018747,3.3049812142751747,0.44154326385558673
0.7251820874148132,0.6717432047771337,1.0803534435202014,-1.006127769976383,0.024156322177244952,-0.6332264401167451,0.18616018346270818,-0.8705926794666399,0.4277976274052199
-0.030568906206873525,0.23711568035992853,0.5062114664592847,-0.7372916211482196,-0.019215885440184117,0.7334607846560584,1.861410604751976,0.2644502903737435,-0.8564477843492807
0.27272030463175245,-2.43517923911991,0.7387019763413583,-1.5094871667975935,2.238139347808049,0.5454637754167624,1.234092005468725,0.6446367424088735,-0.33185090942263357
-0.7074914461479754,-1.7391165685180936,-0.16158055310328642,-0.1909948093769167,0.6575783008107521,0.7458334777231247,0.4883351317871384,-0.8159285399813744,2.291480286786839
-0.6248131850276338,0.19110825236439705,-1.1027560867497566,2.756391655560662,-0.26833824772004466,-1.0323966454468114,0.12536448639166534,-1.1626723652734716,0.038149994102081225
-1.3758518094013943,1.2885884649058685,1.482669358128428,1.1676131691878016,1.1224026544357881,2.987941985706757,-0.27899680548466793,0.6558586286231639,1.4520415068162522
-0.9021587977130476,1.3815370171919898,1.1398407069362286,0.11441491920525965,-3.597239234864977,0.8406137803813455,2.5762015259351885,0.33336897149740174,2.494831922915523
-0.030568906206873525,0.617648651027934,-0.45872937311562817,-0.31457306355467307,0.12824497247905686,0.12623821012070127,0.35460595779401083,1.083344083317774,-1.754466051413274
1.0185471687731302,0.7547751051662014,0.3435794207783236,-0.5589640456227942,0.22190612220118686,-0.4772501251879356,0.5095370491410736,-1.9048495307992996,-0.07391491572484606
-0.2555427606839308,-1.461125625092075,-0.9772331632980357,0.001315383239764155,-0.019215885440184117,-0.3026733532942599,1.9786955909890995,0.2647986582184798,-0.741419957792672
-0.8345535651505287,-0.2976596438609884,-0.23945034079069397,-0.3130757792280368,-0.019215885440184117,0.7646397206621477,1.6377691917429997,-0.07119599709242747,-0.2780192430818292
-0.06322930257349697,-0.821099982225871,-0.27578474416437737,-1.312555356046261,0.8901430864993847,-0.027739210428332522,0.9229410380728305,-1.0943471981231616,0.6426335854298263
-0.1475457880995372,-0.05927304160333654,0.19666177119873407,0.6736155146722081,0.3587801895626845,0.13979973757766648,0.1174195489858207,1.4477303143009943,0.44347281409887146
-0.030568906206873525,-1.0708044453582282,-1.1766488337630163,-0.2475985268707407,-0.019215885440184117,-0.42108975779540864,-0.8960289517655263,0.8063579419246089,0.5133982406832599
-0.4281332460808134,0.06044253453813287,-0.32948264056480503,0.1188838279839296,0.04726767237739757,-2.1118448817881124,-0.1664623451803159,-0.8424386967667585,-0.8949082715806197
-0.3308511358032,1.1336691246272057,0.42262593990736813,1.669465870184082,-0.019215885440184117,0.7634850634749437,0.03546028688800686,-1.2474744856075004,-2.085642716605361
0.5541680142097285,-0.6190807229501991,-1.163502152157924,0.676548570046001,1.1872807833597798,-0.5547715707577773,-0.48400542337605323,-0.5625614557020605,-1.4211236551670943
-1.1648879141754704,-0.17108775595653125,1.225246550535306,0.6144646692962961,0.4854757382161783,0.09577133247547386,-0.6945236409172706,2.6428548181430918,-2.524553804985608
-1.155113818816496,1.3329883297894962,-0.42229824744729866,-0.9783959665308487,1.764606796138247,1.526786843013205,-0.4411520128932893,0.8621700501109977,0.25576689094698385
0.07146150673810837,0.13969308748093587,0.3820727449608587,-1.188104446418037,-1.38079426917615,-0.5425081772721937,-0.5598413237149152,-2.72461952367616,-0.39525073947865486
-0.030568906206873525,0.5959199569310355,-0.0040680549407083565,0.2133651375123051,-1.3804847851078803,-0.7811199957788402,-0.8766955410791696,0.6569353054244004,1.413213554066833
-3.369404727168473,-0.11719983972073557,0.34449258817329587,0.40115180949349305,1.3732053380935296,0.5638840908592785,0.0041744328969186405,-0.6216055127497562,-0.16877001346138773
0.2431111200425543,1.4160907331085355,-0.19438177309423296,-0.6221094523115854,-0.7618288462677967,-0.1762040194571272,-1.2166400131134862,-0.10354250834884028,-0.13702768184591704
-0.028315987881453,0.09429899441482348,0.23554866476612496,0.6964915522920402,-0.3667196070040845,-0.1019871501965388,-0.7004592334348565,-0.14176584013133697,0.7713418126030336
1.3314130069808552,0.08583927312117508,-0.02192908366366988,-0.7168458844009524,0.45306287287461433,-1.72259825697942,-0.2646737920705714,0.43652679331008104,2.1638249306141715
-2.0554434195198605,0.11835970790859972,0.443222779429558,0.7666247022103454,-0.019215885440184117,-0.1700025463811416,-0.9672241855904044,0.02541508728800678,0.45698788622841313
-0.7985683759210804,-0.5709043990212177,0.6174875771028479,1.0963096904657819,-0.6004523196550653,-0.5202507033985053,-0.10135206499337002,-0.3514743618741371,1.0685983058955828
-0.030568906206873525,-1.7772748316680298,-0.4547144134338386,0.5084330315185662,1.8143883174742514,0.710595510171047,1.0299473911460457,-1.906389620535257,1.876004733577741
-0.20712516934295,0.6709502503942772,-0.4474753646448703,0.7115780305534443,-0.019215885440184117,-0.8550547545568961,-1.1385485390797814,-0.5648508455851952,0.46123646663512574
-0.030568906206873525,2.78410205826048,2.219274385068759,-1.0001049096879744,-0.019215885440184117,-0.644907873313533,-0.08962487366366756,2.007030364143519,0.4467388534048007
0.024454606002893464,-0.08623825146162149,-0.39095833265541513,-1.3709131209307672,-0.40610224994343225,-0.7214012659519257,0.17259036558727628,-0.7425725618541302,-0.3047476794124708
-0.9087655621027482,0.3539288981072671,-0.27749564836892554,-0.26418721546518675,-0.019215885440184117,-0.8137242112582793,0.4038301046404068,1.022878678805706,-0.5643248715411712
0.1830376518534458,2.17993138399311,-0.6930238973803038,2.162916585870712,-0.019215885440184117,1.406666773939679,-0.2623201450486485,-0.7310710851930233,0.9638172457182778
0.710602861940156,0.33675111243370986,0.525327377077395,0.8909012516177793,-0.4336305015646692,0.04584084864484655,-1.2734310697166378,-0.1380506720487411,0.9621639650393969
-0.08262832430077369,-0.2688194450278736,-0.9625982609642749,0.1546241946351464,-0.08333962457782176,-0.9553193096498344,0.7422558055400035,0.7286472484090086,0.2830290011144327
1.3163417414629188,0.8840141198513738,3.0966547610520596,-0.6965406860056657,-1.0251066725528788,0.22060202827057782,0.6011592818693109,1.1225022563708746,0.7378129542130593
-0.030568906206873525,-0.3609836617732653,1.1920673258286676,0.8006835202710834,-1.1270320581069706,2.3382279099616174,-1.7974390471010873,-0.9312998840253992,1.947463819071721
-0.934878249663577,0.07958572450254722,0.44842945802097745,-0.458321333616447,-0.019215885440184117,0.6908361785402768,-0.7995102965797033,0.8427975968150719,0.4519542700119697
-0.6736476067110253,0.6195061590282686,-1.065163720299151,1.3640110600851565,-0.4357389664934932,-0.22845659683576203,-1.0673454807072476,-2.228853700599415,-1.3205200420340681
0.9841346672509186,-0.640730601440784,-1.147572782477263,0.22974747036773355,-0.7002966406940203,0.572415303686492,2.29773932178568,-0.8733518608683817,1.4217392322213414
0.24717526182969185,-0.1040721211352044,-0.9517810099607477,-1.7531249606662491,-0.019215885440184117,0.0317743145927965,1.5545230387162476,0.37431368221435646,-1.6777249819820153
-0.09192775320457149,0.059930231889931206,-0.56903605337791,-0.4846757806214943,-0.9453154452716794,0.5274283316194277,0.23455679862658138,-0.31776838863909973,0.342674705366992
1.2382428360273943,0.355047335741828,-0.4536176478116699,-1.4527276559908326,0.02213854970817379,-0.5777517433369972,0.03823070700079815,-1.1312452797010315,-0.05789455644985686
-0.030568906206873525,0.7105169215002481,0.05700194912466849,0.12016797871811094,-0.463623437189413,-1.2433998900177794,-0.45130525681857264,0.9240965248113031,0.865916605004145
-0.37527693679641244,-0.6000692706951285,-0.3830283604435435,-0.6461222255151314,0.06974177420621162,0.7854116166570146,-0.224965796766845,1.9490478986730326,0.11470716929530336
1.5920453621230521,-0.6361396372383786,1.2864749659100843,0.14626859562057878,-0.019215885440184117,0.05101957550406496,-0.9811093128625086,0.2330930071746258,-0.8650511639031897
-1.3488516996300997,-0.41989543942735963,0.19435498405218407,1.258625883650886,-0.20521716430293835,0.21805448602460142,0.26245930551779056,0.15474436721382157,1.0965752452444397
-1.6764045018981502,-0.12095118676016711,-0.7884696719601485,-0.6481478491904374,-0.019215885440184117,-1.0351072886700758,-0.9656550691428281,1.4133074552741394,-1.716807313278435
-0.34089937794711134,0.05787111912898871,0.05723769127294184,0.12584346192192447,0.9751074631580187,-0.24368267267649865,-2.491901599590143,2.484524662762303,-0.3625424945713904
-0.9358078780626137,-2.4584078661874593,1.2942392858737328,-0.04118984907195179,-1.0127615364425768,0.9448212200803263,-1.5992204075271628,-1.1408997466945623,0.235519504943442
0.6241586469866438,0.5607713183591361,-0.14985488026258037,-0.5784942523791409,-0.6006649597395061,1.0580289737230715,1.0407903624283052,0.2613229784925953,1.08163644533686
-0.030568906206873525,1.7207198584639152,0.8541028592521567,1.7447987123861182,2.7652393953787993,0.4609109795288943,-0.3190910762899525,1.1419724411626515,1.3829317036914877
-4.663041348839775,-1.3481064964899112,1.95703077930885,-2.285218866291832,-1.3821972615022118,0.18675011039007997,-0.3248832036516052,-0.2432617092381652,-0.5486348021414179
1.1345924915673888,0.06715604473457427,0.9659458080255886,0.13017331209160157,-0.019215885440184117,-1.164938655772565,-0.12338292144337448,1.8087270365616397,1.013754933591175
-1.0011483741489786,-1.3351144075342574,-0.23429829805584543,1.394457858255208,-0.2864091434144854,2.0778936258756926,0.03276468724479685,-1.0597697708267961,0.8593113407310947
1.6399945455906952,1.150702757263507,-0.7277927639664385,-1.4891538038998757,-0.019215885440184117,-1.8528213082747629,0.7359026996484697,0.9664786891620049,0.31554340602113295
-0.030568906206873525,-1.2298768639239692,0.570623155109378,-1.3897431426783298,-1.1551736067868796,1.5607080498497183,0.0013253585758055157,-0.8030803598612899,0.9432192384716821
-0.4650402619811763,1.4465747364452948,-1.0971229248962284,-0.20126827422854845,-0.019215885440184117,0.7603447697411245,1.0210494973405593,0.02541508728800678,0.27488962406522344
-1.4197966892282927,1.412736135712329,-0.9119535944206891,-0.40566145572741696,-0.019215885440184117,0.023625417971662493,0.9107992163085759,-0.3114550399226637,-1.0509873335217363
0.18352504371450024,1.1856662662898585,-0.16497608265236705,0.03841806129683155,-0.019215885440184117,-1.513666558746758,-0.43739470300925914,1.5785214982018703,-0.1436804946350201
1.3674224127933359,0.3798139682847788,1.1817187870612758,-0.13843675615899356,-0.3502491713017288,0.26374096754215504,-0.5334138828567183,1.4595005630177014,0.5848977858100914
1.8472626468176434,-2.042501910880906,-0.13761998289183353,1.4225150932639692,-1.153478582655821,-0.009785250410832745,-0.7340897828012705,0.794513763254467,-1.3180885607445505
-0.030568906206873525,-0.4691884930574862,0.9582440851594394,2.042750783353793,-2.1292105236193164,0.7424024376378578,-0.8878936448468534,0.16967342732653684,-0.2489487606153853
0.788635628389377,0.05186949222119745,-1.191623007912469,-1.1303746171780589,-0.6746016987555495,-0.33180074626523176,-0.31232647160904,0.9519485045896529,-1.5240707605665118
0.3087092676036178,-0.29427351750609504,-1.1697680451348917,-0.7665686476623951,-0.019215885440184117,-0.7958830671237647,-1.0718042107886554,-1.0505211419262646,-0.6549897857316951
0.1755435745743083,-0.23662805529847808,0.27156101395565047,-0.16981014164378022,-0.20742978779571855,0.8954910189037598,-0.2728717556684804,-0.01616567531661498,-0.04905043250023319
-1.1944786320493301,-1.6460743496594632,-2.4158780759039185,0.8048923267359787,-0.019215885440184117,0.853616113983469,0.2736495856232914,-0.385411544773333,-0.4124353348372639
-1.1427213189416219,0.04284715141295158,-1.3608711750986853,0.4769707546180344,-0.019215885440184117,0.9388613300649281,0.9515340786252677,0.7103818534850677,-0.5358224287228689
0.17847434805162785,0.05050268598920489,1.528344366991513,-1.1555056357639104,-0.9209083456478413,0.25004606031426024,-0.5716709945391791,-0.2166237319742357,0.36878257076449633
-0.9902096314245192,0.5915160333666938,-1.468219363949893,1.3382424204470806,-1.6416970426464772,-1.0783298224179843,-1.0898486516554247,0.4003939441802504,0.4892460407181532
-1.090607288625569,-0.9525994393661338,0.8172708704284422,-0.9965205642343694,1.0246799154768245,0.752007638962971,0.9079240848341578,0.8909745223436042,3.0552117435098163
-3.8435371867760493,0.9686827694253457,-1.0219654989439215,-0.5638758292635752,-0.38741056953645125,0.8336265945131986,-0.6794417699571478,-0.3180829773308451,1.2492543131911498
0.005642898614940573,-0.7303231068078981,0.4008753036620336,-0.1095402738530081,0.5929841023292195,-1.5970186376930302,-0.1926474582012215,0.02541508728800678,-0.9525039255785812
-0.35869470212793725,0.07005850597064646,1.3836204354652075,0.9849455392493609,-1.6248033403899274,0.6085389150377313,0.02939855007686155,0.7604205509497955,0.9154186002384906
0.36555348780789165,0.0026390271376110787,0.5928227524757553,0.16660842259020314,0.3149436357939652,-1.2220587550952604,-1.7371291755451403,-0.38117844160148473,-2.028013526127633
1.3123320127156128,-1.4681166489722652,1.499549032749389,-0.9521180928265315,-0.019215885440184117,-0.5006413464688293,-0.7335209408094657,-1.0564650572575254,-0.08045178909469883
0.15181313309048788,0.013240235351488189,0.01883241328865544,-1.078024566117857,-0.7879869414737591,0.29272893192541016,0.11918525208428402,0.3512132391588725,0.21928831404382906
0.702263671126731,0.6357555127538377,1.8606517419122937,0.08615827623275725,-0.6033663841491491,-1.8145265350109312,-0.3776824730095756,0.7863213917508874,0.5857109684069918
0.23183138362451713,0.49690534196969033,-0.39097677607833603,-0.24294188187627538,0.6128138445915072,1.1823650659102771,-0.6632607871996681,-1.3414373133561321,1.8584940337932088
-1.4940672504918133,-1.8375824379344707,0.7426390030776695,0.8280852711406226,-0.019215885440184117,-0.516652684440501,-0.13375836535995828,0.48506267089992267,-0.45768414439003774
-0.013622324284685718,-0.5428942907000573,2.009099380016987,0.9223449065244219,-1.4458912772340462,1.1412193719442738,-1.055015058388719,0.6131630424646073,-1.3122950162103968
0.43624555565309725,0.20942846970839268,1.588483295804374,0.3546387673606994,-0.5755208976635978,-0.03643788226770136,1.1589678419336744,1.9172616603721622,0.2495592228125196
-0.3389395353318366,2.343194633933951,1.7447606163116696,0.6244040175266901,2.272026257184306,-0.9445269469987972,0.2598964767385671,0.8293130343439675,0.2920817114750917
2.1591030618593345,0.6668061271276756,-0.42578663923449667,0.9637659999764318,0.4350036187943702,-1.1333112360540456,1.568561383892277,1.057099234627539,0.751164524377442
1.3078125484778698,2.0530283492591317,-0.7430726145592472,-0.40195287557063064,0.5861759824608987,1.6529577131222202,2.3582808102950357,-0.2944495853128083,0.00396157533167882
-0.3256500830204079,0.2788777568836673,-0.2571782372494953,0.035566129491698475,0.2833275469001247,0.03267086105374064,-0.6373569057195619,-0.5577437632004205,-0.00026435996273488854
-0.8770204803959057,-0.18660344939780102,-0.1826618270577772,-0.5115947663711927,0.3663146694454656,1.445001892168782,1.0419233776816628,1.1539774112951764,0.16797395174421986
-0.030568906206873525,0.49678596955311055,1.7289203154567787,-1.2984073707345158,0.47736970111413063,1.3269329039343685,0.4922176581785964,-2.0765716681559923,1.0920493412309888
-0.3680393580255301,0.6772254878255715,0.16215553772918528,0.03820284437318125,0.5982492538754351,1.943083754462839,-1.0711974174785408,-1.60778686930332,0.30491070375726415
-0.030568906206873525,0.4193525087930497,0.5715719490166918,-1.7534394752453129,-0.12761201680431275,-1.0305498144617122,0.25378480429545675,0.02541508728800678,1.1921811825480533
-0.030568906206873525,-1.137595479504919,4.491569262225009,-2.128173903754948,-0.5739417897224456,-0.62830734002485,0.9023146680723977,1.0152406735879866,-0.14480520194714677
-0.3046919724054824,1.109901058117422,-1.3790318047311816,0.7632775386771927,-0.8679166545058982,0.3762702404994548,-0.2936600789771226,-0.05353996061085184,-0.6793727516304827
-0.8297809003647655,1.3596169224048338,-0.40715886452860356,-0.6691893501590885,0.4769649111022183,0.7903232973075126,-1.6006142959758005,-1.3645146229808418,0.38895287577693644
0.9118670091575375,-0.3310250270198432,-0.9876280138745644,-1.9501329645655228,-0.707359354891368,0.44151921970898533,0.8910483225480342,-1.100621610232818,-0.014489156459262463
-0.21676712555425579,0.6132626817542801,1.172441065508327,1.004870326760114,0.2713660302572514,1.2160059291459728,1.8331584413739102,-0.35731282388415575,0.48247555339470544
-1.1895116910113253,-0.050465409371905405,-0.5970461397098926,0.5487893217198365,-0.4718444581169721,-1.146637081339766,-1.2415992509996863,-0.41739813802332953,0.5909273703316211
-0.030568906206873525,-0.5604148199105264,1.8237696422438963,-2.0036391008750516,-0.019215885440184117,1.3242644127715744,0.9929542370205794,-0.13253760608627976,1.4612878448486704
-0.06539398816334958,0.1757644524904946,-1.1462430510490724,0.33846200601421844,-0.019215885440184117,0.7297156723941073,0.5427016542826826,-0.2731089359177374,0.23812539959666365
-1.187985279843013,0.8662526536188015,0.8003052884572122,-0.6678514899455136,-0.019215885440184117,-0.8369955661351092,-0.6145132752786867,0.06271465070047005,1.4324326838473092
0.07336193437391304,-0.3789046989727264,1.054716983383296,-0.4619210328526063,0.5284764465285399,0.5481177610120264,0.16236972032371647,-0.26598326543600215,-0.24309599651846564
-0.7571723939463907,-0.2891606974791544,1.022844293458165,0.10303445842599958,0.1461248998229461,-1.2845084518086154,-0.4917828884169018,0.3868518298947979,-0.07592867434595758
-0.10062672047519046,0.27021926356395237,-0.2691797428437048,-0.37175635278741104,-0.019215885440184117,0.5843979219126191,0.4251150919839638,-0.7730703817513579,0.5889607164579553
0.49586237141658945,0.128527510183228,-0.7071536011327645,0.0645411760666989,-0.019215885440184117,1.1361547803622525,-0.3066307068879137,0.8346250396920621,-1.92396198563255
-0.3346321840768884,-0.5155044495711523,1.527161070304736,0.20575258551945727,-0.019215885440184117,1.2298963423848928,0.5693634661126543,0.971309927864423,-0.001956952395418375
-0.030568906206873525,1.113757635748491,1.223090507447061,-0.25873212778304977,0.27129967506927305,0.24069230330316768,-0.11306239317145662,-0.8404315792611382,-1.0361428544176001
-0.7157802042732827,2.0314016752868804,-0.5409603308153778,1.414726998091529,1.2843670657663702,1.0704507472461045,1.931130041098299,0.6563194423709421,0.13715012397631063
-0.030568906206873525,-0.9432791194446409,-0.22478246608898356,0.10118692551317922,0.502227957974982,-0.09632148853251636,1.0629235813818585,-1.2767067153232465,-0.6994250040129395
-1.5708930946671786,0.11808377920026276,2.981583999821985,1.2814172354470421,0.18052974405255312,-1.445575108430624,1.3639844763727413,-0.15831824391310986,-0.047180721330977476
-0.45728714544995763,0.08001166532632457,0.7503776461178426,-1.565212105011133,-0.07882163000397303,0.25877398817698166,-0.793652683209068,0.25313067559393715,-1.3069709130984453
-0.030568906206873525,-0.1599518803438851,-0.49637748179798574,1.040308144781938,-0.019215885440184117,-1.2863690954918352,1.456370938589053,-0.2915376285544613,0.1993329655679304
-0.030568906206873525,1.9516284679545213,-0.27063537008007915,1.0305780550637516,0.9674871918900609,-2.185821659072602,-0.44544261746074476,-1.108930853241921,-0.3951083358559415
-1.9614320575289803,-0.21596167681882417,1.0737143526551947,-0.006978448795720838,-0.019215885440184117,-0.7061114607284794,-0.6936842410680749,-1.003122926461098,1.579989795199429
-0.030568906206873525,2.5971188005331194,0.06439768104225971,-0.21430988102948514,0.27232428848047724,-0.40250511530278743,0.1912499317495746,0.06084136205816081,0.6031422160004738
-0.030568906206873525,0.9131596279282811,-0.3908006128123349,-0.6817488867955112,0.6880496454925851,-0.7536240949720886,-1.2146302364654757,-0.31693000230509594,-0.7270242221633517
1.4914402740388188,1.831132351836067,0.5736366468556566,-0.8440612453461604,-1.6319311378440615,0.49224359797987305,-0.5752701742705214,1.5033117824404858,-0.29425914432215244
-0.03970063720932087,0.20472161194811844,-1.088693815677094,-0.16925118680605877,1.298242708301917,0.09586924472323634,0.07108121411528308,0.13101636879526404,-0.15143221695050407
0.004708140699285406,-0.12667088924506972,0.41522883025010876,0.14864630898549364,-0.3044417942200421,1.4951726556013825,0.07635892626034425,-0.12917503700426589,0.024436959665062673
-0.361185215028791,0.5026224027828047,-0.3028000463783949,0.5277503522662432,-0.019215885440184117,-0.043468397146527886,-0.5114453705501409,-1.0498078519126837,0.2775318005033751
0.41027786590717896,-0.48479104429802267,-1.116905374346274,-1.07550830390292,-1.0359272689831167,0.5179862142412494,0.4730167597921405,-0.2762283629091515,-0.25016346515329685
1.8723339938450703,2.0566608407816753,-0.9753678938509283,-0.3436290902684907,-1.0487527996015718,0.42659811906088013,-0.688853700221423,0.6241700332176211,-0.8484749652904975
-0.2280732449999938,0.23178509521556467,-0.19094390399982014,-0.6198645516623896,-0.8071324293759213,1.4385991492637609,-0.6852370926560846,0.40803226230836753,1.1468438957284397
-0.030568906206873525,0.1323589128995013,-0.13069903810141525,-0.13157307790691056,-1.9080226687871487,0.27735478659139823,-1.2329101020004303,0.27426532744777427,-0.21131903456110557
0.42421727642420287,0.45428090526120385,-1.0305629627585418,1.3314928774760588,0.3825947098952872,2.10985410520984,-1.1318189187665815,1.5801692371712444,0.9719932829576696
-0.5965435157276044,0.56170551785524,0.8607021638350406,0.5744559008724123,0.9924848681519666,-1.3363569482520767,-1.2211651023435985,-0.054185693516076334,-0.6227464148997252
-0.4440843770840628,0.19686976274227386,-0.11050101093016969,-0.9936374385208512,0.13283836504545082,-1.177623086972506,-0.44409676854140295,0.5659113344760083,-0.5190501924931387
-0.5098419020052493,-0.9127019082468066,-0.39857204856376544,0.6004474351334499,-0.019215885440184117,0.11214733455862473,-0.41491994684161754,0.09398356694585559,-0.043299823846088055
-1.32913329989231,1.0444799553342607,-1.1308179653965327,-0.5084734374070184,-0.019215885440184117,-0.30931975757453084,-0.9417041552115728,0.717054239579806,0.941914996903845
-0.7959757268022979,2.6421780428253525,-0.7584939005698397,-0.30008577126580044,0.8174328179219529,3.304820308602316,-0.3441767291986614,1.4967301055701758,-0.40100284510630274
-0.8406009617061942,-1.5120680073069144,-0.9445700874693218,1.1037171034394997,1.6806501335045747,1.298980513198919,-0.016797104730360106,1.611534875445557,0.4669014846703012
-0.6475102103534989,-1.6863596294502083,-1.401190014156426,0.3199400784337874,-1.540690245455428,-0.15948817400760854,0.6562973455340742,-0.9796242195827433,0.8459969705323511
-1.1594762787766697,-0.3364955410586907,1.6142529933649448,1.5845629846728166,0.2682063811177079,-0.9928631929277816,-0.08139918790093892,0.02541508728800678,-0.4415986620164063
-1.0710237910428986,-0.9814035615394592,-0.03931536321176465,-0.7082089950181143,-0.019215885440184117,0.32087007573811976,-0.28308224919621827,-0.6593752895105753,-1.5315135897432326
0.03366129352416292,-0.5561645432179108,0.4512804000650744,0.23232073223900268,-0.5737631378067475,-1.2927105195324156,0.6472902601115555,0.18954044273377216,-0.7115824046997006
1.4913790219935346,2.375024208332917,1.94079367501636,0.5814125245703803,-2.475445092542076,0.9477634713582662,0.5183163684538397,-0.2434303136345583,-0.5436783740879297
-0.3248795099473749,-0.6707586312247454,-0.03203590979418826,-0.3346238652855948,-0.6855873829340138,2.837751558312052,-1.5802198269369236,0.16860845101068228,-0.48870780089037463
1.0270277380147073,1.140222370881879,-1.6698196623754542,-0.10197819281134005,-1.788566030776564,-2.0887072396453785,-1.603910154070369,-1.5345492799980243,0.0867259557092072
-1.8965245417056138,0.4991442866861781,0.9757678189243815,0.9468614820459985,-0.007926814403916788,-0.5559669288666923,0.45728781247480255,-1.6710043410330415,-1.4981659174346145
-0.030568906206873525,0.6052681227327632,0.5795839136400461,-0.458319553203111,2.3385681955269475,1.7947199809021632,1.705118231203631,-1.0127674292938549,0.6757836214748428
-0.030568906206873525,1.118530405888209,0.5917780337110039,-0.5600209530122766,-0.9842074776387012,-0.8748012911844889,0.7573621618732521,-0.9422340034905219,0.39874215062178897
0.20981832967630465,-0.5570315739766458,-1.0229476898723524,0.446510962168046,-0.019215885440184117,-0.6354628647629097,1.1653019294032765,-1.631335065621756,-0.16271914867357068
-0.0010870971174731631,0.05796917968062047,-0.5982194010281789,-0.11587004179962687,0.4079098445148981,0.5481409762752766,0.9032000860020928,-0.41371402673986607,-0.9104383333933497
-0.6499452177009094,-1.3738103052188368,-0.7759432174838484,-0.31619842143350013,1.3400571984963583,-0.49152514191467284,0.7127659771286736,0.1901887080942894,0.3052897067053482
-0.8038186680948948,0.054830272032359045,-0.08447007264511233,1.256188358408795,-0.20744137409379268,-1.4275251883636457,-0.3731231039964947,0.5159046690135559,1.1869269824515505
-0.9006190345019005,-0.7523109588094472,-1.5757652995688722,0.11774598828777148,-0.10035945615836392,0.18340794155959028,-0.8822960365463707,1.882837412013194,0.03627159777165721
0.02583088698013881,0.6005087594716153,-0.20785613630538863,1.5568613577377106,0.42273123706229443,-1.1855447968938286,0.9910398019282283,1.131476841367587,0.3073408687968831
-1.61634463250287,-1.1126985391423116,-1.913538833191566,0.7296866271163406,0.6613818587023125,-1.028343050140554,-0.01614188496476155,-2.018460699848041,0.17449784120272255
0.6517765941209791,0.08253207371128148,2.1100057021097616,0.1194865072056704,-0.019215885440184117,-1.6568035373578456,-0.005477194161833361,0.16457932370877545,-0.5143130992540005
-0.7673840272786828,-1.8273853611242348,0.7099322455064986,0.13421315125258926,1.5468180363971078,-0.048831556669149755,0.33406236289964547,0.17764745389983047,1.0202414841074763
-0.5798582598399022,-0.4048782678412533,1.9510292377250913,0.7073364664393258,-0.019215885440184117,1.2815640045310355,0.4778973098671222,-1.2361013035562969,0.8020969095380256
-0.3312525283289456,-0.6100855812771803,-0.003451398726123893,-1.5055949235052641,-0.019215885440184117,-1.45165278059428,0.012605620109692578,-0.8527241256305276,-0.05399877714868523
-1.9813943665710723,-0.9858435323537345,0.22557095767494376,0.9240373873985018,-0.019215885440184117,1.4772446150771128,-0.13023370243871343,0.30916441715575155,-1.4986767285862501
0.5703825566327063,0.5413723859565936,0.22097836039732932,0.10914619285612756,0.2043543185458215,-0.2037774008065621,1.6117671547675967,-2.602992164745768,0.0707200979945752
0.03249525705388041,-0.6996532845828427,-0.29440152093420147,-0.36460356095538776,1.0700615087491878,-1.6376216358034772,-2.1236315864933064,1.4327691796864104,-0.740326397025034
-0.03207828357435511,-0.8488253692063372,0.8542843984574024,-1.0793375859616487,-0.019215885440184117,1.1598534286609175,2.077265096443005,-0.4614672327469941,-0.43631411658747354
-0.6308843253732067,-0.7782526620906408,0.3528500899120862,0.6880440065833956,-0.2745116962203115,-0.269638808570271,-1.029003074160564,-0.028471678137052637,0.5502491659318713
0.3998312048365716,-1.0166564310943886,0.3593338795102537,0.7143694345185413,-0.11517305880895583,0.04883213076245997,0.5478779125057088,1.451938353342038,0.8259261028560971
0.047066867763101476,0.1857627942143863,0.14503972430828843,-0.6557886851031549,-0.8768328981476936,-1.5560876181506622,1.016363500285679,-1.511605827736412,-0.2393627745050232
0.3553274706057134,0.08679773479759037,-1.2036307165434033,-0.13508072821044328,-0.7950275403674787,-2.6887568305306253,1.1083520689351458,-0.21008320907137099,-0.35235867029128737
-0.030568906206873525,0.8387477988841489,-1.5032264444263097,0.9087970562350235,-0.019215885440184117,-0.6521024027954241,0.35137687617799074,-0.10132885053271852,-0.6837831263232774
-0.14178134687030727,0.030530843969469045,-0.2660376406720088,0.747373494911227,0.5884071074308252,-0.598160105619931,1.2039030921053129,-0.029769024094113965,0.2648146844426828
-0.398900392955868,0.2644604743450815,-0.2359701027792408,-0.482451488608458,-0.9768285900307335,0.6756575706467692,-0.6395768987294755,1.4762584602033395,1.2011488841396565
-0.06797883580521168,-0.9927114057083471,-0.4866851399405679,-0.39827287238661424,1.0758881288403945,0.8005545465383948,-0.7909705881813747,-1.1052326486876127,-0.005536324202587525
-0.4397557352739645,-0.6025991542318406,0.55576706915101,-0.36455561974074735,-0.47553466925829563,0.9540063109551415,2.138054711006974,-0.38234097223513264,-1.0969901337900396
-1.0576133148138505,-0.25634282344878456,-0.6593707216007088,0.7446075872343376,-0.019215885440184117,-0.7963092852797227,-0.6608827910970367,0.5416804953604316,0.5481076848093752
0.3492407851165112,0.13937183824026858,-0.3052920591809212,0.3713504739206636,0.48624711213106175,0.2878545540003177,-3.0039607211282404,0.5388506224293497,-0.5533115836712682
0.4494139202544254,-0.5276635689755641,-1.07442634916485,1.797010228576218,2.418607061803945,0.5420510530720547,-1.7780527622123878,-5.759476518875808e-05,-1.2310048877519233
-0.0004457720911400893,-1.8238052428118334,0.2733463639411632,-0.8822668044297978,2.756453339269778,-1.0526660637671583,-1.565201231795458,1.403493836100504,2.024358703215359
-0.2021672872315577,-0.010366312398725036,0.3971861637704651,0.052533218084589245,-0.589113599478396,0.08870464816010844,-0.6536127176321141,0.6448528492319958,1.9159458403990246
-0.32388040048835753,0.5043485241105856,0.19141678313258695,-0.3178137643460353,-0.23229483738553508,0.029864703414850646,0.024323960479307023,-2.0745241227971394,0.6218769490279292
2.872923647833922,-3.648661545042942,1.979754023992764,0.8766095376859195,0.10299761615677054,-0.21080050926538133,0.016430655501875314,-0.8259196786694529,-0.8513303357055386
-0.15605930431068182,1.1158048917476573,-0.7478509922280802,-0.6090032262338155,-0.019215885440184117,0.12889764343832255,1.175954454184169,0.9743582557809339,-1.7687269331642015
-0.9149889971898847,-1.4510261466630239,0.7695532651981923,-1.2779219413979968,-0.019215885440184117,0.46509088747881183,-0.6282858899286816,-0.016115449914805544,0.14262122552625936
-0.030568906206873525,0.1927682863635996,-1.1403875004187305,1.1456054565889362,0.9319472594227903,-0.5974579409941048,-0.20658125585780662,-0.46489968622953376,-1.0509990207305846
0.006112210360887416,0.30165025050510647,-0.9189258249788483,0.6078371270790534,-0.3442960714016165,-0.7160224434461507,0.1891296443414498,0.032314012229681395,2.16269677953763
0.7692855602140785,-0.901541443579048,-0.9082650267400627,2.0679523725106375,-2.492015003404342,-0.455303687476076,-0.1594928794705386,-0.3233329331517604,1.2846463143646116
2.2264215776997864,1.3836628834272404,-0.3767526407444883,1.0432175661854823,-0.019215885440184117,-1.5350336010698789,-0.19927239973588282,0.5677199515285184,1.6070718258200258
-1.3130099923780256,-0.30522610523649524,-0.36907563590735665,-0.0575738708519886,-0.019215885440184117,-0.5977869564864319,1.0107419240090643,-0.4643038691348268,0.22205558466454614
1.4620536951986394,0.1283883923294531,0.5544554981148091,-0.17699628709383922,0.16701973884979718,-0.7903887437542351,-0.038824370443361414,1.3162099534798481,1.0971265827673964
0.6304174521779737,-2.4453593567814926,2.643517365511313,-1.2202462999039736,-0.019215885440184117,-0.74419974480108,-0.25715673087226243,1.3435513666608816,-2.0216492679834523
-0.7053966060360493,-0.2408256329909506,0.338934814393908,-1.7170004516660056,-1.045413262492015,-0.9009004367706487,-2.0185282074854474,0.8726185290945173,0.9888124099557148
-0.953870717966499,-1.6344435673384106,-0.40087738520553684,0.018120566578393917,2.3317500675169742,-0.8419933959750671,1.3476460898750868,0.7144850007782814,1.8662029049002062
0.7446127724064356,1.4626432347708918,1.053470231582992,-1.4944198367683688,-1.3369784258087447,-0.11487015201844215,0.1823133756148956,-0.6142393713059192,0.9428691412084562
-0.030568906206873525,-0.44316992912120795,-0.4588275418940493,1.6989954985858382,0.7664533465837738,-0.846012887067805,1.801191413436648,-1.0769689283648498,0.2515952416723201
-1.140554936733119,0.07648587045322612,-1.1779094521325362,-0.5196827207320386,-0.019215885440184117,-0.6238246854104486,-0.7323160085363631,0.4969348210634441,-1.0046745025476578
1.8677779564378652,0.6588331477701423,-0.7726427347209437,-2.4963992876762093,-0.019215885440184117,0.8775374808628751,0.17108670993224112,-1.519491511781875,-0.9584128158778037
-0.43378765954913223,-0.41216243081631754,-1.1755090140231865,1.1535160220505523,2.0556040325549154,-0.5301106788956687,0.569042855035054,1.0871295282696047,-1.3878146864945458
-1.3685796447675298,0.46484786158652974,0.1019927120131138,-1.1171572196600112,-0.460010339295469,0.686115076567419,0.06767625434480457,0.6995811366920347,0.4977009853619175
-0.9140927554990678,-0.49736993449036776,-1.0509391145330738,0.4950323172343685,2.4871237573298477,-0.15951488066662728,-0.5703600415531218,1.1108456088111893,-1.5790846731846717
-0.030568906206873525,-0.43527197626831665,0.975304566626842,-0.6036249836760147,0.4603703219436762,0.643053016637293,0.6989930583965485,-0.4742393171359212,0.7207700884659431
-0.3152227084465205,-0.04363451923876858,1.4146008094560323,0.3228916910988482,-0.019215885440184117,-0.12913610227602537,-0.2549139809982905,-1.1536335688307056,-0.4504055558425959
1.2840042609345004,0.9858738931084341,-0.5849460062621926,0.013452334993267905,-0.36472562350092874,0.35229476022558875,-0.5075161454902388,0.7070444830098576,-0.4094212010012955
-0.030568906206873525,0.7540612055206947,0.6017751498285178,0.4750562759913873,-1.6315813783927244,0.545917884200469,0.4510666323580854,-1.9284169326413656,0.9166606659816062
0.219590945660405,-0.4143680783672845,-0.3001532909573022,0.3227238600250436,-1.044414989336505,-1.0895877826526774,-1.1463012111848272,1.0735928275676958,2.887486503990548
-0.46731214191349696,-0.32743434129523624,-0.5286278244762538,0.13361355520185017,-0.10040467625319942,-1.2540573246341107,-0.795630793831971,-1.173005299657754,-0.4221960280533082
-0.030568906206873525,-0.45840456194996043,-0.29670889617427176,0.13052174664037045,-0.019215885440184117,-1.893271031992168,-0.054410331508653265,-0.5928893967929225,-1.735930960784094
-0.9877687603335483,0.9288335160559951,0.736024462604364,0.5604643823213308,-1.0998150251043477,-0.9484270157290383,0.22649347358715066,-1.9620879722601292,1.380299470442406
0.16117183071093172,0.6436126341335795,1.1435067230518146,1.7190943248640806,1.1915310323449384,-0.024743520993784775,-1.6019711403628984,0.2118052537557514,-0.5965316319990531
-2.2865654760475307,1.6039246260130893,0.194425592118597,0.35485319090600015,0.4909229528736562,-0.005188804476696962,1.8571547834251703,-1.745128040607518,-1.6090690029516903
1.0304403405364684,0.9696179957488016,0.8926439852993694,-0.7454445110831661,-2.114896605478919,1.1112152211754958,0.5130626866380672,-0.836762775939666,0.6610696453763081
0.09089931610545643,-0.6092509718090143,1.4659396662978483,-1.2221315513307676,-1.2714267607633583,-1.1827293908115473,-1.1970101612056212,0.702696185705259,-0.6104918752252452
1.2102155313992407,1.780387682177867,-1.4002232032950157,0.5238887226753843,0.4040514557010921,-1.0331667909664348,-1.9227568961291104,0.7563354476212324,1.9891783174564874
0.29387578753257065,-0.6713360964767799,-0.7023140661027685,0.5740904384265227,-0.019215885440184117,-1.542199947770177,0.9565519385722338,1.5512713329264614,-2.1639030183017964
0.0994665143191327,0.5148337507679517,0.1417696157717829,-0.5771028586791632,-0.8061708046775075,2.4257757978153864,0.8220815821565646,0.4793026845674317,0.23042524627345304
1.3400291922827758,-0.827776400048432,-2.0031782286635593,-0.8352787977471611,1.4609955335029818,0.543808456345175,0.5758299977344302,-0.21797241669756512,-1.4865314933995288
-0.030568906206873525,-0.9868912168885327,0.38233230545735664,-1.7206195571904714,0.46411761211594915,-0.17575580005317956,0.34843294245530854,-1.2781592341193004,-0.32044187755302994
-0.030568906206873525,0.7708701219535277,-1.3439592885266685,0.5692761952277104,0.6194416212679247,0.9928151874871628,-0.06501165047750947,-1.5987346462519596,-1.0044367774496246
0.0015937507312602526,-0.8290122340218165,0.9086839277976058,-1.046319274249741,0.4590803417746003,-0.925330450910687,1.421997336052688,-2.265374778046274,-0.6257490840294463
0.36203774009477074,-0.17952058373565177,-1.4557435084654442,-1.1833688496472052,-0.1156260765646339,1.8476695558831182,0.8909883443144654,-0.05262772596131245,3.2312066263605974
0.2942463660634313,0.8565601100285803,-0.45584742763529396,0.9498121085291173,-0.019215885440184117,0.5489580416753838,-0.12874861969351817,0.5330879788198253,-0.5870084830166431
0.7226157780056266,0.4246124635611015,0.40479792223731753,0.7970716564878338,1.4205915027378913,-1.3103982760667305,-0.846259877886763,1.2117607193389803,0.20913768281760103
-0.6740458378020139,0.3293232401395468,-1.204427365280738,1.1082424647225404,-0.4551739018322508,1.2832725131200347,-0.7883719282209931,-1.127524889416582,0.5038216043132435
-0.3041582114340586,1.2810917334657321,-1.0343140615912514,0.1444720043745538,-0.06811751456501541,0.2943166666423114,1.6287337326964382,0.44561208925927803,0.49611870694241844
-1.5136657279556547,-1.554647557236103,-0.7972668536474519,1.6969712901608216,1.6256973180384677,0.38765379501854397,-1.1608703721721059,-0.8785897140968388,0.9271680856210217
-0.10104495275056888,-1.215992256014797,1.5876907473043107,0.1063055862817226,1.4045311584312459,-0.3616520804228131,1.087859904079098,0.3845047425943319,0.35318234781976954
0.2661185535976464,-0.5910605625457346,-0.7023497999887304,-0.14885593645845727,-1.5639269918663647,-0.324949565733766,-0.9062778216120002,-0.5020344989209109,-0.3406957778653398
0.2580190040687463,-0.04572607948644639,1.2885211289650969,0.27206689092494113,-0.019215885440184117,1.3129037762009093,0.9288181134487541,-1.7601271413460833,-0.5499036108943766
-0.030568906206873525,-1.8951504079700812,0.9503710366990646,-1.453486618908997,-2.7459624598773975,-0.44601039999599884,1.4340179735333143,0.02541508728800678,-0.17033456814574396
4.396848065586812,-0.2731728245359381,-0.9604629891896365,-0.22534498339244044,-0.019215885440184117,-0.20575467538801007,0.2639417583763804,0.5245760470074073,-0.5698481089740778
1.115874077705742,0.7127494387901533,1.0039522002198358,0.09531644574154327,0.19732045879287854,0.6664853337082776,-1.5538951821585727,-1.012256225256243,-1.3920360197941313
-1.5507071957563654,-0.4826000534358909,-0.9512351303497574,1.163867026009625,-0.32314448881724644,1.9706215028072556,-0.5677815073277507,-0.26191171198260793,0.5701861957968002
-0.030568906206873525,0.5249980903433087,0.7282905681112687,-2.1791334490748198,-0.019215885440184117,0.690513406438403,0.4457550513300024,0.8008069367859876,0.4338758506761946
1.3796095313259475,0.18368409912106856,0.31857983441732024,-0.9634383824287248,0.026156015465541187,0.4843161375950202,-0.4051684903600112,-1.2176325255583134,0.6643959422076136
-1.1977942309519634,0.23539368742801434,0.057399258908681,0.5861454838849928,-0.5173231337979685,-0.35583111492340663,-0.0906117944533156,1.0760785570635256,-1.3433216624945021
-0.030568906206873525,0.2497042455897407,-1.029135985045353,-1.2791161988467252,-0.2503070102710421,-0.3125797637255589,0.7189919319480486,-0.0834336054376045,0.10915192958076722
0.58573632156196,0.016215587214005293,-1.2702184870508866,0.24982720646572432,1.4082941852326922,-0.2693625535284946,0.5960479677586334,0.5349035883702447,-1.2607538579906976
0.3509372849318495,0.3246755067352527,-0.9592950390633729,-0.5777040408505878,-0.153471561610567,0.30310628441347237,0.16320014326649795,1.3839753650002158,-0.7310873472591626
0.3654617833855105,0.548045443150737,0.90541576325446,-0.37995069784660884,-0.9776049305776281,0.8282595556305349,-0.292030389369818,0.24592254264707133,-0.22203478149214698
-0.21719119839482823,-0.1341712239467956,-0.3194769866431672,-1.7210678643804431,0.3104999806668768,0.36623719902034113,-0.30346805470258714,0.02541508728800678,1.1942011355599718
-1.3191001630656285,-2.5903449358341164,-1.2101968118007524,-0.797173418466346,1.5306964282851478,-1.3924190841511024,-0.39147071194000904,0.9495124191611225,0.6880289528350602
-0.753548272103028,-0.30808763634964054,0.14117931871634914,-0.06492435324820263,-0.019215885440184117,0.22616919886609035,0.6622322465617485,-0.09343436549078919,1.5267524890228192
-0.19359277847456988,-0.2677722702613206,-0.7521009478220179,0.23155468741090612,-0.4640669627329015,0.8742309697579862,1.6164477545918958,-0.6815539149126166,1.5243727820028936
-1.868562496038012,-1.2470004836680215,-0.9746777328970364,0.9303588808876442,-0.3307483410791976,-0.4991330785323096,-1.9609929400231572,0.7418136739951016,-1.743478810041505
0.20865453982241483,-0.15124231467882235,0.50966123470422,0.8191799348071659,-0.019215885440184117,0.9548207788970737,1.411723994954231,0.4106625236734365,-0.23380110988396818
0.48524536479527075,1.8735559968624806,-0.5126122041227731,0.7222920996573885,-2.2740141735151886,0.14563185775432747,-1.4307669268682233,-0.7553675567622056,-0.7491893707654598
0.8287194505190139,-0.39552922064378637,-0.1794430890707476,-0.004723699242081046,-0.3222225338376666,-1.6343084352003432,-0.23348151711712858,-0.24912391038504805,0.3402206859202368
-0.309633892319002,-0.3404654762891207,-0.6311058915824685,1.4738013647665837,-0.3567068959189881,0.3831552522737389,-0.5414948682112869,-1.59600146118731,-0.5474108303918115
0.45580363097278725,1.010341441679206,0.012216827440472913,0.3956177618456103,-0.36790898849366765,-0.3629270556526552,1.1924356331150046,-1.5893986353103244,0.4401519741997475
-0.8432291844483579,-1.1840789166065186,-0.6623096983032264,1.4645172082486662,-1.5520417043022239,1.51024385285669,-0.7288851605241126,-0.881275659881334,1.3787362824834748
-0.16245888922917873,-0.914573078404799,0.7279535917565515,-0.0004049915050157514,-0.4134650822760215,1.2884098099778152,2.183530194690932,0.7638833396045336,1.433724095903354
1.2537522076109786,2.5159328258602414,0.008609784003368552,0.6187173308846585,0.007838154163135517,-0.5194848272019,-1.659399284655546,0.02541508728800678,2.36869918219631
-0.2824203621495194,0.681831747756795,-0.6177719482684114,0.13048762687526197,-0.9363489233033785,-0.19285285810437006,0.8859269117954056,-1.5912006512926133,0.6772110542735504
0.026553856458300083,-1.0896906768335874,1.214834035620318,-1.2678816315415657,-1.1449825438891357,0.15324688124239427,-1.2938964670844597,-0.2839723021715614,1.7629321513599585
-1.5736274557846075,1.8365419929173277,2.982244338881401,-0.840058769519493,-0.019215885440184117,2.0081181093489278,0.6883727101611556,-1.3440662086429913,-0.10305759561931957
-0.030568906206873525,0.5422748695002566,-0.3267015305716399,0.3241960677300514,-0.019215885440184117,-0.08372311807830664,0.7745937286966441,0.5360292789928548,0.016790296206442054
0.4960085961802159,-0.09094330491521117,-0.5204427885086266,0.5910257356107933,-0.019215885440184117,-0.43824284508002903,1.7083176138477638,0.02541508728800678,-1.5067288467584914
-0.49398281009608,0.9411790403804912,-0.6523576915222546,0.2821015983826792,2.1395854238368917,-0.8944769072061894,-1.3055607344517022,1.0339436998605376,1.2323326592494406
-0.31573242304159344,-0.04719952722464095,-0.11063803615336451,-0.6129109687772212,-0.019215885440184117,-0.5534993874827275,-1.3921297048876011,-1.5720781817567617,0.8484133774634499
-0.263640777083617,0.11901157505406197,1.7291993574047386,-1.494319745820563,-1.4608317274360487,-0.6331904021282566,-0.5423292088259679,-0.5284801877893868,-1.3223226016993013
0.948394874767367,-0.41443496538386393,1.6583346811400559,-0.6077225551063139,-0.019215885440184117,-0.16814622647351507,-0.005272672816352262,-0.5970771554805632,-0.6228793872503089
-3.5626596319839288,1.1413368809931754,0.7765686628501707,0.38030175154309565,-0.019215885440184117,-0.21659390643555618,0.40629679805866636,-0.7513142139335391,1.332593649171881
2.3338889672211782,0.5318803748614447,-0.5824260771996197,-0.30779752861477305,-0.019215885440184117,-0.2063414523199145,0.7033519701747726,0.10012320952723477,-0.6007534260637589
0.485071403292452,-0.2638050617518889,-0.09067091618126662,2.1696836200517864,1.5633605742207564,0.43376044786689927,-0.8525399477481279,0.9344517557246033,0.09433319214665739
0.9305354846745589,-0.9981440682485331,-0.2631759858048078,-0.4272762672115186,0.024459903086790157,1.4717706271516269,1.203296167193208,-1.2978578136184518,1.595148772351288
0.1980854723534942,0.5508723985846424,0.4272739659474171,-1.6784465301555451,0.054782181098788116,0.5189614710490636,-0.5350757263408127,-0.21321104935097654,-1.8117092686940828
1.5386822205187072,1.039156824731596,-0.4149092951939796,-0.6269179144715321,-0.019215885440184117,-1.647543906306867,-0.41383797531691907,1.6268903289949772,0.8010884075035686
-0.2939404895768107,-0.1433898988456269,-0.7663212918151912,-0.9098043657325737,-0.019215885440184117,0.5329562838024676,0.35363406691368743,-0.6099189055205038,-0.184568485344446
-0.030568906206873525,1.3625908167326093,-1.1941475470653584,-1.0009194161733606,-1.8241872447980996,-1.2944577154553434,-1.7010239833683867,1.4256984814388824,-0.21963262675250572
0.05478545512104098,-0.4116121913092912,-1.7291579506150583,-2.072234168814561,-1.550422859745154,0.0014888685927424744,-1.357162819033374,1.5115705313510754,-0.11393536537154961
0.5575253780553282,-0.27029639467279476,1.178606190535608,-1.3256485906573292,-0.36537790949806187,-0.3430941655922164,1.6993304889651681,-1.2190199340002623,0.6080389129770698
-0.7024763408569735,-0.5846060384453383,0.7702034415085196,0.6617127709997384,-0.019215885440184117,-0.5097675227285247,0.3768878651948103,-2.25478636433029,-1.773810002410013
0.20100295599363552,-0.05064875193743399,0.7854928169227817,-1.277251572335732,0.44758116369135614,0.8293905611634982,-0.007601085190764666,0.6921065569424956,1.4786236028873556
-1.0008148467420084,0.6007035035808083,-0.8063234246290407,-0.07165742590178958,0.5918413672195093,-1.208762700354241,-1.3632633723538166,-1.5776377684334661,-0.9601557702429113
0.23486735192909441,0.24410336427082951,-0.37439633595355504,0.1989665358765108,-0.43021688674472947,-1.0994981962581396,0.5983203682655477,1.8009499261267683,-1.813665711037477
1.2116100783578165,-0.08512397084494983,0.2508489001151033,-0.5836788327275844,-0.019215885440184117,1.2206978568441846,-1.3263056627299985,0.9609168165219,0.9022515712480228
0.19736300685327107,1.2244583844598218,-0.3299356712384411,0.18016739539927817,0.722092200231971,-0.8754613675173525,1.1370385940309267,-0.49980949353203924,-0.6535946831776481
-0.5414742308680738,-0.19929152074002413,-1.1053782867084325,0.49680508699688636,-0.019215885440184117,-0.40350244064850077,-0.311473818911148,-0.45824029306532144,-0.7647468087416465
1.3287312595812415,-1.2336300032158987,0.34361029716462105,0.3272667886361282,2.2843657999377123,-1.0524100138686345,-0.20424304990428427,-0.23190184008098347,-0.4455905489392898
1.1412878410802232,-0.34020701465540193,1.0450285040788627,0.8933568442539971,-0.019215885440184117,-0.24490866162337405,1.2022369715942467,0.3885027607407695,-0.2114727702087697
0.12713141540395576,-0.5596777773966097,0.6371700448682459,-0.6707067196008406,-0.5349022115245067,-0.3372225337930986,-0.18429006151907132,1.3277139061074288,-0.0691567202523628
-0.22534278941313746,-0.923338688988088,0.06702396599922969,1.1126668484554951,-0.4457554669305651,1.2300235908553685,-0.4409881091997137,-0.672995888045973,-0.8475718206431626
-0.2319121588117989,-1.2269766012665884,1.0347294758049657,-0.3585384338654004,0.8117727703550598,-0.03246100732195268,-0.7947010523409542,0.2661250426002553,1.5902485843177119
-2.4861817590078563,-1.2812504108543983,-0.005522879299681958,-1.3450622549254143,-0.019215885440184117,0.1169099234242024,0.12640327181261363,-0.6125980954011454,2.5689417901240086
1.6437260238933382,-0.32613387440023534,-0.43383456674711784,0.25705753857393215,1.5180818546605612,-0.22816297982546246,-0.5688933453497964,-0.17763231053295594,0.249628663834788
1.6214124550710134,0.8849882649687959,-1.1033295886301606,-2.5861186353901817,1.4719882270439248,0.7139823928893559,-0.324139682565638,-0.2448455382970685,-1.4401544216869138
0.5822617998074793,0.3216533290056797,-0.2546372520013549,0.9307204290861993,-0.5914041313239643,-0.8534320050986614,2.1102991968898315,-0.15149985608778846,-0.4539027711401143
-1.0846355983842302,-0.3010955525971485,-0.5992909835843875,1.6832775639875996,-0.019215885440184117,-0.8893473757825905,-0.6124142067397864,0.02541508728800678,0.7484360677888889
-0.8562297325987932,0.7233687554248077,2.0690512486851342,-0.3030344319624306,-0.019215885440184117,0.8056816660466795,-0.5618754974334913,-1.078700041265152,-0.08406097271772707
-0.030568906206873525,-0.10880433289154666,-1.2288292657403568,-1.351816305659598,-0.24873670081177035,-1.1733780225392074,0.27058835501800194,0.8295377142962733,0.9296904879759986
1.097043296411608,-0.04220120235915917,0.31605773959471517,0.6976845488636361,-0.019215885440184117,-0.3653902788071641,-0.5740308178819095,-1.1223023629876245,0.6462213441768996
-1.9043126115187783,-0.23710996670524198,0.05051118338890192,-0.09924607792410418,-0.2376231531119584,-1.4979094357544902,0.6074533235960078,1.0404423319006455,0.5093410683946114
0.7459011800421885,0.1542336885993933,-0.003548477839176812,-1.172867292614846,-0.37289237226738825,0.45580411208998073,0.41108495134279627,-0.2855589907384392,0.1775711127780733
0.00015955327107522568,-0.3277540268474808,2.002987985380407,1.0569860112366936,-1.3123615640171638,-0.8894071188541574,-1.9694734567492687,-1.6806089857568323,-3.1807193256315864
-0.0038836661374427976,0.379987080425355,-0.5878675467400217,0.4660081175458357,-0.019215885440184117,1.1252088203928812,-1.6355747123666022,0.7759950963139274,1.1601758291562012
-0.9878324868824643,-0.1280996895141895,0.11059908369871231,0.40548150118006326,0.25586487045828027,0.13763909848134687,0.28130808694623005,-1.0090047387053886,0.11261567913802953
-0.06441183563717275,0.706851496015515,-0.6185025140290137,-0.419565434010819,0.1458565180535047,0.8030209903705896,0.4647294088258829,0.2809192930560667,-1.1432853900909767
0.1790192111361085,0.0615952072489213,-0.8963959499136225,-0.8305732329940946,-0.019215885440184117,0.6342105154452223,-0.9655432758032088,-0.32067149989014176,1.6845502575509739
-0.09672494933783886,-0.580503319088473,-1.057479707039782,0.1654376920208629,-0.019215885440184117,0.1446853222622577,-1.4941113922965379,1.0764106574426382,-0.3200400205005064
-0.030568906206873525,1.143972442549375,-0.08583505820256927,-0.26673378938802267,-0.019215885440184117,-1.1760805546929176,-1.3736506467829965,0.7196967721526236,-0.849692138516609
-1.7051989963599001,-1.9097978534695608,0.07219905347411379,0.6726217464630725,1.9203463778076937,-0.6884572519947718,-0.9138008445931272,0.18254648473018223,-1.1372600656001206
-0.46751867439204814,-1.1446583547653204,-0.07660146691023174,-1.136699093376887,-0.45579039047598113,-1.5158129722482372,0.7866430842127895,-0.2539208729588393,-0.9003457989306255
-0.030568906206873525,0.2916038998483555,-1.50944134098031,-0.49183992944327803,0.5454065664107461,2.1207667423071612,2.0771708081214606,-0.6479163269857064,0.19862190635324198
0.15521351025110192,2.395972062469351,-0.8320580356419849,0.6188201464776222,1.4020483555461993,-0.15209223858120605,0.7551410898222406,0.1755852933840327,-0.35588991990307917
-0.6670940311633836,1.2686857950848809,-0.16797822304341758,0.8389868664743172,-0.019215885440184117,-1.6905201391446307,1.5162105450563046,1.7080368699224318,-1.026659476377508
0.13092904309713196,0.9980028504368752,-0.6260601072050012,0.29607044789518683,-1.6973259885499958,1.1206656261575882,1.0941445913362489,0.05952738279302943,0.029221874939862932
0.4180300836257164,-0.3580752288866143,0.08962406032435545,-0.8851621865768445,-0.019215885440184117,0.14478453257435492,-1.6429455706302682,-0.07527607538839355,2.2217699217524762
-0.6399784571552427,1.2305048500605194,-1.5763772269737482,-0.5413385163907647,-0.019215885440184117,-0.14428851171517051,-0.45380874812528643,2.524845964029866,-0.9137168520948423
1.4143927110461014,-0.30178994284910426,-0.6954479512380081,0.6471379668706766,0.0011742264749105182,-0.026737662269323902,-0.6341449831960476,2.9418562822302396,0.7068171990577266
1.7357346830830322,-1.3379223961118785,0.20022233807538986,-0.11924096418106789,-0.017152029362094517,-0.13281846105913692,0.7273975205067036,1.509176979286892,1.2129153745034016
-1.8800426970933897,0.8885206253958842,0.602320925436755,-0.142738490532056,-0.2162906419751936,0.22767627271673943,0.8738696528219705,-1.4423850978877708,0.13393409219629146
-0.381150714990647,-0.4074233609587017,-0.8681251546911344,0.795987178333535,1.0853626974655375,0.8340970210573367,-0.7992469582868187,-0.47508894011474523,-0.8991317066299476
-0.12428257536990861,0.45475529451119956,0.4296097257595204,-0.2191188171344407,-0.019215885440184117,-0.5548307733787912,-0.10253459523026466,1.5424690872394962,1.3445397635418692
0.3577454927221458,0.4244553819780214,-1.4048575939859107,0.8712416441216422,1.0406505946523552,-1.2632427762576286,-0.7559237215148124,1.288555423980944,2.0255131419983377
-0.030568906206873525,1.0615207543434262,-1.0311587218406568,-0.0871488824272057,0.2947348136788156,-0.4374109706828125,-0.32024733581676196,0.9366718171332518,-0.8529789240070482
1.5465949428654011,0.335391851074403,0.19072888444005584,-0.3824132366996326,0.3518378066550821,-0.09046595169527737,-0.9970038266750478,0.02541508728800678,-0.7376613740934711
-1.0754961302476793,1.0354401341720487,-0.9117036211471929,1.5655698542044048,0.5055202990406046,0.17609592274649796,0.14200935452911992,0.02541508728800678,2.400743761488462
-0.07875509858366969,0.49779126689461844,0.9212971547362038,0.3495029525293476,-0.3455448800920694,-0.6157335862181682,-0.3474108624266285,0.3751631824769206,0.021347163022960615
-0.372815039855697,-1.0151112273787333,-1.558183771817848,-0.296963155836734,1.906391544068604,2.139140557583362,1.099354783347445,-0.7055344540504997,0.80177739200516
-0.4184105272323643,1.3712925595591472,2.5199255695692693,0.18999927012445483,-0.7659376406401971,1.4418273080459487,1.9709936810749116,1.4869464931114171,-0.23488916722751924
-2.480461959888491,-0.3425484778097615,0.09158901495769439,0.6470589789956612,-0.6776868531507833,-0.3650849167804677,-1.2857639245895915,-0.6469666228897328,1.8145855792040946
-0.6361305358046319,0.03126567840128687,2.028809880791298,1.7410541726591324,-1.258979061584533,-1.3404673602437491,-0.8147500141127353,3.410907064845827,0.8037790930145476
-0.9119555873920738,-0.20510982886185522,-0.6922042310880212,0.6215328960707116,-0.5717038696625061,-0.035822987752376086,0.1900667406569425,0.9631056788422682,-1.603719721328943
-0.08122013928232277,0.1591906105160049,-1.203341561694931,-1.7627408706499519,-0.019215885440184117,0.5026116640743353,-1.1475210701514529,1.4894597808977903,1.288190343657213
-0.9279913579381209,-0.3766770672402837,-0.28482225426440194,-1.1365199876257253,-1.20050218756777,0.9277073874494289,1.6296358626775542,0.1312053688080945,-0.6929657605082636
-0.6324236544049016,-0.8310394411566526,0.2286738507090721,0.1373419640960797,1.160151886339019,-0.6717996094223336,0.4343507712406331,-1.1312454790083564,1.1198987849404882
-0.030568906206873525,-0.0937256423818012,-0.38464683786473447,0.566284898389063,-0.019215885440184117,-0.662289058198682,-0.15879346688821236,-1.4196655903237945,-1.6626508685191341
1.4200496171730648,-0.3666211562455424,-0.017250331704073973,3.1964262245826394,-0.8071163133842073,-1.363335308520962,0.7605846191722806,-0.9569319556598543,1.8655423884601448
-0.10177917413562246,-0.19402852939029538,0.44437051330863014,-0.5359943875261127,-0.07561494130112068,0.665053747941777,-0.06773570907399773,0.2800123831688076,-0.35117785084698605
0.25803308090090654,0.6490450654555386,-0.27990885731415255,-1.5493298486708356,0.5149079245124413,0.8177416323256392,0.056906607817900044,-0.5678854134126248,-0.17012529160886222
-0.030568906206873525,-0.8038065489680627,-0.8377808049108395,0.4572111788561439,1.7037688696628048,0.7222664997026697,-0.14416485419594866,-0.9339065325627245,-0.23039102689148838
-0.556070350845276,0.31775820265538895,1.0876892314980235,-1.618776744813233,0.4406646198098588,1.7189453446454945,0.512998328562742,0.4342812444881252,0.0496478225906863
-0.43839711898553163,0.5578613176863085,-1.429959840355018,1.8020106049351876,-1.6645837029030093,0.9938340287808659,-0.40864522878259074,0.33334436606526313,1.219641847069065
-0.6305364889443389,1.244779466450197,0.01872101862824973,0.6092455783754906,-0.7598986738757493,0.7065833672345603,0.8503003157189692,-0.5101309497014058,0.0724882213763163
0.192152187100293,0.5858277439986058,0.727897293788333,-0.39865398559848464,-0.019215885440184117,-0.12736744826931032,0.6917047276022352,-0.6183433641979825,-0.051548360850072784
-0.2357663611428324,0.03192738518920207,0.632803972006681,-0.6762557753578786,-0.8234249999882118,-0.37355098204063114,1.553824363627593,-0.7379353916427959,-1.0199767282308365
-1.2086853198548084,1.0571985406013946,-1.7368835091553037,-0.6356173254646873,1.5190034354870947,0.4684969330814074,0.0784333575696442,0.7284400608196984,0.06503284540304667
-0.4758278344964428,2.1296789270841976,-0.07274495272160432,-1.414726877890185,0.6478554872185129,-0.8616309908757214,3.8635476563688393,-0.39428095380822054,0.7155111111961724
-1.3594298022349998,-0.14568076657236326,-0.4736996560559216,1.2479462816240985,-0.6619574317528404,-0.1823491445192563,-0.596380194026299,1.4392045324155245,1.3875996445061303
0.9816834431389521,0.3558579522509401,-0.6213139905756502,-0.24178071196219214,1.069140085390864,-1.007573349918562,-0.6888977687406654,0.924144103119423,-0.7889047742850794
-0.030568906206873525,1.8977512231894198,0.4122038694301065,-1.3723028870448306,0.20066277705285326,-0.02618159386158029,1.4323521988433379,0.07828703565241849,-0.3612388528333669
0.34889738632796985,-0.595743276883757,-0.7964710959017822,-0.672467710029228,0.4270279193903766,-0.8974778893749504,0.8766065630170069,-1.522846159596374,-0.8105118246156006
0.1829746175676959,0.8195800459079589,-1.1838894012232375,1.1089999978938214,-0.019215885440184117,0.8185336324854846,1.174977283126537,0.4781583942070969,1.1626509084545247
-2.144502744799871,-0.14877744981697766,-0.5206301167969551,0.3602787166060116,-0.7532637441352268,-0.2697477068504049,-1.4242220173549285,-1.3097358246743862,1.3933127371904752
0.05718894594765895,0.22250815280106218,1.4086992689534998,1.4357690604653004,-0.37292555856064624,-0.1524600347279646,0.5911262557012601,1.5209951062708842,-0.7939831797809719
-0.29553833989339695,-0.8044718806141908,0.17629194672845672,-0.03114435388476529,-0.019215885440184117,1.0558609815072033,1.8179842492111231,0.8065082014006013,0.25234143167282996
-0.31435153273923044,1.1381894032969955,-0.2613716239568615,-1.5105951458831088,2.726711746631515,-0.32431230850398124,-0.7605107709389889,0.4450026912145431,0.5946129839182293
